tree
version=v4
num_class=1
num_tree_per_iteration=1
label_index=0
max_feature_idx=13
objective=lambdarank
feature_names=price_sens qual_pref brand_loyalty cond_aff price_norm price_median_ratio brand_match cond_norm seller_rating_norm seller_feedback_norm product_rating_norm product_review_norm description_len_norm free_ship
feature_infos=[0.050000000000000003:0.90000000000000002] [0.29999999999999999:1] [0.050000000000000003:0.90000000000000002] [0:1] [0.00020000000000000001:1] [0.0089999999999999993:107.0234] [0:1] [0:1] [0:1] [0:1] [0:1] [0:0.43509999999999999] [0:1] [0:1]
tree_sizes=3419 3414 3421 3415 3415 3420 3431 3430 3403 3422 3418 3438 3431 3429 3421 3423 3425 3440 3426 3401 3399 3436 3437 3446 3436 3405 3440 3408 3414 3432 3418 3419 3406 3437 3409 3422 3417 3417 3429 3454 3445 3450 3437 3445 3451 3431 3419 3466 3422 3419 3421 3454 3421 3431 3405 3421 3422 3424 3445 3420 3459 3425 3439 3452 3424 3466 3456 3443 3438 3474 3444 3417 3450 3459 3441 3436 3417 3447 3471 3459 3414 3435 3445 3482 3463 3434 3455 3444 3464 3454 3457 3450 3450 3450 3433 3442 3426 3459 3410 3441

Tree=0
num_leaves=31
num_cat=0
split_feature=7 5 0 0 5 4 0 5 5 5 5 1 9 0 8 0 12 4 4 12 5 9 8 6 5 5 9 0 9 5
split_gain=76.3625 44.8402 190.519 101.736 43.8506 28.2352 22.2555 78.6684 46.3019 19.1502 15.3308 11.5504 11.0295 10.1675 8.94129 7.91037 7.314 6.983 6.92305 5.80935 7.48947 6.89803 5.27132 6.15885 5.16588 4.87852 7.60854 5.92763 4.78485 4.59708
threshold=0.75000000000000011 1.0106500000000003 0.77500000000000002 0.77500000000000002 0.68780000000000008 0.082000000000000003 0.77500000000000002 0.94280000000000019 0.99620000000000009 0.86935000000000007 3.5948000000000007 0.45000000000000007 0.77825000000000011 0.25000000000000006 0.98450000000000004 0.35000000000000003 0.74170000000000014 0.038950000000000005 0.0074500000000000009 0.74170000000000014 1.2818000000000003 0.82245000000000013 0.99550000000000016 0.75000000000000011 0.39900000000000008 1.4605000000000004 0.45165000000000005 0.12500000000000003 0.97615000000000018 3.1687000000000007
decision_type=2 2 2 2 2 2 2 2 2 2 2 2 2 2 2 2 2 2 2 2 2 2 2 2 2 2 2 2 2 2
left_child=5 3 17 4 15 6 8 -8 12 -5 16 -12 -1 -6 -14 -2 -7 25 -15 20 -10 -21 23 -20 -17 26 -3 -27 -16 -22
right_child=1 2 -4 9 13 10 7 -9 19 -11 11 -13 14 18 28 24 -18 -19 22 21 29 -23 -24 -25 -26 27 -28 -29 -30 -31
leaf_value=-0.1381587509990013 -0.14135984376417521 -0.032917993905442776 -0.15606893948388531 0.14150323724046185 -0.065020221530969396 -0.068890324789518773 0.097260662778395873 -0.16229797297752138 -0.052241067826748255 -0.0064695561838550384 -0.082073275899572418 0.13766397116954737 0.1026229332244971 -0.023396604541705505 -0.12218582540709765 -0.12954877381546923 0.020306923952362204 0.11292221749316367 -0.027029387296181186 -0.088879211330297803 0.051722738729293151 -0.0011289418539655518 0.070016914311262959 0.11199948864514586 -0.049022167445061521 0.17056767124983274 0.069872031139422294 0.082840803895824502 -0.014647829330177269 -0.034745004051950537
leaf_weight=74.568776823580265 33.808723604306579 8.3427736200392228 36.600434478372335 42.911520408466458 20.128072446212173 14.284484056755899 32.097519557923079 18.354075156152248 16.276306485757232 10.984871275722979 2.868201810866597 14.412992425262926 3.0387004334479597 28.444344056770205 11.337014365941288 11.633310483768581 25.790635784622282 86.843720935285091 15.790775278583171 19.895776180550456 25.107207113876939 16.295717928558588 25.157250670716166 3.991799894720315 25.274138547480106 9.0293744057416898 52.622568927705288 52.402580363675952 6.5154283102601758 8.1426260098814947
leaf_count=1507 650 190 785 537 482 302 465 408 382 282 39 139 48 622 256 221 456 1086 353 359 398 293 414 43 478 92 944 671 112 127
internal_value=1.13682e-09 0.0251334 0.0544164 -0.00787051 -0.0469943 -0.0403517 -0.055906 0.00283434 -0.0722631 0.111344 0.0224633 0.101194 -0.120167 -0.00205893 -0.0559481 -0.106415 -0.0114868 0.0912345 0.0152103 -0.0189146 0.00333978 -0.0493684 0.0396463 0.00102436 -0.0744043 0.0758465 0.0558058 0.095735 -0.0829388 0.0305475
internal_weight=752.952 463.966 245.841 218.125 164.228 288.985 231.629 50.4516 181.178 53.8964 57.3563 17.2812 95.4599 93.5122 20.8911 70.7162 40.0751 209.241 73.3842 85.7176 49.5261 36.1915 44.9398 19.7826 36.9074 122.397 60.9653 61.432 17.8524 33.2498
internal_count=13141 7850 3768 4082 3263 5291 4355 873 3482 819 936 178 1923 1914 416 1349 758 2983 1432 1559 907 652 810 396 699 1897 1134 763 368 525
is_linear=0
shrinkage=0.1


Tree=1
num_leaves=31
num_cat=0
split_feature=7 5 10 5 0 0 5 5 5 4 5 9 12 12 4 3 9 1 4 4 12 12 12 5 9 9 12 6 9 9
split_gain=33.1604 34.0874 20.7181 17.3771 36.2435 32.648 57.8345 29.9764 16.0797 14.1887 14.1712 14.0844 11.4607 11.4426 10.9748 19.5617 12.3412 13.1336 10.4116 26.6358 9.60003 21.4459 11.8252 17.0246 10.4529 14.6681 8.80556 8.54455 8.34977 7.90197
threshold=0.75000000000000011 12.860850000000001 0.82200000000000017 1.0161000000000002 0.77500000000000002 0.77500000000000002 0.51840000000000008 0.68780000000000008 1.0146500000000003 0.097150000000000014 1.2249500000000002 0.082800000000000026 0.016100000000000003 0.010400000000000001 0.35795000000000005 0.75000000000000011 0.86760000000000015 0.87500000000000011 0.49930000000000008 0.12820000000000001 0.22120000000000004 0.37130000000000002 0.64050000000000018 2.2767000000000004 0.35680000000000006 0.4401000000000001 0.17100000000000001 1.0000000180025095e-35 0.65870000000000017 0.61725000000000008
decision_type=2 2 2 2 2 2 2 2 2 2 2 2 2 2 2 2 2 2 2 2 2 2 2 2 2 2 2 2 2 2
left_child=1 9 3 5 11 7 -7 -2 27 -1 -6 12 -5 -4 -11 -16 17 -17 19 20 26 28 23 29 -24 -26 -13 -9 -22 -23
right_child=2 -3 13 4 10 6 -8 8 -10 14 -12 18 -14 -15 15 16 -18 -19 -20 -21 21 22 24 -25 25 -27 -28 -29 -30 -31
leaf_value=-0.031117590503010346 -0.084280114339601642 0.081776088799271368 -0.076469970570430118 -0.13355058622208416 0.0073382011929629372 0.095941421151918241 -0.019260341417331614 -0.1282371040311959 -0.18079799830454799 0.026675684871069666 -0.11333538807048471 0.044018103280366143 -0.0049655657135461179 0.078458641109678012 -0.10690398319887034 0.063866019228991003 0.12264460816354901 -0.13715268658374194 0.094148735505358752 -0.06193619519285995 -0.091649332609423512 0.047665557148247772 0.080914810387536729 -0.043436563829413077 -0.073297359288978611 0.019095803962130828 0.14595846942655538 -0.00209939988620811 0.0059482127721561763 0.11407191977195315
leaf_weight=495.49409259762615 75.311357810162008 32.381740979850292 5.199672393500804 9.60592098161578 14.699139425531028 69.481489583849907 116.89140389766544 5.5260135531425467 5.3858125805854788 86.020774859935045 28.795702124945819 126.8211670788005 24.896959844976664 57.3157107103616 20.086592750623822 6.8581854393705743 8.6526773497462255 6.178074985742569 20.945161230862141 35.304861973971128 22.0512979850173 37.313563641160727 25.089730940759182 13.346693605184553 18.201454725116491 307.03695109859109 9.0802246034145337 190.59613278601319 14.549768790602682 34.475076869130135
leaf_count=4421 1310 107 21 35 250 177 627 14 26 532 478 487 77 312 126 31 30 44 70 124 90 157 122 40 80 1273 25 1872 67 116
internal_value=1.20572e-10 -0.0182581 0.0094417 0.00653061 0.0160156 -0.00866808 0.0236879 -0.0304523 -0.0103347 -0.0234552 -0.0725536 0.021529 -0.0407648 0.0655726 0.00625367 -0.0357977 0.0300554 -0.0313997 0.0247649 0.0225057 0.0274093 0.020667 0.0268464 0.0602743 0.0187228 0.0139252 0.0508292 -0.0056535 -0.0528521 0.0795559
internal_weight=1923.59 655.672 1267.92 1205.41 742.214 463.192 186.373 276.819 201.508 623.29 43.4948 698.719 34.5029 62.5154 127.796 41.7755 21.6889 13.0363 664.216 643.271 607.966 472.065 435.463 85.1353 350.328 325.238 135.901 196.122 36.6011 71.7886
internal_count=13141 5291 7850 7517 3491 4026 804 3222 1912 5184 728 2763 112 333 763 231 105 75 2651 2581 2457 1945 1788 313 1475 1353 512 1886 157 273
is_linear=0
shrinkage=0.1


Tree=2
num_leaves=31
num_cat=0
split_feature=5 0 0 5 5 5 7 4 0 9 12 5 9 0 5 12 8 7 4 6 12 12 12 5 5 5 5 5 5 5
split_gain=38.2446 91.4162 74.5789 63.0278 49.7765 18.1491 14.8842 15.1336 11.5458 10.9625 10.8489 9.28014 8.98767 8.94562 8.47566 7.64493 7.5994 7.07358 13.7229 7.50575 10.1692 6.89901 6.77093 6.76564 6.9855 6.65035 6.35382 6.31837 7.02098 7.33611
threshold=1.0001500000000003 0.77500000000000002 0.77500000000000002 0.78725000000000012 0.72330000000000017 0.51045000000000018 0.75000000000000011 0.057200000000000008 0.35000000000000003 0.50260000000000005 0.0050000000000000001 2.0817500000000004 0.13840000000000002 0.25000000000000006 1.1776000000000002 0.012300000000000002 0.98950000000000016 1.0000000180025095e-35 0.027200000000000005 0.75000000000000011 0.10060000000000001 0.0050000000000000001 0.57940000000000014 0.061350000000000009 0.68780000000000008 1.3946500000000002 0.95690000000000019 2.8998000000000004 2.7670000000000008 2.4931500000000004
decision_type=2 2 2 2 2 2 2 2 2 2 2 2 2 2 2 2 2 2 2 2 2 2 2 2 2 2 2 2 2 2
left_child=2 6 3 5 16 -1 7 15 -7 10 -9 -11 13 -8 -15 -2 -4 18 -6 -20 -21 -14 -12 -18 -25 -3 -19 28 29 -17
right_child=1 25 4 -5 17 8 12 9 -10 11 22 -13 21 14 -16 27 23 26 19 20 -22 -23 -24 24 -26 -27 -28 -29 -30 -31
leaf_value=-0.11134366802438483 0.13654791094860552 -0.062620839597691491 0.026322748271774832 -0.0045991161474331892 -0.12060272436716957 -0.08394038434424772 0.066126273474414798 0.16980726493897633 -0.027111640452634669 0.0235171050705816 -0.0071916070943728282 0.092206142417687903 0.15335505526768786 0.062733407566136282 -0.077367919246927278 -0.012388335238859136 -0.043653221309900771 0.010738358825098323 -0.062265096131946307 -0.072947246434108104 0.109306764243329 0.034004849535715385 -0.11469671537445619 0.081153325790249656 -0.017786601375421304 -0.12342171729836103 -0.062928184480390711 -0.074869221647878723 0.093657392449921759 -0.12431160347890127
leaf_weight=94.538573611527681 3.1553465053439131 34.42017534840852 60.02982134744525 238.79992456361651 20.421722028404474 69.910206388682127 9.4624349586665613 2.9359812736511222 73.167425340041518 50.191591125912964 27.124543825164437 32.343511771410704 4.8871173672378054 5.4851954579353359 20.293682429939508 117.39897500164807 5.039547234773635 47.321170026436448 14.432924916036427 4.8472592048347005 8.3099542669951898 540.07966894563287 7.4725204221904269 109.17764407396317 7.6350280717015258 37.686734088696539 15.557614626362918 18.835669687017798 5.9035533852875224 6.1637948285788289
leaf_count=1260 20 661 205 2316 124 905 61 7 927 324 238 132 21 49 110 939 13 297 78 27 45 2846 31 409 39 654 151 176 24 52
internal_value=-3.59365e-11 0.0137142 -0.0164716 -0.0408813 0.0232494 -0.0773443 0.0228669 0.00354289 -0.0548791 0.0300583 -0.0147494 0.0504347 0.0319102 -0.0170328 -0.0475573 -0.0174772 0.0554452 -0.029558 -0.0584614 -0.0124656 0.0421624 0.0350752 -0.0304113 0.0697922 0.0746865 -0.0943985 -0.00748839 -0.0207543 -0.0128813 -0.0179715
internal_weight=1693.03 923.84 769.189 476.416 292.773 237.616 851.734 271.525 143.078 120.068 37.533 82.5351 580.208 35.2413 25.7789 151.457 181.882 110.891 48.0119 27.5901 13.1572 544.967 34.5971 121.852 116.813 72.1069 62.8788 148.302 129.466 123.563
internal_count=13141 6345 6796 5408 1388 3092 5030 1943 1832 732 276 456 3087 220 159 1211 666 722 274 150 72 2867 269 461 448 1315 448 1191 1015 991
is_linear=0
shrinkage=0.1


Tree=3
num_leaves=31
num_cat=0
split_feature=7 5 0 0 4 5 5 5 0 5 5 12 13 8 0 11 12 5 5 8 12 4 5 5 4 4 0 9 8 9
split_gain=28.5176 14.2392 52.5238 28.78 14.0136 12.5454 9.86928 9.52214 8.96681 28.8065 27.2785 7.37875 7.87052 6.66171 6.57253 5.73867 5.87204 8.7043 5.96957 7.61872 6.11195 6.04281 9.11703 12.4794 5.79163 5.63472 5.58727 5.49283 5.45912 5.44025
threshold=0.75000000000000011 1.0087000000000004 0.77500000000000002 0.77500000000000002 0.08660000000000001 0.78725000000000012 3.5948000000000007 0.59075000000000011 0.77500000000000002 0.85815000000000008 1.0671500000000003 0.74170000000000014 1.0000000180025095e-35 0.91300000000000014 0.35000000000000003 0.097300000000000011 0.64550000000000007 1.0277500000000004 3.5948000000000007 0.97950000000000015 0.99310000000000009 0.0092500000000000013 1.0933500000000003 1.20035 0.0054500000000000009 0.018900000000000004 0.35000000000000003 0.73710000000000009 0.98850000000000005 0.99890000000000012
decision_type=2 2 2 2 2 2 2 2 2 2 2 2 2 2 2 2 2 2 2 2 2 2 2 2 2 2 2 2 2 2
left_child=4 3 15 5 8 26 11 -5 9 -1 -10 -6 29 -9 -8 16 28 -18 20 -20 27 22 -22 -24 -25 -11 -2 -19 -3 -13
right_child=1 2 -4 7 6 -7 14 13 10 25 -12 12 -14 -15 -16 -17 17 18 19 -21 21 -23 23 24 -26 -27 -28 -29 -30 -31
leaf_value=-0.082209133277109908 -0.084970330433872795 0.0075504450143464314 -0.091303994898235707 0.060897825623262847 -0.061504142963635912 -0.0088375784093139616 0.10313936848504542 0.11916661927970081 0.019234857450933798 0.001650225031159751 -0.116842449982677 0.056866467350525342 -0.027815266231871978 -0.0014106335924317427 0.018790159018464966 0.073778363561735519 -0.085821279198937242 0.0061245816752770535 -0.15231688058274287 -0.0035701172984716895 -0.12316867514475656 0.037783521777252485 0.11539567840156095 0.050225109795269819 -0.039449182363831818 -0.03010405166527538 -0.033759652497603591 -0.082529129562042336 0.044087683952312044 -0.047346330905859275
leaf_weight=92.541103821247816 39.62753863632679 51.704680677503347 40.057456530630589 60.054512366652489 19.47165419626981 139.67154309805483 15.778920866549013 4.9205962941050521 93.505912993103266 100.6278078686446 17.486534506082535 30.724481210112572 32.281733465380967 66.586759435012937 22.284239994361997 25.184529334306717 8.2113904943689686 35.478472843766212 4.1498536542058018 20.227103397250175 5.4796239286661139 180.77277102693915 9.4738250635564309 10.078488659113644 25.236402560025454 125.668935963884 46.077233116142452 8.7032191380858404 195.56789518333972 5.985103838145732
leaf_count=1441 843 368 794 246 302 1504 66 24 567 787 308 170 253 540 112 115 74 213 14 109 36 892 63 71 124 1259 884 59 877 26
internal_value=2.67033e-12 0.0102889 0.0194453 -0.00562407 -0.0180728 -0.0273191 0.0111792 0.0315413 -0.0266836 -0.0352054 -0.00220372 -0.00714075 0.00820241 0.00688658 0.0537568 0.0270906 0.0249723 0.0157538 0.0185378 -0.0288923 0.0227387 0.0292554 -0.00141325 0.0134828 -0.0138571 -0.0159838 -0.0574381 -0.011339 0.0364477 0.0398757
internal_weight=1533.62 977.264 620.326 356.938 556.356 225.376 126.526 131.562 429.83 318.838 110.992 88.463 68.9913 71.5074 38.0632 580.268 555.084 307.811 299.6 24.377 275.223 231.041 50.2683 44.7887 35.3149 226.297 85.7048 44.1817 247.273 36.7096
internal_count=13141 7850 3809 4041 5291 3231 929 810 4362 3487 875 751 449 564 178 3015 2900 1655 1581 123 1458 1186 294 258 195 2046 1727 272 1245 196
is_linear=0
shrinkage=0.1


Tree=4
num_leaves=31
num_cat=0
split_feature=7 5 0 0 4 5 5 12 5 5 5 0 4 8 9 5 5 0 0 9 4 9 12 5 4 5 9 12 0 9
split_gain=25.1817 13.7631 39.3791 21.9433 10.1178 9.7524 8.35867 4.92648 4.92166 4.07212 5.32471 4.05609 3.81412 4.58327 3.6623 7.79367 6.36211 24.2764 11.2627 8.21628 10.4401 6.28628 5.69623 5.24628 5.52233 4.94779 4.9041 4.87233 5.82316 4.46404
threshold=0.75000000000000011 1.0034500000000002 0.77500000000000002 0.77500000000000002 0.18990000000000004 0.66690000000000016 0.92360000000000009 0.027800000000000002 0.061350000000000009 6.5801000000000007 1.2359000000000002 0.45000000000000007 0.023050000000000005 0.94350000000000012 0.80150000000000021 1.4889500000000002 1.0822000000000003 0.77500000000000002 0.77500000000000002 0.52720000000000011 0.057900000000000007 0.56330000000000013 0.027800000000000002 0.47675000000000006 0.015300000000000003 0.89365000000000017 0.71490000000000009 0.27850000000000003 0.45000000000000007 0.50400000000000011
decision_type=2 2 2 2 2 2 2 2 2 2 2 2 2 2 2 2 2 2 2 2 2 2 2 2 2 2 2 2 2 2
left_child=4 3 -3 5 8 -2 12 -6 -1 10 -9 -11 -5 -14 16 -16 17 25 19 27 22 -22 -21 24 -19 -10 -24 29 -29 -18
right_child=1 2 -4 6 7 -7 -8 9 14 11 -12 -13 13 -15 15 -17 18 23 -20 20 21 -23 26 -25 -26 -27 -28 28 -30 -31
leaf_value=-0.1262857854199709 -0.060238208950331197 0.02687424838756744 -0.077234276754957087 0.046937476733003247 -0.088874220453060232 -0.012153856991361131 -0.036868794241141443 0.030668819378894548 -0.082850693523311134 0.12247873567104271 -0.044773586811574111 0.019871640631049427 0.10157143778879943 -0.032429954095704885 0.0099814063263545024 -0.050544441495268211 0.03044432889585931 0.057019749919910795 -0.097985562372445309 0.085520359118672271 -0.046910771118365474 0.072301610629212684 -0.070552587786706991 -0.015228126115880604 -0.062009178334573235 -0.042018676409690349 0.033333878039348584 -0.063538110296987985 0.046616431816457971 0.13167806871807908
leaf_weight=4.536912264302372 57.109085007570684 526.44530375953764 39.025629593990743 88.649606958031654 4.0136890057474366 161.34998936392367 16.959776986390352 36.206367511302233 71.612215484492481 7.5510434657335264 12.61510651744902 7.8657528944313526 3.1806217208504703 12.923711724579332 81.761607216671109 28.757260100916028 40.352530119940639 25.363348854705695 13.543122621253131 2.88644322939217 6.4989827051758793 13.8498866148293 41.683795008808374 45.201063542626798 4.6055459417402735 50.677027864381671 5.0999905709177247 11.635338811203839 8.1679185535758716 4.8829965684562913
leaf_count=60 1250 3083 812 495 46 1913 186 292 1247 29 142 33 15 96 774 216 407 96 269 24 49 96 316 345 25 587 54 94 62 28
internal_value=-2.05749e-10 0.0101278 0.0196893 -0.00576626 -0.0173267 -0.024724 0.0282601 0.0186078 -0.0226455 0.0253234 0.0111751 0.0701279 0.0388046 -0.00596455 -0.0216156 -0.00576756 -0.0266769 -0.0384394 -0.0110472 -0.00232929 -0.0261007 0.0342278 -0.0508161 0.00628307 0.0387277 -0.0659298 -0.0592277 0.0232624 -0.0181045 0.0413721
internal_weight=1435.01 905.644 565.471 340.173 529.368 218.459 121.714 68.252 461.116 64.2383 48.8215 15.4168 104.754 16.1043 456.579 110.519 346.06 197.459 148.601 135.058 70.0191 20.3489 49.6702 75.17 29.9689 122.289 46.7838 65.0388 19.8033 45.2355
internal_count=13141 7850 3895 3955 5291 3163 792 542 4749 496 434 62 606 111 4689 990 3699 2300 1399 1130 539 145 394 466 121 1834 370 591 156 435
is_linear=0
shrinkage=0.1


Tree=5
num_leaves=31
num_cat=0
split_feature=7 5 0 0 4 5 0 5 5 5 4 5 0 5 8 4 4 8 9 5 5 5 9 0 9 9 8 5 5 9
split_gain=19.5801 9.87355 30.4604 15.8186 9.75434 7.19289 6.02417 18.9105 13.8342 4.85642 4.58579 4.38271 5.2134 4.53859 4.34918 4.02786 5.01468 8.39027 3.95954 3.94121 3.754 4.90568 3.74223 3.73615 3.59737 6.68674 6.00413 5.81484 11.2774 5.30404
threshold=0.75000000000000011 1.0087000000000004 0.77500000000000002 0.77500000000000002 0.08660000000000001 0.66690000000000016 0.77500000000000002 0.85815000000000008 0.8992500000000001 0.72330000000000017 0.018900000000000004 2.8998000000000004 0.45000000000000007 1.7565000000000002 0.95950000000000013 0.049900000000000007 0.05970000000000001 0.99350000000000016 1.0000000180025095e-35 0.42060000000000003 4.9350000000000014 2.2272500000000002 0.50995000000000013 0.87500000000000011 0.85480000000000012 0.52945000000000009 0.99250000000000005 2.5702500000000001 2.4931500000000004 0.25910000000000005
decision_type=2 2 2 2 2 2 2 2 2 2 2 2 2 2 2 2 2 2 2 2 2 2 2 2 2 2 2 2 2 2
left_child=4 3 24 5 6 -2 7 19 14 -5 -9 13 -13 -6 23 20 17 -17 -10 -1 21 -12 -14 -8 25 26 -3 28 -27 -28
right_child=1 2 -4 9 11 -7 8 10 18 -11 15 12 22 -15 -16 16 -18 -19 -20 -21 -22 -23 -24 -25 -26 27 29 -29 -30 -31
leaf_value=-0.10529076880406762 -0.053503490314101558 0.0030996554402042552 -0.070585041435846832 0.040644147795802464 0.0037273458970640641 -0.010786775395808041 -0.10947027642431797 0.0018246719168375067 0.064462006871163366 -0.00097708062546207988 -0.03545559500852901 0.079695875988781611 -0.058152805900090365 -0.094013780654804369 0.031404734621027101 -0.10761494613530698 -0.02781382696029934 0.080897381069459928 -0.0780343360043671 -0.057331424263063757 0.062121084676557553 -0.10458424037512291 0.039335551148586508 0.023090697282722575 0.038630689765542785 0.0084602684245501641 0.006112805918645256 -0.040871185455420428 0.15553057454394939 0.053844558270560838
leaf_weight=25.521142106503248 52.747579481452703 50.500925906002522 37.247719242237508 71.333697121590376 66.257299907505512 156.00283288955688 4.375605855137108 89.609839346259832 2.1346235070377615 46.184613911435008 52.463632341474295 16.872878659516573 6.5371017716825035 5.1177440844476214 59.040617016144097 2.9592211656272402 32.165316814556718 11.679198885336517 22.547281380742788 52.145784386433661 3.1899055801331988 12.762879703193901 9.9017142076045257 4.1357354484498501 114.96585982106626 195.42120895348489 29.761035788804293 22.834494106471539 5.3567975759506217 106.91261694580317
leaf_count=420 1250 405 794 365 643 1981 23 787 22 445 612 100 56 75 375 25 325 102 429 1021 36 159 55 26 631 1133 179 150 20 497
internal_value=-3.40223e-10 0.00878206 0.0168035 -0.00505956 -0.0162898 -0.0215805 -0.023829 -0.0310739 -0.00163939 0.024287 -0.015142 0.0106973 0.0406475 -0.0032809 0.0217707 -0.0283374 -0.00573203 0.0427888 -0.0657105 -0.0730907 -0.0438018 -0.048982 0.000568081 -0.0450577 0.0229947 0.0186187 0.0325638 0.00694589 0.0123841 0.0434508
internal_weight=1368.69 889.269 563.001 326.269 479.418 208.75 374.731 282.497 92.2339 117.518 204.83 104.687 33.3117 71.375 67.552 115.22 46.8037 14.6384 24.6819 77.6669 68.4164 65.2265 16.4388 8.51134 525.753 410.787 187.175 223.613 200.778 136.674
internal_count=13141 7850 3809 4041 5291 3231 4362 3487 875 810 2046 929 211 718 424 1259 452 127 451 1441 807 771 111 49 3015 2384 1081 1303 1153 676
is_linear=0
shrinkage=0.1


Tree=6
num_leaves=31
num_cat=0
split_feature=7 5 0 0 5 4 12 10 5 0 5 5 8 9 9 5 12 4 4 5 9 12 5 8 4 5 5 12 9 13
split_gain=17.6449 9.32882 25.0233 12.6397 6.39944 6.35011 4.27963 7.31485 4.20517 4.15775 21.7228 15.2946 3.74996 6.03625 8.12524 3.69973 3.61305 3.49263 3.21784 3.1448 3.10085 7.46215 5.34345 4.1754 3.86141 3.83787 3.20948 3.16199 3.06933 3.02276
threshold=0.75000000000000011 1.0087000000000004 0.77500000000000002 0.77500000000000002 0.68780000000000008 0.21470000000000003 0.062500000000000014 0.9890000000000001 1.0503500000000001 0.77500000000000002 0.85815000000000008 1.0201500000000003 0.99950000000000017 0.32455000000000006 0.44205000000000005 0.72330000000000017 0.07010000000000001 0.057900000000000007 0.076500000000000012 2.4067000000000003 0.74995000000000012 0.84610000000000019 0.98385000000000011 0.99850000000000005 0.097150000000000014 2.4067000000000003 2.0340500000000001 0.0050000000000000001 0.88890000000000013 1.0000000180025095e-35
decision_type=2 2 2 2 2 2 2 2 2 2 2 2 2 2 2 2 2 2 2 2 2 2 2 2 2 2 2 2 2 2
left_child=5 3 6 4 -2 9 12 8 -8 10 -1 -11 17 -14 -15 -5 -10 -3 -16 -4 21 22 -12 -22 25 26 -23 -24 -25 -7
right_child=1 2 19 15 -6 29 7 -9 16 11 20 -13 13 14 18 -17 -18 -19 -20 -21 23 24 27 28 -26 -27 -28 -29 -30 -31
leaf_value=-0.07005935212518398 -0.048747396216343004 -0.063195307445045493 -0.050183749242529774 0.035976486528176858 -0.00903284585955548 0.040131054612274571 0.05424260351526683 0.10028799005438294 0.12619670012566742 0.01827644707153531 -0.046350535559748857 -0.083727058988966915 -0.046362944699563174 0.11014404029215384 0.022389249052037666 -0.00099456981394606858 0.019614758678022415 0.029278786951778053 -0.076002116243826079 -0.12906002121609508 0.021783415296323078 -0.062338950417915623 0.15240939168169501 -0.00072273972918074792 0.016256649923253524 -0.14136419134534239 0.066485372480848515 0.0032920921455970088 -0.091670691369288473 -0.0091863925865069817
leaf_weight=81.235646235756576 55.539572764188051 14.590250028297307 30.327755502425134 70.241574710235 150.57015210948884 27.310311783105135 41.011339636519551 12.900945059955118 3.207912176847457 75.492231886833906 24.966940015554428 18.254100090824068 11.467954825609921 10.429200306534769 14.962410602718593 44.036850513890386 373.37822690233588 5.6720234453678122 4.2732254154980174 6.065738725475966 51.748146023601294 25.84603877924383 1.4433977305889119 9.1697371583431941 6.4450989924371234 5.9157058047130695 2.0903280042111865 96.000363774597645 6.2330331522971383 22.806564660742879
leaf_count=1522 1349 113 671 365 1882 204 267 67 15 571 337 402 68 52 72 445 2289 43 29 123 374 289 7 113 38 54 24 1002 83 271
internal_value=-3.34889e-10 0.00851817 0.016683 -0.00494475 -0.0197346 -0.0158898 0.0226029 0.0261254 0.0238342 -0.0200465 -0.0256096 -0.00158547 -0.00209653 0.0152494 0.0390677 0.0217298 0.0205227 -0.037309 0.00053146 -0.0633301 -0.00990041 -0.017362 -0.00507473 0.00817915 -0.054687 -0.068194 -0.0526997 0.00550091 -0.0375266 0.0176883
internal_weight=1303.63 848.675 528.287 320.388 206.11 454.958 491.893 430.498 417.597 404.841 311.094 93.7463 61.3951 41.1328 29.6648 114.278 376.586 20.2623 19.2356 36.3935 229.859 162.708 122.411 67.1509 40.2972 33.8521 27.9364 97.4438 15.4028 50.1169
internal_count=13141 7850 3809 4041 3231 5291 3015 2638 2571 4816 3843 973 377 221 153 810 2304 156 101 794 2321 1751 1346 570 405 367 313 1009 196 475
is_linear=0
shrinkage=0.1


Tree=7
num_leaves=31
num_cat=0
split_feature=7 5 0 0 4 5 5 12 10 5 5 0 4 4 0 5 5 4 4 4 5 0 5 1 12 4 5 4 5 4
split_gain=15.0672 7.94199 19.2942 10.6745 6.67289 5.34328 5.07 3.83908 3.83863 4.40197 5.96123 3.99373 4.48451 3.6847 3.6295 12.4027 9.26914 3.96384 4.07136 3.67657 3.58522 3.56951 3.46484 3.42931 3.26099 5.26558 4.54843 3.47155 10.1009 5.72943
threshold=0.75000000000000011 1.0034500000000002 0.77500000000000002 0.77500000000000002 0.08660000000000001 0.87135000000000007 3.5948000000000007 0.74170000000000014 0.82200000000000017 1.8769000000000002 1.9957500000000004 0.12500000000000003 0.090250000000000011 0.49930000000000008 0.77500000000000002 0.51045000000000018 1.2456000000000003 0.019100000000000002 0.049900000000000007 0.0062500000000000012 0.93950000000000011 0.35000000000000003 0.51840000000000008 0.65000000000000002 0.64050000000000018 0.0049500000000000004 1.0367000000000002 0.037050000000000007 1.3799000000000003 0.010450000000000003
decision_type=2 2 2 2 2 2 2 2 2 2 2 2 2 2 2 2 2 2 2 2 2 2 2 2 2 2 2 2 2 2
left_child=4 3 8 5 14 21 7 -6 9 24 -11 12 -12 -13 15 -1 22 19 -19 -17 -5 -2 -16 -8 25 -3 -27 28 29 -28
right_child=1 2 -4 20 6 -7 23 -9 -10 10 11 13 -14 -15 16 17 -18 18 -20 -21 -22 -23 -24 -25 -26 26 27 -29 -30 -31
leaf_value=-0.089532455628915097 -0.053222877455000442 -0.056153312787731204 -0.0576563412627661 0.02709960770289338 -0.048275117016549497 -0.0012699327681105379 0.0085202420651522663 0.0079223113155903937 0.0542769824285846 -0.057022229246810996 0.10065340142761497 -0.00059804354827952121 -0.037003830682774339 0.099664632870769002 0.033910910396330048 -0.038608740385519973 -0.096366826581003609 -0.047794025194847232 -0.0081947529182932952 0.002427228011201662 -0.025822823983407624 -0.016240423706695605 -0.0097503648376443871 0.084935096693221052 0.016265879559993715 0.095199403953938708 0.027181013051327665 0.051668800697368816 0.08333404205275817 -0.05015307939279904
leaf_weight=28.403415448963642 50.413348370697349 5.831400401890277 33.535740993916988 97.044511817395687 15.70063962228596 94.549364516511559 11.113002507016065 53.845709904097021 31.982786918058991 14.930653195828198 8.968730326741932 90.153560101985931 3.2148481085896483 3.8207601718604556 31.322300968691707 28.452630184590816 9.4866229025647026 70.390526012517512 41.137052170932293 93.843301192857325 14.745849518105386 54.111875807866454 43.304270812310278 12.454928973689674 193.94148731604218 13.803170824423431 19.131719924509525 56.4810481518507 15.867398902773855 19.18872988037765
leaf_count=588 1041 54 812 616 302 1036 93 449 182 95 60 595 21 24 164 462 220 1053 511 873 176 1086 491 85 1323 88 124 293 69 155
internal_value=-5.18055e-10 0.00799327 0.0156623 -0.00460948 -0.0149463 -0.0184957 0.00881904 -0.0047647 0.0208136 0.0184104 0.00214117 0.0104622 0.0643302 0.00347839 -0.0213356 -0.0271335 -0.00326061 -0.0195536 -0.0331878 -0.00711995 0.0201188 -0.0340774 0.00857517 0.0489031 0.0244861 0.0367208 0.0410719 0.0343208 0.0162387 -0.0115436
internal_weight=1261.17 821.717 510.852 310.865 439.454 199.075 93.1143 69.5463 477.316 445.334 121.089 106.158 12.1836 93.9743 346.34 262.227 84.1132 233.824 111.528 122.296 111.79 104.525 74.6266 23.5679 324.245 130.303 124.472 110.669 54.1878 38.3204
internal_count=13141 7850 3895 3955 5291 3163 929 751 3083 2901 795 700 81 619 4362 3487 875 2899 1564 1335 792 2127 655 178 2106 783 729 641 348 279
is_linear=0
shrinkage=0.1


Tree=8
num_leaves=31
num_cat=0
split_feature=7 5 0 0 4 5 9 5 0 5 5 12 5 0 8 5 5 12 9 9 5 5 8 5 4 4 4 1 8 9
split_gain=13.4819 7.77269 17.3937 8.5467 5.7156 4.74072 4.69187 4.7341 3.84825 10.4698 8.25377 3.83281 3.7152 9.59666 3.99675 4.89846 3.68046 3.69622 3.55801 4.11523 5.40618 3.5254 3.3946 3.22664 3.18545 3.14388 4.18308 3.05331 3.0147 3.95016
threshold=0.75000000000000011 1.0087000000000004 0.77500000000000002 0.77500000000000002 0.08660000000000001 0.35220000000000007 0.4401000000000001 2.8998000000000004 0.77500000000000002 0.85815000000000008 0.84770000000000012 0.0057000000000000011 1.3372500000000003 0.25000000000000006 0.99650000000000005 1.2456000000000003 0.32015000000000005 0.63390000000000013 0.15715000000000004 0.35680000000000006 3.5379500000000004 0.37105000000000005 0.9275000000000001 1.4605000000000004 0.039900000000000012 0.038950000000000005 0.13100000000000003 0.55000000000000016 0.98050000000000004 0.45165000000000005
decision_type=2 2 2 2 2 2 2 2 2 2 2 2 2 2 2 2 2 2 2 2 2 2 2 2 2 2 2 2 2 2
left_child=4 3 12 5 8 -2 11 -8 9 -1 -10 -6 14 22 25 -16 17 -5 -15 20 -20 -18 -14 24 -24 28 -27 -9 -3 -30
right_child=1 2 -4 16 6 -7 7 27 10 -11 -12 -13 13 18 15 -17 21 -19 19 -21 -22 -23 23 -25 -26 26 -28 -29 29 -31
leaf_value=-0.061124751005962243 -0.07293313921657453 -0.034642483010025781 -0.056466648485108108 0.099470131219908275 0.12463868897713687 -0.013230965174480483 0.0056395489314603961 -0.0064930834047793561 0.020027676572161306 -0.014535520971416908 -0.049409568017379668 -0.044028892232720912 -0.049225739077999257 -0.062437700986241497 0.034166400800939363 0.091173192502159425 -0.071367709958101599 0.0077441453948570889 0.011182015380484986 -0.0023900638119184227 0.10746787076009919 0.013866597165119343 -0.066100209148198794 0.065001564216808375 0.060448745413553509 0.054157853806884995 -0.04249572166886971 0.091080754465171276 -0.10053394215494937 0.021669022372023544
leaf_weight=64.944746222347021 14.388664031401275 15.698610097169874 31.346571774221957 9.9080098159611243 1.4433610886335397 175.85014881147072 52.46242737211287 4.2929166406393078 55.513476216234267 187.48130668327212 24.750989293679595 20.23645350150764 3.350571382790803 8.3881463631987554 88.009868063032627 18.188273951411247 5.1336686871945849 7.8926446326076976 20.030858378857378 149.97306040301919 8.2260274738073331 88.649967627599835 4.0595119856297961 44.794243359938264 3.900034174323082 31.072081487625837 5.2316838558763257 12.678688533604143 2.7920216508209696 50.285565536469221
leaf_count=1441 321 154 794 33 8 2910 482 40 364 2046 511 320 31 94 541 115 24 39 127 980 35 714 36 290 26 161 54 79 38 333
internal_value=-2.23325e-10 0.00774205 0.0155782 -0.00485884 -0.01438 -0.0177465 0.00781094 0.020491 -0.0204575 -0.0265221 -0.00138454 -0.0327996 0.0205525 0.0121127 0.0302485 0.0439298 0.0171132 0.0587997 0.00121016 0.00420566 0.0392124 0.00920091 0.0483773 0.0545764 -0.0040935 0.0164216 0.0402292 0.0663997 0.00385464 0.0152408
internal_weight=1210.97 787.17 485.347 301.823 423.804 190.239 91.1138 69.434 332.691 252.426 80.2645 21.6798 454.001 242.722 211.278 106.198 111.584 17.8007 186.618 178.23 28.2569 93.7836 56.1044 52.7538 7.95955 105.08 36.3038 16.9716 68.7762 53.0776
internal_count=13141 7850 3809 4041 5291 3231 929 601 4362 3487 875 328 3015 1619 1396 656 810 72 1236 1142 162 738 383 352 62 740 215 119 525 371
is_linear=0
shrinkage=0.1


Tree=9
num_leaves=31
num_cat=0
split_feature=7 5 0 0 5 4 5 5 0 5 5 4 12 9 5 1 12 5 5 5 4 9 0 5 10 4 5 4 4 0
split_gain=12.9511 6.42822 14.7457 7.38903 5.34252 4.85934 4.66043 4.11804 3.34531 8.14701 6.75793 2.8451 3.00808 2.69188 3.07896 3.3811 2.68705 2.60641 2.4852 2.36749 4.09932 3.6404 2.63404 4.21638 2.58674 2.57574 2.36516 3.17194 3.42823 3.00279
threshold=0.75000000000000011 1.0034500000000002 0.77500000000000002 0.77500000000000002 0.56390000000000018 0.08660000000000001 0.59075000000000011 0.56905000000000017 0.77500000000000002 0.85815000000000008 1.0558500000000002 0.017900000000000003 0.28300000000000008 0.4401000000000001 2.8998000000000004 0.45000000000000007 0.0057000000000000011 1.6606000000000003 1.8275000000000003 1.0503500000000001 0.0092500000000000013 0.86205000000000009 0.12500000000000003 1.3799000000000003 0.82200000000000017 0.049750000000000009 1.8275000000000003 0.019900000000000004 0.023550000000000005 0.60000000000000009
decision_type=2 2 2 2 2 2 2 2 2 2 2 2 2 2 2 2 2 2 2 2 2 2 2 2 2 2 2 2 2 2
left_child=5 3 19 4 -2 8 11 -6 9 -1 -10 12 -5 16 18 -16 -7 -4 -15 20 21 -3 23 -21 26 -26 -24 29 -29 -28
right_child=1 2 17 6 7 13 -8 -9 10 -11 -12 -13 -14 14 15 -17 -18 -19 -20 22 -22 -23 24 -25 25 -27 27 28 -30 -31
leaf_value=-0.057124212554210324 -0.051826991018013205 -0.071323844218567092 -0.031019093548070639 0.0023112681673124018 0.15432614097372832 0.11437530936462684 -0.00032447182600225737 -0.0095284965505885253 0.010137957821511813 -0.015112423762161065 -0.073087377759291194 -0.014318840480774853 0.07121745111346503 0.0095127657511521226 -0.051344918658489218 0.074405167132487404 -0.03538580083635471 -0.092384295156978893 -0.087189725274640528 0.0044816634689306203 0.054457423178287168 0.047652975518898209 0.017518996117866902 0.06679440069894936 0.014279199013982301 0.083123307577853245 0.014066197399174783 -0.085986314788332588 -0.005651933779790134 0.10926466486965523
leaf_weight=61.456893623806536 33.811755989678204 5.5361254680901748 22.537119224667549 8.307624123990534 1.5497511010617007 1.2805343344807649 59.693495761603117 149.18122673779726 67.412125491537154 185.4358404064551 11.407751800492404 7.1618630476295939 26.686490960419178 49.331578964367509 2.5416951440274742 13.467564538121222 18.600539235398173 9.9893288565799576 2.8089020252227774 18.969183456152678 40.706353768706322 4.802798792719841 223.04651926271617 25.398006226867437 11.234274964779617 10.527127001434563 20.170896954834465 5.8025258630514136 62.852158840745687 3.9645695090293875
leaf_count=1441 872 78 551 48 13 8 546 2278 559 2046 316 49 149 433 30 89 320 261 49 159 273 32 1516 182 53 77 139 45 503 26
internal_value=-2.23765e-10 0.00781884 0.0150709 -0.00396952 -0.0159024 -0.0142098 0.0176518 -0.00784381 -0.0198439 -0.0255701 -0.0019074 0.0431065 0.0548591 0.00663622 0.0160811 0.0544406 -0.0257397 -0.0498652 0.00430323 0.0199487 0.0401756 -0.0160549 0.0172456 0.0401526 0.0142351 0.0475827 0.0119375 -0.00147924 -0.0124416 0.0297038
internal_weight=1165.67 751.929 465.537 286.392 184.543 413.743 101.849 150.731 325.713 246.893 78.8199 42.156 34.9941 88.0308 68.1497 16.0093 19.8811 32.5264 52.1405 433.011 51.0453 10.3389 381.965 44.3672 337.598 21.7614 315.837 92.7902 68.6547 24.1355
internal_count=13141 7850 3895 3955 3163 5291 792 2291 4362 3487 875 246 197 929 601 119 328 812 482 3083 383 110 2700 341 2359 130 2229 713 548 165
is_linear=0
shrinkage=0.1


Tree=10
num_leaves=31
num_cat=0
split_feature=7 5 0 0 5 4 5 12 5 7 5 5 0 5 8 9 9 4 9 4 4 5 0 5 5 12 4 5 5 8
split_gain=11.8116 4.91078 13.4666 5.82534 5.28969 4.33838 2.91987 2.65683 2.42892 2.40488 2.36228 3.09834 2.26668 2.24082 2.94276 2.54654 2.95603 2.54445 2.20757 2.1248 2.649 5.04007 3.01212 7.00493 5.26958 2.39784 4.80399 3.48676 2.60701 2.00513
threshold=0.75000000000000011 1.0087000000000004 0.77500000000000002 0.35000000000000003 0.91985000000000017 0.18990000000000004 1.0146500000000003 0.05680000000000001 1.2339500000000003 1.0000000180025095e-35 5.4289500000000013 1.2359000000000002 0.35000000000000003 0.95340000000000014 0.97850000000000004 0.39200000000000007 0.11480000000000001 0.05970000000000001 0.82765000000000011 0.13700000000000004 0.08660000000000001 1.1060500000000002 0.77500000000000002 0.85815000000000008 0.84770000000000012 0.34510000000000002 0.0019500000000000001 0.23380000000000004 0.66690000000000016 0.99550000000000016
decision_type=2 2 2 2 2 2 2 2 2 2 2 2 2 2 2 2 2 2 2 2 2 2 2 2 2 2 2 2 2 2
left_child=5 3 6 4 29 9 12 -7 -4 19 11 18 -3 15 -15 16 17 -5 -9 20 22 -22 23 -1 25 26 -24 -28 -27 -2
right_child=1 2 8 13 -6 7 -8 10 -10 -11 -12 -13 -14 14 -16 -17 -18 -19 -20 -21 21 -23 24 -25 -26 28 27 -29 -30 -31
leaf_value=-0.05393986143848694 -0.069321783599888442 0.021180120265428065 -0.019294204190274937 -0.044680954274369189 0.0025462453797025233 -0.059760368802013367 0.017439543316568766 0.041819958143539282 -0.078038450940173115 -0.080652042704284693 0.072170894441709779 -0.048187397647622081 0.11697430219245462 -0.079918998159417221 -0.0028624977620631039 0.0066192452118217912 0.059803909824767743 0.089447221885681369 -0.010861714785596483 -0.083752905140690795 -0.073869888043646345 0.037776597218082117 0.1020856730444941 -0.014041306926002532 -0.042432213650955591 0.058786466098608228 -0.11723699632247216 -0.0053716763094749358 -0.011417597356663214 -0.027873241835094421
leaf_weight=58.129012006800622 21.636507504619658 4.6255494840443117 12.557157551869752 5.9112144764512804 39.916737036779523 4.6207622587680808 405.82351732254028 22.270180823281407 16.01562284398824 5.9659184059128156 7.2707963008433572 7.4232225660234681 5.3007016517221928 5.5936993584036818 43.476860737428069 119.34854727610946 20.578140479512513 1.8591752815991638 12.3736230507493 4.6509567797183982 5.0540534351021078 20.220106557011604 3.750326473265889 181.08575441129506 21.992802816443145 17.890658726915721 3.1709047034382847 22.97344471514225 7.5099103394895783 25.341269765049219
leaf_count=1428 552 30 298 73 448 71 2955 210 496 97 51 128 30 74 450 1566 261 18 82 66 113 182 21 2003 500 92 18 172 57 599
internal_value=1.46559e-10 0.00762382 0.0141863 -0.00265546 -0.02422 -0.0136582 0.0187502 0.0127475 -0.0522215 -0.0177014 0.0195382 0.0104413 0.072335 0.00686767 -0.0116464 0.0130187 0.0399609 -0.0125889 0.0230038 -0.0166173 -0.0157037 0.0154507 -0.0181915 -0.0237366 -0.00102886 0.0154387 -0.00375648 -0.0189392 0.03803 -0.0469632
internal_weight=1134.34 727.985 444.323 283.662 86.8945 406.352 415.75 53.9586 28.5728 352.394 49.3378 42.067 9.92625 196.768 49.0706 147.697 28.3485 7.77039 34.6438 346.428 341.777 25.2742 316.503 239.215 77.288 55.2952 29.8947 26.1443 25.4006 46.9778
internal_count=13141 7850 3809 4041 1599 5291 3015 542 794 4749 471 420 60 2442 524 1918 352 91 292 4652 4586 295 4291 3431 860 360 211 190 149 1151
is_linear=0
shrinkage=0.1


Tree=11
num_leaves=31
num_cat=0
split_feature=7 5 0 0 5 4 5 5 9 12 5 12 9 0 4 3 12 4 12 8 4 13 5 5 4 4 12 12 5 9
split_gain=10.4572 4.25478 11.4693 5.04975 4.7957 3.83532 3.0671 2.13032 2.09356 2.03895 1.98691 2.90032 2.05562 2.4698 2.0037 2.35609 1.92074 1.89766 1.88742 4.17026 2.77833 2.92695 2.39389 2.28291 1.88659 2.62641 3.20777 3.60297 2.87594 2.41307
threshold=0.75000000000000011 1.0034500000000002 0.77500000000000002 0.77500000000000002 0.66690000000000016 0.19860000000000003 0.77940000000000009 1.0503500000000001 0.64215000000000011 0.05680000000000001 0.25830000000000003 0.10300000000000002 0.56105000000000016 0.77500000000000002 0.004850000000000001 1.0000000180025095e-35 0.9991000000000001 0.017900000000000003 0.12780000000000002 0.99550000000000016 0.0073500000000000015 1.0000000180025095e-35 0.98670000000000013 0.87765000000000015 0.011500000000000002 0.039900000000000012 0.27850000000000003 0.14850000000000005 2.1368500000000004 0.94545000000000012
decision_type=2 2 2 2 2 2 2 2 2 2 2 2 2 2 2 2 2 2 2 2 2 2 2 2 2 2 2 2 2 2
left_child=5 3 -3 4 -2 10 8 -4 16 -7 11 14 -13 -14 15 -1 -5 -10 -6 -20 21 23 -22 -21 29 26 27 -26 -28 -12
right_child=1 2 7 6 18 9 -8 -9 17 -11 24 12 13 -15 -16 -17 -18 -19 19 20 22 -23 -24 -25 25 -27 28 -29 -30 -31
leaf_value=0.14750460998593584 -0.043063576870860237 0.017313261829924247 0.019025108831608142 0.063749485145369988 -0.03293132135530475 -0.046899645763233022 -0.010506578858069373 -0.059621524486775081 0.01914266702546228 0.019801489770508447 -0.0082087370339813844 -0.14131502058268344 -0.11320869517157553 0.029362829478849578 -0.059910303599944176 -0.022230529128053594 0.0055423128764336927 -0.058528025075285754 -0.014833151533328879 -0.010436112659348622 0.065545076302029118 -0.03388956166638564 -0.0036463334824779199 0.10982841363609611 -0.030674806969473185 -0.008512111681093731 -0.037422214396665453 0.020377004435329058 -0.097500482950398218 0.051796970590845828
leaf_weight=1.4746851082891217 41.048199329525232 419.67969683557749 4.0134636908769634 20.801022935658697 18.813654769212008 5.1105315163731566 31.262104290537536 24.280687130056322 33.857204716652632 44.388929348438978 95.673578667454422 4.0628629950806481 2.5388396941125393 2.3303118795156479 2.9546547252684832 1.8359372913837433 7.7930341996252528 3.4677848629653445 63.951670194976032 3.1185229532420644 18.412138730287555 11.825515244156122 6.8646325021982184 3.1959651578217745 44.836208447813988 102.20302070584148 48.365192335098982 19.986510521732271 9.5395112354308349 7.2065031789243212
leaf_count=11 1250 3083 102 139 310 71 363 710 200 444 1303 74 71 18 45 43 54 36 859 64 336 171 119 54 769 1363 642 206 142 89
internal_value=-3.50751e-10 0.00722126 0.0131586 -0.00283803 -0.0133729 -0.0131063 0.0152904 -0.0484657 0.0275247 0.012915 -0.0168614 -0.0522095 -0.0887972 -0.0449758 -4.87237e-05 0.0533764 0.0478857 0.0119264 -0.00371422 0.00140535 0.0253242 -0.00453688 0.0467542 0.0504336 -0.0152227 -0.0203533 -0.0302142 -0.0149342 -0.0473198 -0.00400548
internal_weight=1104.89 712.385 447.974 264.411 167.23 392.507 97.1812 28.2942 65.919 49.4995 343.008 15.1973 8.93201 4.86915 6.26528 3.31062 28.5941 37.325 126.182 107.368 43.4168 18.14 25.2768 6.31449 327.811 224.93 122.727 64.8227 57.9047 102.88
internal_count=13141 7850 3895 3955 3163 5291 792 812 429 515 4776 262 163 89 99 54 193 236 1913 1603 744 289 455 118 4514 3122 1759 975 784 1392
is_linear=0
shrinkage=0.1


Tree=12
num_leaves=31
num_cat=0
split_feature=7 4 5 0 0 5 5 1 9 9 5 5 4 0 4 12 5 0 0 12 5 4 12 10 12 4 5 8 9 12
split_gain=7.70145 4.13746 3.69744 9.63677 4.56974 3.61197 2.53101 3.23655 2.72108 2.10294 3.09933 2.70639 2.10877 2.75464 2.18961 1.93315 3.58837 8.42233 3.5522 2.68448 2.40034 2.71413 2.1762 1.89923 2.79529 2.09327 1.86215 2.02167 1.97899 2.2205
threshold=0.75000000000000011 0.19860000000000003 1.0034500000000002 0.77500000000000002 0.35000000000000003 0.77940000000000009 0.093350000000000016 0.35000000000000003 0.6785500000000001 0.80150000000000021 1.1158500000000002 1.1060500000000002 0.0058500000000000002 0.77500000000000002 0.0074500000000000009 0.83940000000000003 0.98385000000000011 0.77500000000000002 0.77500000000000002 0.94210000000000005 0.39900000000000008 0.097150000000000014 0.014200000000000003 0.82200000000000017 0.0229 0.049750000000000009 0.95340000000000014 0.97850000000000004 0.39200000000000007 0.28300000000000008
decision_type=2 2 2 2 2 2 2 2 2 2 2 2 2 2 2 2 2 2 2 2 2 2 2 2 2 2 2 2 2 2
left_child=1 9 4 23 5 -2 7 -6 -9 15 11 12 13 -11 -14 16 17 -1 22 -17 -21 -22 -18 -4 -25 -26 28 -28 -8 -30
right_child=2 -3 3 -5 6 -7 26 8 -10 10 -12 -13 14 -15 -16 19 18 -19 -20 20 21 -23 -24 24 25 -27 27 -29 29 -31
leaf_value=-0.053204663258542118 -0.055179779960715741 0.015483684990272296 0.013588203510881967 -0.046915862481890641 -0.15830161269943874 -0.0084393479211116035 0.038468757273869641 0.062794055370719526 -0.095326901788858664 -0.067338324929426874 -0.031340287061165865 0.11592225424728542 0.10280729257061505 0.028403225673235707 0.010673711316296769 -0.14814779343617521 0.053364056709544888 0.0066525049119864205 -0.064043182914647889 0.060084832065886065 -0.049630781003019278 0.0089720411556020278 -0.00075309359728857822 -0.036151225977949709 0.031400689505925651 0.09388745465872661 -0.084523975585045999 -0.0042896365068013816 -0.02116596167674939 0.014784011575051111
leaf_weight=58.080490547697991 25.179983007721603 49.522651680745184 394.28991424292326 26.416561443824321 2.0977240093052378 48.146308049559593 25.351431063376367 2.4514675140380859 1.9572693761438129 7.6944343335926515 25.248153095133603 2.3375124577432862 2.7479899311438194 4.9309641867876053 42.062348753213882 2.0906565412878981 8.2166809197515231 39.490132126957178 8.3108672359958273 2.6527158049866548 38.522091960534453 9.9428617376834136 77.678387083113194 4.0045811869204071 14.591508742421867 8.4747388698160631 3.4189648143947116 38.547797409817576 21.680864253081381 82.78541382169351
leaf_count=1431 828 515 2901 812 12 735 352 34 24 135 332 30 33 38 440 32 87 364 247 27 565 85 930 34 84 64 61 413 309 1187
internal_value=3.76414e-10 -0.0114691 0.00622375 0.0116742 -0.00347577 -0.0244898 0.00516676 -0.0560544 -0.00740412 -0.0155138 -0.00196321 0.0104456 0.00615296 -0.0299456 0.0163238 -0.0202165 -0.0155375 -0.0289784 -0.00161644 -0.0370809 -0.0325384 -0.0376081 0.00442373 0.0153474 0.0409697 0.0543589 0.00748555 -0.0108262 0.0134053 0.00732298
internal_weight=1078.92 379.529 699.395 447.777 251.617 73.3263 178.291 6.50646 4.40874 330.006 85.0214 59.7732 57.4357 12.6254 44.8103 244.985 191.777 97.5706 94.2059 53.2083 51.1177 48.465 85.8951 421.361 27.0708 23.0662 171.784 41.9668 129.818 104.466
internal_count=13141 5291 7850 3895 3955 1563 2392 70 58 4776 1008 676 646 173 473 3768 3059 1795 1264 709 677 650 1017 3083 182 148 2322 474 1848 1496
is_linear=0
shrinkage=0.1


Tree=13
num_leaves=31
num_cat=0
split_feature=7 4 5 0 0 5 12 8 5 8 0 5 9 8 5 8 10 13 9 12 5 4 12 0 5 0 5 5 5 9
split_gain=6.80088 3.02711 2.98802 8.47664 4.12035 2.77517 1.84238 1.8516 1.76881 2.55489 2.37631 2.60198 2.35231 3.05377 2.04868 1.93772 1.65542 1.57114 1.82812 1.55572 1.53511 2.93729 2.86802 2.82358 3.65119 2.34857 3.28915 3.60471 2.31864 2.13723
threshold=0.75000000000000011 0.19860000000000003 1.0034500000000002 0.77500000000000002 0.35000000000000003 0.77940000000000009 0.016300000000000005 0.98250000000000004 0.73470000000000013 0.91300000000000014 0.77500000000000002 0.23380000000000004 0.61725000000000008 0.92450000000000021 0.54565000000000008 0.98050000000000004 0.82200000000000017 1.0000000180025095e-35 0.94545000000000012 0.08320000000000001 1.0609500000000003 0.0092500000000000013 0.98190000000000011 0.12500000000000003 1.6020500000000002 0.12500000000000003 1.0558500000000002 1.0503500000000001 2.7670000000000008 0.25910000000000005
decision_type=2 2 2 2 2 2 2 2 2 2 2 2 2 2 2 2 2 2 2 2 2 2 2 2 2 2 2 2 2 2
left_child=1 -1 4 16 5 -2 7 -6 10 -10 11 -8 13 -12 -15 -11 20 18 -3 -13 21 22 -4 24 -22 -23 27 -27 -26 -25
right_child=2 17 3 -5 6 -7 8 -9 9 15 12 19 -14 14 -16 -17 -18 -19 -20 -21 23 25 -24 29 28 26 -28 -29 -30 -31
leaf_value=-0.014532712392237674 -0.051178896470884229 0.034316109404352431 0.021172407935443213 -0.04467816436965294 0.038239536601579791 -0.0092686084715790217 -0.083722927169035954 -0.056216152327799522 0.099194194922514745 -0.042835140122690823 -0.038124092171633789 -0.10576989002308734 0.015288848049296351 0.10463706148382926 0.030534727453382524 0.0012550697874437711 0.038272240689503752 -0.0095107015191122461 -0.053552702945987643 0.013355288654623971 0.0049772988071338838 -0.022690369693529926 -0.093090814439240083 -0.022051648645603775 0.086373997389304846 0.045081259288684283 0.11581100892091173 -0.046222756390652986 0.0075734235959544691 0.0090168936478528718
leaf_weight=319.33355467906222 23.822313861455768 27.043652981519703 5.3973016478121263 26.016752380877733 2.7293016798794261 46.915243824012578 3.6774855814874199 8.6616440145298821 2.420805361121892 11.633461792953311 2.7184936627745655 1.1568316519260431 32.887222746387124 9.856428846716879 6.0032354146242133 69.627293290570378 26.627100709825754 20.258603671565652 2.5949442945420733 20.947348211426288 19.983256958425045 5.9839505627751342 3.7043506149202585 24.122893327847123 14.356148581951858 35.531216505914927 5.5891040489077559 4.9231848195195189 5.0466144680976859 269.58997540362179
leaf_count=4776 828 223 53 812 35 735 107 110 28 213 16 35 209 61 54 944 182 276 16 580 187 40 51 233 87 221 17 37 40 1935
internal_value=-2.12207e-11 -0.0109536 0.00586204 0.0107155 -0.00306129 -0.0233828 0.00528072 -0.0335843 0.00803169 -0.00204112 0.0189435 -0.00583709 0.0313574 0.0598022 0.0765877 -0.00505698 0.0141399 0.0119524 0.0266229 0.00712082 0.0125099 0.0270765 -0.0253324 0.0098367 0.0349789 0.0362449 0.0439043 0.0339698 0.0658781 0.00646521
internal_weight=1059.16 369.231 689.929 446.872 243.057 70.7376 172.32 11.3909 160.929 83.6816 77.247 25.7817 51.4654 18.5782 15.8597 81.2608 420.855 49.8972 29.6386 22.1042 394.228 61.1291 9.10165 333.099 39.386 52.0275 46.0435 40.4544 19.4028 293.713
internal_count=13141 5291 7850 3895 3955 1563 2392 145 2247 1185 1062 722 340 131 115 1157 3083 515 239 615 2901 419 104 2482 314 315 275 258 127 2168
is_linear=0
shrinkage=0.1


Tree=14
num_leaves=31
num_cat=0
split_feature=7 4 5 0 0 5 9 9 4 8 8 12 12 12 4 4 4 5 5 5 1 0 12 4 12 12 1 3 0 0
split_gain=6.43331 3.44862 2.58904 7.66205 3.30799 2.6462 2.35705 3.77009 3.56106 3.77784 3.86998 3.91528 4.91129 3.29315 3.15532 2.49784 3.31702 2.90311 2.49623 3.72833 3.31812 2.47809 4.37005 3.09098 3.24869 2.40737 2.33049 2.31935 2.31765 2.29099
threshold=0.75000000000000011 0.90580000000000005 1.0087000000000004 0.77500000000000002 0.35000000000000003 0.91985000000000017 0.85480000000000012 0.69255000000000011 0.05970000000000001 0.98650000000000004 0.99150000000000016 0.28540000000000004 0.065600000000000006 0.83140000000000014 0.0051000000000000012 0.021050000000000003 0.025350000000000001 1.3621500000000004 1.1927500000000002 1.1669000000000003 0.87500000000000011 0.25000000000000006 0.42970000000000003 0.027850000000000003 0.026800000000000001 0.088300000000000017 0.77500000000000002 0.75000000000000011 0.35000000000000003 0.45000000000000007
decision_type=2 2 2 2 2 2 2 2 2 2 2 2 2 2 2 2 2 2 2 2 2 2 2 2 2 2 2 2 2 2
left_child=1 -1 4 6 5 -2 7 14 9 29 -11 12 -12 -10 -4 -16 -17 18 19 20 -18 22 25 -23 -25 -19 -26 -3 -15 -9
right_child=2 27 3 -5 -6 -7 -8 8 13 10 11 -13 -14 28 15 16 17 21 -20 -21 -22 23 -24 24 26 -27 -28 -29 -30 -31
leaf_value=-0.011989076761184016 -0.038851066162610699 -0.0079971688232513601 -0.035688911374275975 -0.042716851056306855 0.0052260017784856025 -0.00070130482003204772 0.027680966051474149 0.048471617701518616 0.073075633345038277 -0.15318194002294105 -0.062111503234682425 -0.060589304161390203 0.089666635199484812 0.048813874439507805 0.032031395096429723 -0.047254292911899108 0.049763014547061259 0.029128508614685262 0.057441838455844711 -0.065420227142419421 -0.013931854078583243 0.056558958348010446 0.078827602639972419 0.044256441292303668 -0.010421417886599935 -0.07226384854127578 -0.057795507372432921 0.1117113650770461 -0.054918532656441789 -0.036024847981508505
leaf_weight=358.81466204160824 37.293357558781281 2.8148725721985093 11.607350263744591 25.412609172519296 170.03591483086348 35.479347268119454 94.832494862377644 8.4260319378226978 7.9880984276533136 3.0883512645959881 3.9025567136704939 18.886108756065369 4.698997937142849 3.5051806755363941 80.12343274988234 9.4193448983132821 22.771594975143671 5.2609016411006468 21.867974676191807 4.9902249537408343 12.762489708140491 6.5514490548521271 9.9692581854760629 7.6663048379123202 31.713346587494016 4.2201516255736351 15.439379688352345 3.8081393912434578 5.5869005639106035 5.1824069805443278
leaf_count=5229 1151 32 130 794 2442 448 631 88 30 27 30 169 32 31 546 94 169 43 185 42 99 44 77 71 237 31 126 30 39 44
internal_value=-4.80454e-10 -0.0106693 0.00583081 0.0105292 -0.00240997 -0.0202517 0.0139081 0.00963462 -0.012547 -0.0275368 -0.0470443 -0.0351193 0.0208043 0.02623 0.0151958 0.0177334 0.0102277 0.0140084 0.0302129 0.0155195 0.0268862 0.00149878 0.0326026 -0.00835904 -0.0161174 -0.0160027 -0.0259333 0.0608336 -0.0149276 0.0162934
internal_weight=1034.12 365.438 668.682 425.873 242.809 72.7727 400.46 305.628 61.2646 44.1845 30.576 27.4877 8.60155 17.0802 244.363 232.756 152.632 143.213 62.3923 40.5243 35.5341 80.8208 19.4503 61.3705 54.819 9.48105 47.1527 6.62301 9.09208 13.6084
internal_count=13141 5291 7850 3809 4041 1599 3015 2384 490 390 258 231 62 100 1894 1764 1218 1124 495 310 268 629 151 478 434 74 363 62 70 132
is_linear=0
shrinkage=0.1


Tree=15
num_leaves=31
num_cat=0
split_feature=7 9 4 0 5 5 5 0 0 9 5 0 9 4 5 5 12 9 5 12 13 9 12 12 12 5 12 4 5 1
split_gain=6.53567 2.61973 2.4982 2.4318 6.14924 4.65865 2.29805 6.83917 2.97398 2.22747 3.39167 3.91958 2.96403 2.19527 2.66372 2.10279 2.01734 3.81348 2.1157 2.55723 2.47827 3.58463 2.22487 2.05485 4.89362 2.01207 2.58146 2.09 1.9714 3.05056
threshold=0.75000000000000011 0.11480000000000001 0.054500000000000007 0.77500000000000002 0.51045000000000018 1.3653500000000001 1.0087000000000004 0.77500000000000002 0.25000000000000006 0.50260000000000005 2.0817500000000004 0.77500000000000002 0.47915000000000002 0.018900000000000004 4.9350000000000014 2.4067000000000003 0.25650000000000006 0.69255000000000011 1.1776000000000002 0.027800000000000002 1.0000000180025095e-35 0.5375000000000002 0.21470000000000003 0.54050000000000009 0.50280000000000002 0.66530000000000011 0.9991000000000001 0.030900000000000004 1.4242500000000002 0.77500000000000002
decision_type=2 2 2 2 2 2 2 2 2 2 2 2 2 2 2 2 2 2 2 2 2 2 2 2 2 2 2 2 2 2
left_child=2 -2 3 4 -1 25 8 -8 -3 12 28 -12 -4 16 15 -15 18 23 22 -20 21 -21 -6 24 -18 26 27 -5 -11 -30
right_child=1 6 9 5 13 -7 7 -9 -10 10 11 -13 -14 14 -16 -17 17 -19 19 20 -22 -23 -24 -25 -26 -27 -28 -29 29 -31
leaf_value=-0.075214475861752117 -0.02614487343007495 -0.027756631898036177 -0.013702861836653863 0.021142653588695833 -0.029242753665157779 -0.088330930777027028 0.015145282694750239 -0.041017386914464785 0.0040596233748823917 0.0066257381823319889 0.068833091676861066 -0.063382909623583464 -0.15013606025624571 -0.027462161828664445 0.061031279356767054 -0.083426245829815296 -0.06382313311948043 -0.0033393079955740881 0.10286969653526422 0.033258335479882682 0.079006880017981118 -0.11361782292069381 0.043339940182964477 -0.10080876943045852 0.12797938340076662 -0.0139995196357215 0.084795432411523444 -0.07199202888833893 0.0042123548900120829 -0.11333916762280327
leaf_weight=19.446355892345309 24.430716563947499 34.453657276462764 30.964844171889126 24.939434956759218 14.801099951379003 5.3195139709860078 372.56892659049481 23.0222586421296 199.47407329455018 56.384429620578885 14.986429404467346 2.6366663016378871 1.6786907203495491 57.562856550328434 3.090086566284298 7.600424454547464 7.0818935316055995 48.982085835188627 4.5970157906413069 4.5198513716459257 3.8234081342816353 2.6276862416416407 5.9092359691858283 6.9087570859119287 1.6378576755523679 21.811872247606516 5.9438833929598323 2.6671672053635112 5.4517376767471415 3.7098874896764755
leaf_count=588 360 767 513 194 348 158 2858 749 3116 623 132 39 13 980 42 145 100 509 31 45 24 46 53 129 28 359 32 18 90 52
internal_value=-7.20054e-11 0.00598377 -0.0107183 -0.0163568 -0.0219595 0.00105554 0.00723063 0.0118768 -0.000626381 0.00141764 0.0101062 0.0490517 -0.0207189 -0.0158368 -0.0296877 -0.0339896 -0.00646637 -0.0170623 0.0124047 0.0402583 0.0140231 -0.0207385 -0.00853289 -0.0600723 -0.0277963 0.00964427 0.0250156 0.0121446 -0.000364971 -0.0433887
internal_weight=1019.03 653.95 365.083 249.27 188.589 60.6819 629.519 395.591 233.928 115.813 83.1692 17.6231 32.6435 169.142 68.2534 65.1633 100.889 64.6106 36.2783 15.568 10.9709 7.14754 20.7103 15.6285 8.71975 55.3624 33.5505 27.6066 65.5461 9.16163
internal_count=13141 7850 5291 3829 3068 761 7490 3607 3883 1462 936 171 526 2480 1167 1125 1313 766 547 146 115 91 401 257 128 603 244 212 765 142
is_linear=0
shrinkage=0.1


Tree=16
num_leaves=31
num_cat=0
split_feature=7 4 5 0 3 4 5 12 12 9 5 5 0 5 5 0 5 5 8 12 5 0 12 0 1 5 8 4 9 9
split_gain=5.29529 2.47343 2.29809 6.22064 2.73018 1.8913 3.15467 3.11149 3.05002 4.37306 2.5084 2.29455 4.23273 2.95789 2.05548 1.91088 5.06294 4.0541 1.89431 1.97866 1.8405 6.61631 4.75535 3.65002 2.0534 2.42189 3.90594 3.78452 3.62215 3.21789
threshold=0.75000000000000011 0.054500000000000007 1.0087000000000004 0.77500000000000002 0.75000000000000011 0.011500000000000002 0.29990000000000006 0.28170000000000001 0.10060000000000001 0.082800000000000026 2.1368500000000004 1.5081500000000003 0.87500000000000011 1.5935500000000002 0.51045000000000018 0.77500000000000002 0.53545000000000009 0.51045000000000018 0.98350000000000015 0.012300000000000002 1.3372500000000003 0.25000000000000006 0.026800000000000001 0.25000000000000006 0.77500000000000002 3.0485500000000001 0.98550000000000015 0.099400000000000016 0.86760000000000015 0.90825000000000011
decision_type=2 2 2 2 2 2 2 2 2 2 2 2 2 2 2 2 2 2 2 2 2 2 2 2 2 2 2 2 2 2
left_child=1 5 4 20 -2 15 -7 8 11 -10 -9 12 -8 -13 -14 17 -17 -1 -19 -20 23 22 -22 -4 25 27 -27 28 -23 -30
right_child=2 -3 3 -5 -6 6 7 10 9 -11 -12 13 14 -15 -16 16 -18 18 19 -21 21 24 -24 -25 -26 26 -28 -29 29 -31
leaf_value=-0.064378877284797603 0.0057628495876556858 0.0021166048851866434 -0.0069271638220154922 -0.04004498365454897 -0.016245271890314456 -0.1341590606258021 -0.054501932265392822 -0.031285929328102348 0.11332443881186074 0.001397165799314037 -0.093930505647187024 0.09902402389203506 0.15864977108417821 -0.013278534235597481 0.00940181713525556 0.050805308903041385 -0.03212371085558257 0.0237381695923124 0.085330145564678384 -0.019963282083796018 -0.073349072610748731 0.011772728926208835 0.046794867266600725 0.027811476671259019 -0.019821828383003313 -0.041299567568444107 0.055746237462594495 -0.090030235928477503 -0.11367443487549594 -0.0093890830319981397
leaf_weight=13.262638791464267 152.17100135842338 114.49719263613224 38.505150596611202 23.487243875395507 89.531013878760859 2.5361541202291837 27.355754827149212 46.703675636090338 4.0833270987495807 24.05201037414372 7.4054217524826518 2.9040045347064725 1.2053402289748181 12.190977748483418 3.9363508671522141 17.319907551631335 12.804512671194969 18.104699936695397 1.8705278877168883 38.900324411690235 3.5473636426031581 62.137166941538453 46.201806297525764 141.01255256310105 52.264721633866429 5.415952846407893 17.706234700977802 4.7782075740396968 4.5879588350653639 8.332906808704136
leaf_count=432 2068 1462 347 794 1973 53 598 754 44 347 160 24 6 177 63 126 200 110 18 717 31 450 352 1049 445 42 144 56 34 65
internal_value=-3.20479e-10 -0.00993247 0.00533763 0.00991542 -0.00238938 -0.0158122 -0.0237033 -0.0215458 -0.0084602 0.0176414 -0.0398595 -0.0238907 -0.0388555 0.00832647 0.0443892 -0.00559747 0.015556 -0.014431 -0.00317947 -0.0151325 0.0129673 0.00649247 0.038228 0.0203603 -0.00367879 0.00451588 0.033015 -0.00373804 0.00175534 -0.0464189
internal_weight=998.812 349.133 649.679 407.977 241.702 234.636 132.373 129.837 75.7278 28.1353 54.1091 47.5924 32.4974 15.095 5.14169 102.263 30.1244 72.1382 58.8756 40.7709 384.49 204.972 49.7492 179.518 155.223 102.958 23.1222 79.8362 75.058 12.9209
internal_count=13141 5291 7850 3809 4041 3829 2226 2173 1259 391 914 868 667 201 69 1603 326 1277 845 735 3015 1619 383 1396 1236 791 186 605 549 99
is_linear=0
shrinkage=0.1


Tree=17
num_leaves=31
num_cat=0
split_feature=7 10 12 4 2 4 4 5 9 4 0 5 5 5 10 9 5 1 9 8 8 4 4 5 6 4 12 4 1 12
split_gain=4.62477 2.84623 2.40646 2.11318 1.98624 2.18147 2.2861 3.67492 1.98141 1.7694 2.00812 2.61543 1.87868 1.83516 1.77662 1.65243 2.78769 2.87658 1.62727 1.62205 1.59893 1.80303 1.93871 1.75977 2.46207 3.39229 2.8099 1.81432 1.70445 1.65782
threshold=0.75000000000000011 0.91800000000000015 0.020600000000000004 0.054500000000000007 0.75000000000000011 0.050100000000000013 0.049900000000000007 1.5081500000000003 0.082800000000000026 0.019100000000000002 0.87500000000000011 0.43530000000000008 6.1152500000000005 0.94280000000000019 0.9890000000000001 0.50260000000000005 2.0817500000000004 0.77500000000000002 0.50750000000000017 0.96400000000000008 0.99550000000000016 0.069900000000000018 0.061800000000000008 0.42060000000000003 0.75000000000000011 0.016700000000000003 0.67290000000000016 0.034100000000000012 0.65000000000000002 0.061700000000000012
decision_type=2 2 2 2 2 2 2 2 2 2 2 2 2 2 2 2 2 2 2 2 2 2 2 2 2 2 2 2 2 2
left_child=3 8 18 4 5 6 9 -8 -2 14 11 -11 -13 -12 -1 -5 19 -18 -3 -17 21 22 29 27 -25 -26 -27 28 -22 -10
right_child=1 2 -4 15 -6 -7 7 -9 20 10 13 12 -14 -15 -16 16 17 -19 -20 -21 23 -23 -24 24 25 26 -28 -29 -30 -31
leaf_value=-0.0024385310986664347 -0.029474104830849387 0.019170644137437132 0.049425121222925812 -0.017571213131926663 -0.034821108854025187 -0.08952823153270692 -0.054532338006894936 0.14319421655818831 -0.040195882741317607 -0.16488372614717053 0.038277749480519048 -0.033795343014437575 0.07230065825957567 -0.067131043518009928 -0.10829277604380748 0.067725953548010046 0.0085155419401278538 0.091541516646084065 -0.13329482238541407 -0.0038989136969781349 0.0051683018858620809 0.022179471716533658 -0.10952330246506836 0.0082631011566587555 0.12494669994320871 0.051434881210927319 -0.014480874264661879 -0.1306257539236706 -0.067210193437270874 -0.0012056838061961833
leaf_weight=117.43743853969499 17.536107144318521 1.5781635539606242 21.945759680122137 32.219221970997751 41.555363847874105 3.4361804211512199 1.5403960645198815 2.411550534889102 11.440144795924423 1.4784694900736202 7.7238658554851991 43.475567327812314 1.7356232972815622 2.1009205467998981 1.6072392929345358 3.3322554901242247 9.4100982416421193 7.4981072638183823 1.2580759553238747 61.818659602664411 14.412101957015699 30.032147672958672 1.7215139418840397 271.41648835758679 3.9209023024886873 16.388304574415088 10.682799226604404 1.364697104319929 4.2022888604551545 233.13804176589474
leaf_count=1843 260 33 233 526 758 48 31 21 172 31 65 905 23 73 31 24 99 72 14 741 163 353 23 3184 40 163 134 29 151 2898
internal_value=-2.16752e-10 0.00499448 0.0382226 -0.0094505 -0.0150853 -0.0106024 -0.00909166 0.066124 0.00365825 -0.0107848 -0.0253554 -0.0340024 -0.0297224 0.0157373 -0.00386768 0.00161924 0.00915407 0.0453342 -0.0484587 -0.000235537 0.00462868 -0.000953152 -0.00377379 0.00941309 0.0113121 0.0380143 0.0254232 -0.019331 -0.0111715 -0.00302945
internal_weight=979.818 641.038 24.782 338.781 224.503 182.947 179.511 3.95195 616.256 175.559 56.5144 46.6897 45.2112 9.82479 119.045 114.278 82.0591 16.9082 2.83624 65.1509 598.719 276.332 246.3 322.388 302.408 30.992 27.0711 19.9791 18.6144 244.578
internal_count=13141 7850 280 5291 3829 3071 3023 52 7570 2971 1097 959 928 138 1874 1462 936 171 47 765 7310 3446 3093 3864 3521 337 297 343 314 3070
is_linear=0
shrinkage=0.1


Tree=18
num_leaves=31
num_cat=0
split_feature=7 9 10 8 4 4 4 5 0 12 4 9 12 12 8 12 12 9 0 6 1 9 4 5 1 5 9 9 5 1
split_gain=4.27744 2.01657 1.89421 1.6904 1.8036 2.03963 1.94887 1.64525 1.92418 2.04333 1.47908 1.30369 1.59985 1.62523 3.02018 1.47655 1.35514 1.30239 3.20274 1.65687 1.27121 1.23505 2.05821 1.58036 1.68756 1.56178 1.47963 3.4837 1.28882 1.22343
threshold=0.75000000000000011 0.082800000000000026 1.0000000180025095e-35 0.99550000000000016 0.069900000000000018 0.061800000000000008 0.088850000000000012 12.860850000000001 0.35000000000000003 0.17100000000000001 0.049750000000000009 0.13840000000000002 0.061700000000000012 0.18560000000000001 0.88950000000000007 0.16330000000000003 0.13830000000000001 1.0000000180025095e-35 0.35000000000000003 0.75000000000000011 0.87500000000000011 0.50900000000000012 0.0049500000000000004 1.7565000000000002 0.92500000000000016 1.1927500000000002 0.8661000000000002 0.77995000000000014 1.6713500000000001 0.77500000000000002
decision_type=2 2 2 2 2 2 2 2 2 2 2 2 2 2 2 2 2 2 2 2 2 2 2 2 2 2 2 2 2 2
left_child=7 17 3 4 5 11 -6 -1 -9 -10 -4 -3 -13 15 -15 16 20 19 -19 -2 -14 22 -16 24 28 -26 27 -23 -24 -21
right_child=1 2 10 -5 6 -7 -8 8 9 -11 -12 12 13 14 21 -17 -18 18 -20 29 -22 26 23 -25 25 -27 -28 -29 -30 -31
leaf_value=-0.010417099562702835 -0.039964507482131872 0.091149541517845226 0.013996821460023366 0.0094870278111955329 0.08092236718566774 -0.11081325663390829 0.010788299335440846 0.087789331092329392 -0.051411995596713195 0.053000094666781197 0.060865579314116673 -0.043561978462835466 0.049912139788312382 -0.10547584084801043 -0.035006397802895481 0.088093728966485846 -0.047755619457943439 0.045910288792673885 -0.12535279544245881 -0.0032785690595896347 -0.018688361194584582 -0.0060082660778985886 0.030662555256317198 -0.025229371277155594 0.02711897343849903 0.13971327051063664 0.0035028417188316696 -0.055387579314381478 -0.05607701168848564 0.10420702760445524
leaf_weight=324.50814791303128 7.5000438783317822 1.4486466869711865 19.087584957480434 317.05953379394487 4.7111571300774839 1.7819714876823116 24.918985595926642 3.6828366462141258 3.8416188945993781 3.6599555592983961 10.402906133793293 9.7974195629358274 8.3646995015442389 2.9391307188197962 7.1373526342213145 3.1830285917967549 2.9424243662506333 1.5922537799924601 3.4749875701963902 2.8553121741861105 3.9896031068637958 74.139437322504818 17.586096327751886 5.2034332640469065 2.2943922067061058 2.6603742334991693 73.646313205827028 17.697856646031141 1.8978599775582541 1.6832174118608234
leaf_count=5184 130 22 215 3823 62 23 291 37 40 30 125 157 85 45 128 31 38 29 55 42 41 1089 232 64 46 19 732 282 21 23
internal_value=1.15437e-10 0.0048582 0.00580339 0.00455347 -0.00131958 -0.00423104 0.0219395 -0.00911741 0.0285922 -0.000470208 0.03053 -0.00342259 -0.00400937 -0.00227694 -0.00483494 0.0261274 0.0132331 -0.0290072 -0.0715377 -0.0111055 0.0277588 -0.0033725 0.0132027 0.0248106 0.035465 0.0875745 -0.00705641 -0.0155241 0.0222136 0.0365849
internal_weight=965.689 629.996 612.89 583.4 266.34 236.71 29.6301 335.693 11.1844 7.50157 29.4905 234.928 233.479 223.682 205.202 18.4798 15.2967 17.1058 5.06724 12.0386 12.3543 202.263 36.7795 29.6422 24.4387 4.95477 165.484 91.8373 19.484 4.53853
internal_count=13141 7850 7571 7231 3408 3055 353 5291 107 70 340 3032 3010 2853 2658 195 164 279 84 195 126 2613 510 382 318 65 2103 1371 253 65
is_linear=0
shrinkage=0.1


Tree=19
num_leaves=31
num_cat=0
split_feature=7 5 0 0 5 5 5 5 0 4 4 5 1 2 8 0 5 9 9 8 5 9 9 8 4 12 1 9 9 4
split_gain=4.06664 1.81851 5.96844 2.70656 1.83166 1.79204 1.45349 2.39624 2.38924 2.19503 2.13834 2.01884 2.58833 3.79691 1.99368 1.98163 2.18237 1.96505 1.4711 1.43848 1.34242 2.40877 1.42414 1.45516 1.31596 2.10056 1.27254 1.21699 2.32133 1.21221
threshold=0.75000000000000011 1.0034500000000002 0.77500000000000002 0.35000000000000003 0.72330000000000017 1.0425000000000002 1.8769000000000002 1.9075000000000004 0.25000000000000006 0.021300000000000003 0.03210000000000001 2.3034500000000002 0.55000000000000016 0.45000000000000007 0.97950000000000015 0.45000000000000007 2.1617000000000006 0.36430000000000007 0.5757500000000001 0.99950000000000017 2.5702500000000001 0.50995000000000013 0.65765000000000007 0.98850000000000005 0.19860000000000003 0.05680000000000001 0.87500000000000011 0.11480000000000001 0.33495000000000003 0.070300000000000015
decision_type=2 2 2 2 2 2 2 2 2 2 2 2 2 2 2 2 2 2 2 2 2 2 2 2 2 2 2 2 2 2
left_child=24 3 6 4 -2 -4 -3 -8 9 -9 -11 15 -13 17 -15 19 -17 -14 -19 26 -16 -22 -23 -24 -1 -26 -10 -6 -29 -5
right_child=1 2 5 29 27 -7 7 8 11 10 -12 12 13 14 20 16 -18 18 -20 -21 21 22 23 -25 25 -27 -28 28 -30 -31
leaf_value=-0.011384726757891995 -0.046317902834588913 0.01572797518910999 0.033124827667586544 0.0033701685176973522 -0.10057931571845385 -0.053496388194916603 -0.09122891451376379 0.083550947778525619 0.0011320313980144046 -0.04495963078559248 0.036586299569805976 0.053660055176091362 0.0091486150386913649 -0.051801294568471302 0.07057116214790192 -0.029427973317975854 -0.12329257809247436 -0.15992992316886079 -0.056977413829402634 0.037151437406207667 0.051501296462076622 -0.071043787262381738 0.054388752463750779 -0.023771129297895405 -0.059066662034666033 0.013636616742868566 -0.10378479017276221 0.06580204193551896 -0.013186028286814387 0.062203783011599401
leaf_weight=288.78951311344281 18.175179047742859 270.58149716537446 2.7395317265763905 161.18371314927936 1.4108576634898771 18.631774739827961 2.7123692855238906 6.1755583249032524 3.1751155033707636 4.5096839107573023 11.206765407696365 9.4245725274085981 2.5597851797938329 4.3301143068820265 4.5884220749139812 8.0809722077101451 3.5718496292829505 2.225796677172184 3.6870813779532909 5.4744029305875301 9.040584299713375 3.4014957621693602 3.6517926529049856 6.8503817357122898 4.3892055358737698 42.008644273504615 1.8180062547326086 4.0750546213239422 42.775481306482106 3.5798761602491131
leaf_count=4776 707 2233 90 2321 30 722 28 43 36 39 101 72 19 44 28 72 33 21 37 59 68 33 21 76 71 444 20 77 749 71
internal_value=-9.29254e-11 0.00479988 0.00897936 -0.00222203 -0.0192609 -0.0423926 0.0119703 0.00143245 0.00411268 0.0330364 0.0131875 -0.00469639 0.00647741 -0.00454704 0.0112742 -0.029832 -0.0581996 -0.0640452 -0.095732 0.00174777 0.0211942 0.0113197 -0.0148076 0.00340645 -0.00887322 0.00675894 -0.0370684 -0.00907133 -0.00631565 0.00464847
internal_weight=954.825 619.638 388.438 231.2 66.4366 21.3713 367.066 96.4848 93.7724 21.892 15.7164 71.8804 49.76 40.3355 31.8628 22.1203 11.6528 8.47266 5.91288 10.4675 27.5327 22.9443 13.9037 10.5022 335.187 46.3978 4.99312 48.2614 46.8505 164.764
internal_count=13141 7850 3895 3955 1563 812 3083 850 822 183 140 639 419 347 270 220 105 77 58 115 226 198 130 97 5291 515 56 856 826 2392
is_linear=0
shrinkage=0.1


Tree=20
num_leaves=31
num_cat=0
split_feature=7 10 5 0 12 4 4 4 4 2 8 4 12 0 0 4 12 9 5 5 0 4 9 4 4 5 12 9 1 9
split_gain=3.75409 1.70657 1.59084 1.31087 1.64509 1.17722 3.59417 2.85592 1.80746 2.65344 1.55653 1.87996 3.02105 3.57574 3.01798 2.6136 3.44626 2.60018 2.24242 2.22579 2.51811 2.29333 2.00254 2.38264 1.95106 1.85073 1.63314 1.39997 1.93693 1.88426
threshold=0.75000000000000011 0.9890000000000001 12.860850000000001 0.35000000000000003 0.17100000000000001 0.070300000000000015 0.054500000000000007 0.055650000000000012 0.094300000000000009 0.75000000000000011 0.99550000000000016 0.036050000000000006 0.51650000000000007 0.45000000000000007 0.35000000000000003 0.041550000000000011 0.16330000000000003 0.44205000000000005 3.0485500000000001 1.296 0.60000000000000009 0.047500000000000007 0.46880000000000005 0.03135000000000001 0.034100000000000012 1.2508000000000001 0.018200000000000004 0.90175000000000016 0.87500000000000011 0.85480000000000012
decision_type=2 2 2 2 2 2 2 2 2 2 2 2 2 2 2 2 2 2 2 2 2 2 2 2 2 2 2 2 2 2
left_child=2 5 -1 -4 -5 6 10 -8 9 -7 -2 12 13 17 -13 -16 -17 -12 22 21 -21 -18 -19 25 -14 26 -24 29 -29 -10
right_child=1 -3 3 4 -6 8 7 -9 27 -11 11 14 24 -15 15 16 19 18 -20 20 -22 -23 23 -25 -26 -27 -28 28 -30 -31
leaf_value=-0.0098130345745607514 -0.0021915579303831692 0.037159546090344435 0.07906796950923102 -0.044103925168839909 0.051051942618543213 0.02085715493826544 -0.1337082116052267 -0.024467320711263479 0.0046607274369949029 0.10786477740606595 0.0061965295560668732 0.061430022465352986 0.015873687146413181 0.0093353943666124196 0.043503486281792889 0.080639240119629085 -0.087315722615045083 -0.11957165085993998 -0.17348197860658121 -0.1419452960491597 -0.0062968242698468735 0.054218538831574709 0.069681571617739621 -0.11979857611107173 -0.063979230105507309 0.028539757807410745 -0.048712009888757631 -0.096956950705455347 0.063639683851974549 0.080278589871255718
leaf_weight=322.01523425197229 238.72477961797267 15.734054218046365 3.5418724548071605 3.5290964394807816 3.7446911297738552 13.8017610674724 2.902179115451875 13.645294509362428 38.440994293894619 4.6981909265741697 12.817937467247246 16.637916904874146 144.42550056870095 47.761999174952507 10.337084283120932 2.5600370150059453 1.830459937453268 2.9419909380376401 1.3601151183247555 3.5997671037912369 2.2078455984592438 3.0564411329105496 1.2726114559918702 2.7326285559684029 3.1260024216026059 5.618040330708026 13.793084123171864 2.7178446119651194 1.0377605352550743 3.6042456533759824
leaf_count=5184 3223 174 37 40 30 156 25 187 458 38 179 156 1860 585 111 23 24 37 10 27 30 38 20 31 45 40 256 63 18 36
internal_value=-1.78954e-10 0.00465233 -0.008546 0.0291776 0.00488422 0.00379366 0.00224716 -0.0436265 0.0165732 0.0429533 0.00372169 0.00883484 0.00542674 -0.00920367 0.0288152 0.00581367 -0.0235802 -0.0310473 -0.0482701 -0.0485281 -0.0903766 0.00120482 -0.041809 -0.0320391 0.0141819 -0.0204447 -0.0387112 0.0059177 -0.0525804 0.0111429
internal_weight=944.217 611.387 332.831 10.8157 7.27379 595.653 531.352 16.5475 64.3008 18.5 514.804 276.079 235.85 88.2984 40.2296 23.5916 13.2546 40.5364 27.7185 10.6945 5.80761 4.8869 26.3584 23.4164 147.552 20.6837 15.0657 45.8008 3.75561 42.0452
internal_count=13141 7850 5291 107 70 7676 6907 212 769 194 6695 3472 3063 1158 409 253 142 573 394 119 57 62 384 347 1905 316 276 575 81 494
is_linear=0
shrinkage=0.1


Tree=21
num_leaves=31
num_cat=0
split_feature=7 5 0 0 5 12 12 12 5 8 9 12 4 4 12 5 1 8 1 12 5 1 4 9 2 5 8 0 4 4
split_gain=3.57035 1.50885 5.0287 2.52206 1.58507 1.51105 2.49138 2.48257 2.45241 1.79407 1.77499 1.63646 1.54703 1.53899 1.50191 1.38778 1.53483 1.80867 1.38588 1.34213 1.28672 1.3738 1.27191 1.24915 1.61006 1.22308 1.19498 1.19416 1.09586 1.55786
threshold=0.75000000000000011 1.0034500000000002 0.77500000000000002 0.25000000000000006 1.6606000000000003 0.28300000000000008 0.9991000000000001 0.25150000000000006 0.14625000000000002 0.98250000000000004 0.72815000000000019 0.016100000000000003 0.013950000000000002 0.0073500000000000015 0.71170000000000011 0.52770000000000017 0.35000000000000003 0.99750000000000016 0.45000000000000007 0.014900000000000002 0.99835000000000018 0.65000000000000002 0.010850000000000002 0.89940000000000009 0.075000000000000025 0.076550000000000021 0.98750000000000016 0.35000000000000003 0.19860000000000003 0.35795000000000005
decision_type=2 2 2 2 2 2 2 2 2 2 2 2 2 2 2 2 2 2 2 2 2 2 2 2 2 2 2 2 2 2
left_child=28 3 -3 -2 -4 7 10 9 25 27 14 19 13 15 -7 16 -10 18 -18 -11 21 -13 -9 24 -12 -8 -15 -5 -1 -30
right_child=1 2 4 5 -6 6 8 22 12 11 23 20 -14 26 -16 -17 17 -19 -20 -21 -22 -23 -24 -25 -26 -27 -28 -29 29 -31
leaf_value=-0.010617388139497759 -0.02840075403857836 0.011262291033286418 -0.022336511609214016 -0.05411770168830915 -0.084418552364922628 0.030270664088397421 -0.045049667235874474 -0.15146694850262074 0.099989493502541493 -0.037033813132580279 -0.11068409914762732 0.012706490531940654 -0.017605627117074488 -0.0048461412036179714 0.086352445298630481 -0.0023583543284049768 0.13278434038235362 -0.050951210154340357 0.010623570391053687 -0.13776126977512301 -0.097994935799383134 -0.047142422612436306 -0.016803195025965566 0.037212458009102105 -0.0026227888862435942 -0.18065683745359837 0.065558841202389986 0.042741754591219233 0.020942493295438125 -0.016737410038797623
leaf_weight=286.5809548930265 30.854024646105245 353.97110085841268 14.306249066255988 1.4893820444121946 5.7718245703726998 20.341639491729442 2.0148038510233159 1.8969369707629078 2.8640469722449762 5.5373355494812158 1.6832869481295327 17.022488701157279 30.067306747660041 3.5168904997408372 6.2402399703860274 58.733746834099293 1.459363594651222 2.6879613529890776 2.5537553625181317 1.7380084190517662 1.4513800442218769 4.9509030310437074 1.1128584407269952 5.7198863746598354 7.6225303746759892 0.9928529243916272 7.6648711701855063 8.7550768051296455 27.721651034429669 18.160982928238809
leaf_count=4776 778 3083 551 43 261 362 52 34 16 102 16 247 529 76 106 737 8 47 73 25 19 139 22 84 138 18 162 122 242 273
internal_value=-8.00855e-11 0.00458715 0.00850082 -0.00180623 -0.0401832 0.00233549 0.00699873 -0.0140201 -0.000730427 -0.00757665 0.0279074 -0.0196686 0.0017154 0.00902449 0.0434362 0.00339413 0.0387167 0.0125287 0.0550471 -0.0610966 -0.00680175 -0.000778281 -0.101676 0.00043563 -0.0221695 -0.0898147 0.043415 0.0286599 -0.00832015 0.00602826
internal_weight=935.484 603.021 374.049 228.972 20.0781 198.118 154.163 43.9544 112.556 40.9446 41.6076 30.7001 109.548 79.4806 26.5819 68.2989 9.56513 6.70108 4.01312 7.27534 23.4248 21.9734 3.0098 15.0257 9.30582 3.00766 11.1818 10.2445 332.464 45.8826
internal_count=13141 7850 3895 3955 812 3177 2424 753 1718 697 706 532 1648 1119 468 881 144 128 81 127 405 386 56 238 154 70 238 165 5291 515
is_linear=0
shrinkage=0.1


Tree=22
num_leaves=31
num_cat=0
split_feature=7 5 5 1 4 12 5 6 9 12 5 4 4 12 4 4 4 5 8 12 12 12 2 9 5 1 12 5 9 9
split_gain=3.45928 1.75367 2.55093 4.07744 2.29143 1.35968 1.80082 1.18833 1.87596 1.41876 1.76209 1.71731 2.68592 3.09604 2.2756 2.10474 2.32208 1.69417 1.67743 1.75618 1.67618 3.69071 2.08693 1.74946 1.37922 4.22459 1.75935 1.35218 1.40594 3.18647
threshold=0.75000000000000011 0.37105000000000005 0.35220000000000007 0.45000000000000007 0.0030500000000000002 0.63390000000000013 0.14625000000000002 0.75000000000000011 0.99890000000000012 0.36390000000000006 3.2671000000000006 0.023550000000000005 0.028450000000000003 0.28540000000000004 0.030500000000000003 0.036950000000000004 0.046500000000000007 4.6904500000000011 0.98750000000000016 0.64050000000000018 0.51400000000000012 0.42970000000000003 0.55000000000000016 0.8176500000000001 1.4730500000000002 0.92500000000000016 0.63390000000000013 3.5379500000000004 0.43440000000000006 0.32455000000000006
decision_type=2 2 2 2 2 2 2 2 2 2 2 2 2 2 2 2 2 2 2 2 2 2 2 2 2 2 2 2 2 2
left_child=-1 2 3 5 -4 -2 -7 9 -9 10 11 -3 -13 14 -14 -16 -17 18 24 20 21 -20 -22 -24 26 -26 -11 28 29 -21
right_child=1 7 4 -5 -6 6 -8 8 -10 17 -12 12 13 -15 15 16 -18 -19 19 27 22 -23 23 -25 25 -27 -28 -29 -30 -31
leaf_value=-0.0082034788233142659 0.064623009567233075 -0.00076974638628333255 -0.19192413951741194 -0.062007884206761968 -0.013880165285334357 -0.064609227290292823 0.042943324394280252 0.014541505324618266 0.092238286049610402 -0.049972528469577761 0.026276276006279284 -0.090184179077497595 0.066957923829584653 -0.10801007237048088 -0.067900272334691536 0.05431797526175567 -0.023442239453875802 -0.061302658787611555 0.025893477413578336 0.010123282216312295 0.062843369918744937 -0.08354230171904084 -0.0031439109423401532 0.082868227095522717 -0.0060129883099254312 0.08106049072203686 -0.0034600148121552128 0.052486116972244139 0.0097449127639923794 -0.063361999377146414
leaf_weight=330.57269120309502 5.5064441449940258 71.284302501939237 1.568938730284571 8.658922295086084 1.3404367947950957 2.7296988107264042 3.6230677962303162 60.18981378339231 3.2767191100865594 9.0109128719195706 15.466797509230672 5.7465414898470035 3.8034304790198865 3.2531634196639052 5.9425163986161378 5.5780061893165138 12.327018800657241 3.5945036353077731 16.125129077583555 17.174554034136239 19.658021653071046 3.8098055617883793 12.239230224862693 2.931059304624795 20.939914638642225 7.5922956503927699 83.399664664175361 6.6007582754828027 173.29515877971426 8.9892648840323073
leaf_count=5291 34 1030 13 321 42 19 32 770 41 147 159 87 35 37 87 62 201 63 186 215 218 67 114 23 238 58 1042 59 2318 132
internal_value=1.92693e-11 0.0045527 -0.0222635 -0.00983791 -0.109894 0.0282536 -0.00327057 0.00565058 0.0185529 0.00404105 -0.00529083 -0.00981432 -0.0274057 -0.0157322 -0.00487562 -0.0163323 0.000782634 0.00702935 0.00767273 0.0121865 0.0281036 0.00497898 0.0413396 0.0134745 -0.00206162 0.0171569 -0.00799543 0.00795633 0.00648269 -0.0151245
internal_weight=926.229 595.656 23.4275 20.5181 2.90938 11.8592 6.35277 572.229 63.4665 508.762 123.402 107.935 36.6507 30.9041 27.651 23.8475 17.905 385.36 381.766 260.823 54.7632 19.9349 34.8283 15.1703 120.943 28.5322 92.4106 206.06 199.459 26.1638
internal_count=13141 7850 461 406 55 85 51 7389 811 6578 1698 1539 509 422 385 350 263 4880 4817 3332 608 253 355 137 1485 296 1189 2724 2665 347
is_linear=0
shrinkage=0.1


Tree=23
num_leaves=31
num_cat=0
split_feature=7 10 5 4 2 4 4 1 5 12 4 5 12 5 5 8 4 4 4 2 9 4 4 8 12 12 4 12 6 5
split_gain=3.25008 1.84895 1.31929 1.89443 2.4999 1.98911 1.56529 1.16136 1.22396 1.01016 0.994237 1.01278 2.39116 1.02927 0.899685 0.839516 1.10556 1.61178 3.68734 2.36619 1.70431 1.67031 1.67597 1.66496 1.70399 1.65251 1.63186 1.62621 1.58107 1.39224
threshold=0.75000000000000011 1.0000000180025095e-35 64.926300000000012 0.90580000000000005 0.45000000000000007 0.47100000000000003 0.19860000000000003 0.35000000000000003 0.84770000000000012 0.020600000000000004 0.13700000000000004 0.076550000000000021 0.036700000000000003 0.093350000000000016 12.860850000000001 0.99650000000000005 0.7309500000000001 0.051950000000000003 0.057700000000000008 0.45000000000000007 0.34865000000000007 0.036050000000000006 0.019900000000000004 0.99950000000000017 0.58530000000000004 0.41820000000000007 0.0072500000000000004 0.58530000000000004 0.75000000000000011 6.5801000000000007
decision_type=2 2 2 2 2 2 2 2 2 2 2 2 2 2 2 2 2 2 2 2 2 2 2 2 2 2 2 2 2 2
left_child=2 15 3 5 -5 6 10 8 -8 -3 11 12 -1 -13 -15 -2 17 21 -19 20 -20 22 26 -24 29 -23 -17 -27 -29 -25
right_child=1 9 -4 4 -6 -7 7 -9 -10 -11 -12 13 -14 14 -16 16 -18 18 19 -21 -22 25 23 24 -26 27 -28 28 -30 -31
leaf_value=0.068264250975630894 -0.00080453225239381348 -0.034894835314404377 -0.073145654320048284 -0.041976448496941085 0.1078072502228412 -0.071953574384962082 0.10923802429264501 0.0050296994130473996 0.012900732909830476 0.034989992412918676 -0.053216366451493372 0.08310377425584943 -0.11589844129850016 -0.0092156229694014598 0.048605742849122724 0.0015586660122814907 0.083033399021642473 -0.077993274766278931 -0.14445583849273891 0.019414192827290726 -0.0227449538018141 0.056437295889540717 -0.066180315297655432 -0.029404118586597514 0.014608826709754686 -0.069806183755089873 0.021940150261244757 0.03898734414121105 -0.026479464740891624 0.057512937127674059
leaf_weight=0.99029451422393266 269.9770708992146 2.2471624044701484 3.0737236496061078 1.7280017361044873 3.1373717030510306 4.8294667573645702 2.3806880488991728 28.398231137543917 2.9566786233335733 25.994643141515553 5.1576514001935712 1.2282922659069289 2.447454069275409 271.11938057513908 2.7179773999378076 81.703591990983114 1.8974818922579277 7.0213046576827756 1.3316972693428386 22.963568748906255 8.4561526426114124 13.923779005184768 4.6542792096734038 22.667302579153333 25.266429687850177 2.1774291973561075 75.662625214084983 13.790760516189041 5.0361836310476056 2.0060066990554324
leaf_count=20 3746 47 24 24 30 100 13 293 31 321 93 19 67 4545 32 1196 25 78 26 236 144 129 76 296 331 24 942 156 65 12
internal_value=-1.10265e-10 0.00446586 -0.00793683 -0.00732406 0.0546096 -0.00825921 -0.00729004 0.0130734 0.0558712 0.0294294 -0.00971185 -0.00890619 -0.0628476 -0.00823203 -0.00864172 0.00320361 0.00695364 0.00645005 -0.012232 0.00186596 -0.0393045 0.00945966 0.00612072 -0.00897625 -0.00364495 0.0297219 0.0113582 0.0120123 0.0214751 -0.0223375
internal_weight=916.943 586.777 330.165 327.091 4.86537 322.226 317.397 33.7356 5.33737 28.2418 283.661 278.503 3.43775 275.066 273.837 558.536 288.559 286.661 39.7727 32.7514 9.78785 246.888 211.96 54.594 49.9397 34.9282 157.366 21.0044 18.8269 24.6733
internal_count=13141 7850 5291 5267 54 5213 5113 337 44 368 4776 4683 87 4596 4577 7482 3736 3711 484 406 170 3227 2853 715 639 374 2138 245 221 308
is_linear=0
shrinkage=0.1


Tree=24
num_leaves=31
num_cat=0
split_feature=7 5 5 0 5 10 4 4 5 5 0 5 5 4 5 12 5 8 9 13 9 12 12 12 8 5 2 12 9 4
split_gain=2.41008 1.74713 2.62275 2.34296 1.93402 1.28082 1.03111 3.81341 3.38216 2.03686 2.21009 4.05365 3.77246 1.54899 1.47298 1.41429 2.94025 2.40783 1.76872 1.55906 1.44925 1.34532 1.80082 1.18537 1.17189 1.17615 1.16043 1.1341 1.12325 1.03451
threshold=0.75000000000000011 57.13965000000001 27.839050000000004 0.45000000000000007 12.860850000000001 1.0000000180025095e-35 0.049900000000000007 0.050100000000000013 1.5081500000000003 6.1152500000000005 0.77500000000000002 0.42060000000000003 0.84770000000000012 0.019100000000000002 1.6493000000000002 0.25650000000000006 1.1776000000000002 0.99850000000000005 0.7057500000000001 1.0000000180025095e-35 0.50260000000000005 0.027800000000000002 0.14850000000000005 0.24840000000000004 0.99050000000000005 0.46095000000000003 0.55000000000000016 0.008400000000000003 0.17270000000000002 0.053600000000000002
decision_type=2 2 2 2 2 2 2 2 2 2 2 2 2 2 2 2 2 2 2 2 2 2 2 2 2 2 2 2 2 2
left_child=1 2 4 -3 6 -2 9 8 -8 10 11 -1 24 15 28 16 23 18 -17 -19 -21 -18 26 -13 -12 -26 -23 -9 -14 -29
right_child=5 3 -4 -5 -6 -7 7 27 -10 -11 12 13 14 -15 -16 17 21 19 -20 20 -22 22 -24 -25 25 -27 -28 29 -30 -31
leaf_value=-0.075435684035789319 0.0028071592149876297 0.13101594024550575 -0.1061093678461421 -0.018878314907772267 0.064655853878164624 0.024676206223005065 -0.037468338584620169 -0.082985592301825423 0.12944757386158542 0.0813923002502564 -0.0078953845327435612 -0.024401167502156828 0.041078656931223166 -0.028892953140290886 -0.10450931571329357 -0.075284972232613712 0.09424983418948131 -0.060917758902997776 0.0048999303659667658 0.092425261819293558 -0.025206227130368564 0.041648563243032982 0.10813457909594851 0.041140273526988451 0.053905292161541142 0.012954333072485722 -0.040022659221339206 -0.07332904418815564 -0.038707629445491692 -0.0013664593504211795
leaf_weight=11.707477084361015 553.95049291057512 2.1246260683983555 2.6845419835299245 2.0479303859174252 3.7379663400351992 28.141554401256144 1.7354472549632181 1.7963296659290779 4.0397320594638586 2.3197642788290969 10.261694509536026 17.274699948728088 2.1851060576736918 47.877739145886153 2.7848126310855141 2.9751094430685034 4.0920099839568129 14.812183845322581 36.502402790822089 1.2827067896723736 5.7084366204217076 3.489676767960189 2.0223769992589951 3.2840327043086281 12.849581807851793 15.441807639785109 3.469288406893611 2.0389264370314768 9.1667296774685365 98.691456802655011
leaf_count=407 7482 22 18 26 41 368 39 39 27 31 82 450 33 1042 101 65 31 282 365 30 126 46 25 26 96 169 44 32 249 1347
internal_value=-3.50981e-10 -0.00684964 -0.00767707 0.0574464 -0.00685528 0.00386443 -0.00769637 0.000225936 0.0792892 -0.0117917 -0.012835 -0.0188665 0.00485064 -0.0142284 -0.0393375 -0.00683097 0.00964654 -0.0158741 -0.00114297 -0.0425467 -0.00362368 0.0467248 0.0250718 -0.0139316 0.0210535 0.0315537 0.000932592 -0.00422758 -0.0233496 -0.00282308
internal_weight=910.497 328.405 324.232 4.17256 321.547 582.092 317.81 108.302 5.77518 209.508 207.188 154.498 52.6897 142.791 14.1366 94.9129 33.6321 61.2808 39.4775 21.8033 6.99114 13.0734 8.98134 20.5587 38.5531 28.2914 6.95897 102.527 11.3518 100.73
internal_count=13141 5291 5243 48 5225 7850 5184 1484 66 3700 3669 2939 730 2532 383 1490 622 868 430 438 156 146 115 476 347 265 90 1418 282 1379
is_linear=0
shrinkage=0.1


Tree=25
num_leaves=31
num_cat=0
split_feature=7 4 4 0 5 5 4 5 5 4 5 5 12 5 9 8 5 9 12 12 9 8 4 4 1 4 5 0 5 4
split_gain=2.0303 1.05536 1.84445 1.50484 4.02774 3.33515 1.87386 1.49111 1.43769 1.77255 1.41067 1.63389 1.2385 2.09005 1.4622 1.58789 1.45273 1.4194 1.83746 2.54969 1.3235 1.24726 1.82141 1.19319 1.09554 1.00275 1.00199 1.35628 1.33193 3.93961
threshold=0.75000000000000011 0.049900000000000007 0.050100000000000013 0.77500000000000002 0.48535 1.3653500000000001 0.019100000000000002 6.1152500000000005 0.51840000000000008 0.015300000000000003 0.59075000000000011 0.63705000000000012 0.26160000000000005 1.2818000000000003 0.11480000000000001 0.99950000000000017 1.9957500000000004 0.69255000000000011 0.54050000000000009 0.50280000000000002 0.35680000000000006 0.99550000000000016 0.0049500000000000004 0.053600000000000002 0.77500000000000002 0.058650000000000008 12.860850000000001 0.35000000000000003 6.5801000000000007 0.097150000000000014
decision_type=2 2 2 2 2 2 2 2 2 2 2 2 2 2 2 2 2 2 2 2 2 2 2 2 2 2 2 2 2 2
left_child=1 3 24 4 -1 8 12 -8 9 -5 -10 -12 13 14 15 -6 -15 18 19 -14 -16 22 -22 -4 -3 -25 28 -28 -27 -30
right_child=-2 2 23 5 6 -7 7 -9 10 -11 11 -13 17 16 20 -17 -18 -19 -20 -21 21 -23 -24 25 -26 26 27 -29 29 -31
leaf_value=-0.064503236979871426 0.0035174178259090197 0.013456394329061913 -0.08500693089336786 0.044748909433778315 -0.018808821449670478 -0.091957964797013972 -0.029703946650783748 0.06319496894633618 -0.0628984560943011 -0.034666817304876127 0.073027836051704098 -0.0050983295089403356 -0.039996826485444184 0.094772130122712656 -0.068955268168086559 0.1615681749267403 0.019150657736985745 -0.0024817070334301377 -0.087808707145661094 0.1099214985686917 0.074271923985359437 0.014360193253881 -0.10219347091307394 0.031967323725615442 0.099199568431394894 -0.0039394993066668282 0.092903275626961115 0.0040793014651324035 -0.17232194921691124 0.041951842851916846
leaf_weight=15.248906476423143 581.18945270450786 3.0483907070010892 1.6941288355737913 16.604753501713279 0.90920619294047944 3.3788222800940266 46.195510727353394 1.7949153166264284 3.5317006073892143 3.3831448908895245 3.0622382927686003 21.272321277298033 5.2058477457612735 4.3773131147026998 3.4179755616933134 1.0535909309983253 6.0534615013748407 45.978477087803185 4.9436741080135107 1.4505228176712988 0.78626476600765949 12.106145648285747 2.284004527144134 8.7781820539385063 2.9151947451755404 87.463922665454447 2.4226127322763187 5.9192876052111387 1.7528682723641389 1.6808646582067011
leaf_count=562 7850 38 40 138 28 146 1029 24 30 22 32 369 94 43 102 16 66 523 137 28 12 235 64 106 28 1240 35 64 26 14
internal_value=-1.25295e-10 -0.00641417 0.00120957 -0.0107576 -0.0157589 0.00406162 -0.0103158 -0.0262294 0.0108412 0.031307 -0.00383845 0.00473299 -0.00169285 0.0144265 -0.00407294 0.078014 0.0508855 -0.010368 -0.0416267 -0.00732738 -0.0127379 -7.68536e-05 -0.0570025 -0.00173444 0.0553704 -0.000428413 -0.00329396 0.0298751 -0.00633797 -0.0674317
internal_weight=899.904 318.714 115.675 203.039 151.806 51.233 136.557 47.9904 47.8542 19.9879 27.8663 24.3346 88.5665 30.988 20.5572 1.9628 10.4308 57.5785 11.6 6.65637 18.5944 15.1764 3.07027 109.712 5.96359 108.018 99.2396 8.3419 90.8977 3.43373
internal_count=13141 5291 1591 3700 2963 737 2401 1053 591 160 431 401 1348 566 457 44 109 782 259 122 413 311 76 1525 66 1485 1379 99 1280 40
is_linear=0
shrinkage=0.1


Tree=26
num_leaves=31
num_cat=0
split_feature=7 4 4 6 8 13 4 8 9 9 9 9 9 9 4 5 0 0 12 4 9 12 0 4 9 5 9 12 5 0
split_gain=1.89492 0.99184 1.67945 1.12535 1.57211 1.40411 1.37495 1.24543 0.942847 1.48832 1.27709 2.40585 2.15293 2.05226 1.5349 1.51976 3.36191 3.22431 1.8775 2.14921 1.52776 1.47559 1.56062 2.42093 1.99787 1.93008 2.04091 1.44667 1.42769 2.11558
threshold=0.75000000000000011 0.070300000000000015 0.099400000000000016 0.75000000000000011 0.98750000000000016 1.0000000180025095e-35 0.71595000000000009 0.99550000000000016 0.11480000000000001 0.32455000000000006 0.85480000000000012 0.70435000000000014 0.72065000000000012 0.67640000000000011 0.029900000000000003 1.4605000000000004 0.25000000000000006 0.25000000000000006 0.11110000000000002 0.016150000000000001 0.42925000000000008 0.9991000000000001 0.45000000000000007 0.040050000000000009 0.45705000000000007 0.83980000000000021 0.48900000000000005 0.71170000000000011 1.9419500000000001 0.35000000000000003
decision_type=2 2 2 2 2 2 2 2 2 2 2 2 2 2 2 2 2 2 2 2 2 2 2 2 2 2 2 2 2 2
left_child=-1 8 -3 4 -4 -5 -6 -8 -2 -10 11 13 -13 15 -14 17 -17 -11 -18 -20 -21 22 23 24 -19 -26 -27 -24 29 -22
right_child=1 2 3 5 6 -7 7 -9 9 10 -12 12 14 -15 -16 16 18 21 19 20 28 -23 27 -25 25 26 -28 -29 -30 -31
leaf_value=-0.0062672241724839569 -0.022068920889971182 0.039948832311406154 0.038620674707440461 -0.033707999602670354 -0.032687918596132494 0.042187423251744405 -0.038814962310645462 0.051988194489417154 0.018925426377162678 -0.042136563557424955 0.0081721989938941097 -0.081822920063841093 -0.020421030328477498 0.03206698923578815 0.025657338998595208 0.05530408814181851 0.034017421688475401 -0.079676129217221822 0.0233597874743234 -0.078114819449211254 0.11715371416962678 -0.015239474104527624 0.011243246521599028 0.069471274674059974 -0.071472945588921671 0.085320787958835326 -0.0090762128460738431 0.059763896098901641 -0.036487927430572394 -0.017653028615145571
leaf_weight=313.23333317041397 15.877820026129482 19.10319981072098 6.158672500401738 3.0532348435372088 17.519258876098323 12.090176604688168 2.3073112554848185 4.3738599549978971 50.692787432577461 21.629531594924629 155.56130627007224 5.1159828053787342 55.250615268945694 20.583695726469159 8.317407198250292 14.005139036104081 11.366764875128863 4.8471694486215773 10.761348855681716 5.2751337913796332 1.7327363342046762 43.175364725291729 45.999493540264666 3.2682923432439557 3.8731065923348096 2.7662604860961464 13.313892221078275 7.0923752142116419 11.204312182962893 3.5476142428815365
leaf_count=5291 297 213 111 51 264 126 21 39 675 431 1810 100 932 254 105 117 100 93 114 70 17 700 619 30 124 23 128 75 166 45
internal_value=-1.87469e-10 0.00338546 0.0150652 0.00461842 -0.0064885 0.0268853 -0.0179682 0.0206297 0.00192098 0.00268374 0.000848757 -0.00303777 -0.0194147 0.00197389 -0.014392 -0.00106462 0.0126453 -0.00650226 -0.000967625 -0.0131956 -0.0312741 -0.000303308 0.00764235 -0.0114289 -0.0220902 -0.00810106 0.00716286 0.017725 -0.0162849 0.0265835
internal_weight=893.097 579.864 64.6057 45.5025 30.3591 15.1434 24.2004 6.68117 515.258 499.38 448.688 293.126 68.684 224.442 63.568 203.859 57.893 145.965 43.8879 32.5211 21.7598 124.336 81.1606 28.0687 24.8004 19.9533 16.0802 53.0919 16.4847 5.28035
internal_count=13141 7850 825 612 435 177 324 60 7025 6728 6053 4243 1137 3106 1037 2852 629 2223 512 412 298 1792 1092 398 368 275 151 694 228 62
is_linear=0
shrinkage=0.1


Tree=27
num_leaves=31
num_cat=0
split_feature=7 12 12 5 5 10 9 4 9 0 12 12 9 5 4 5 5 12 9 4 4 9 5 5 4 8 5 5 4 0
split_gain=1.74229 0.872344 2.52277 1.43402 1.01236 0.939086 0.965925 0.919896 0.818586 1.82932 2.11237 1.41373 2.97132 1.62268 1.1593 1.0822 2.79711 1.42206 1.11939 0.999111 0.946035 1.11415 0.958415 1.24054 1.18079 0.904129 1.1924 3.86832 1.92786 1.91501
threshold=0.75000000000000011 0.053500000000000013 0.047300000000000002 4.0202500000000008 3.1687000000000007 0.9890000000000001 0.48900000000000005 0.027850000000000003 0.32455000000000006 0.45000000000000007 0.088300000000000017 0.07640000000000001 0.3272500000000001 1.4889500000000002 0.037050000000000007 3.2671000000000006 1.6606000000000003 0.9991000000000001 0.11480000000000001 0.0089500000000000014 0.019750000000000004 0.27450000000000002 1.2107500000000002 1.8769000000000002 0.026950000000000005 0.98050000000000004 1.4730500000000002 1.8121000000000003 0.018900000000000004 0.60000000000000009
decision_type=2 2 2 2 2 2 2 2 2 2 2 2 2 2 2 2 2 2 2 2 2 2 2 2 2 2 2 2 2 2
left_child=-1 2 3 4 -2 8 -7 -4 9 19 -11 13 -13 14 -10 16 17 18 -12 -3 21 -21 -22 -24 -25 26 -14 -28 -29 -30
right_child=1 5 7 -5 -6 6 -8 -9 11 10 15 12 25 -15 -16 -17 -18 -19 -20 20 22 -23 23 24 -26 -27 27 28 29 -31
leaf_value=-0.006002868872182824 -0.0055819785196500153 -0.0087252371694133708 -0.043535246439713432 0.04139705787283663 -0.072705106004421469 0.094446120077892201 0.018699653771847149 -0.14216256138011077 -0.066126615608030834 -0.099745280782337686 -0.034351024837614229 -0.14843159048178725 -0.016711904784151018 0.082660240581567734 0.054344643987691399 0.071527826775011502 -0.090743673809865671 -0.025928232339565479 0.043864171830912374 0.035390837343608178 0.0049067189908105924 0.14089017082871194 0.084676012840933415 0.066485759015025944 -0.020146242655179312 0.0041182917922128618 0.075323023152488663 0.044690703648058355 -0.08101201610179759 0.041299565303468434
leaf_weight=312.58498691720888 42.780630046967417 4.7260150546208051 2.1538742333650585 6.4216230283491305 2.3715011887252322 2.1401668656617385 7.8901887629181147 1.6858838927000759 1.7121701231226318 2.0874620834365514 2.190941911190758 1.312504095956682 47.749173130840063 4.6153861153870821 1.497333714738488 2.2249121600762001 3.0464097573421887 6.5605026967823497 11.100257562473415 2.0912324413657215 7.630277092568579 1.9201434310525654 5.5799103789031488 2.9316454846411943 3.3956469669938087 377.45766179473139 6.3899724902585175 2.8833177266642434 5.4417222365736961 1.673814909532666
leaf_count=5291 734 94 24 64 24 24 80 21 29 21 37 9 909 44 15 26 37 90 146 36 116 22 44 20 37 4969 53 37 63 25
internal_value=-4.26708e-10 0.00328237 -0.00864092 -0.00281896 -0.00910745 0.0045622 0.0348616 -0.0868385 0.00396184 0.0154231 -0.00308607 0.00255095 0.00180655 0.0446857 -0.00992301 0.0049453 -0.00152424 0.0121672 0.0309711 0.0332356 0.0416567 0.0858907 0.0325747 0.0503047 0.0199933 0.00225309 -0.0087238 0.0145497 -0.0242887 -0.0522402
internal_weight=884.247 571.662 55.4135 51.5738 45.1521 516.249 10.0304 3.83976 506.218 55.4854 27.2105 450.733 442.908 7.82489 3.2095 25.123 22.8981 19.8517 13.2912 28.2749 23.5489 4.01138 19.5375 11.9072 6.32729 441.596 64.138 16.3888 9.99885 7.11554
internal_count=13141 7850 867 822 758 6983 104 45 6879 726 357 6153 6065 88 44 336 310 273 183 369 275 58 217 101 57 6056 1087 178 125 88
is_linear=0
shrinkage=0.1


Tree=28
num_leaves=31
num_cat=0
split_feature=7 5 4 6 0 4 5 12 5 0 4 9 4 9 9 9 5 4 4 4 2 12 9 12 12 5 5 0 4 1
split_gain=1.59672 1.06083 3.63222 1.43 1.50817 1.27637 0.825514 1.5963 1.36299 2.37858 1.32269 0.796802 0.794534 1.03548 1.39426 3.72605 1.70675 1.58056 1.44099 1.23356 1.13204 1.10812 1.65469 1.54744 1.11336 1.04742 1.10711 1.74713 1.96334 2.15634
threshold=0.75000000000000011 6.1152500000000005 0.030900000000000004 0.75000000000000011 0.25000000000000006 0.90580000000000005 0.25830000000000003 0.036700000000000003 0.34085000000000004 0.77500000000000002 0.0058500000000000002 0.74310000000000009 0.00175 0.73515000000000008 0.51860000000000006 0.47355000000000008 1.3450500000000003 0.21470000000000003 0.10020000000000003 0.08660000000000001 0.65000000000000002 0.026800000000000001 0.17270000000000002 0.07640000000000001 0.21470000000000003 2.7670000000000008 1.1158500000000002 0.77500000000000002 0.063550000000000009 0.77500000000000002
decision_type=2 2 2 2 2 2 2 2 2 2 2 2 2 2 2 2 2 2 2 2 2 2 2 2 2 2 2 2 2 2
left_child=1 6 -3 4 -4 -6 7 10 9 -8 -1 -9 -10 14 15 21 17 18 19 -16 -17 -14 24 -24 -23 26 -15 28 -28 -30
right_child=-2 2 3 -5 5 -7 8 11 12 -11 -12 -13 13 25 16 20 -18 -19 -20 -21 -22 22 23 -25 -26 -27 27 -29 29 -31
leaf_value=0.074482381970517597 0.0031796359009461077 0.17401475544075828 0.063716288849957656 0.062882347962867818 -0.054393375311208664 0.03125037539431598 -0.042308700429880643 -0.078970209349915846 -0.05448326447059846 0.094399382779512084 -0.062755170508403804 0.010205950659765905 -0.030741533656514827 0.0052701423763492732 -0.019906240514885945 0.064281524527065717 -0.042920835080564379 0.025293289110282349 -0.11950958225077586 0.044712093545453913 0.0060261241721449657 0.013666432195696991 0.011543973751013459 -0.029015366086480344 0.093291643530511725 0.038876426383401226 -0.037288420961116224 -0.099027373593844698 0.06329343300715945 -0.026399781025867992
leaf_weight=1.9315028022974714 564.08018376375549 1.3901748294010747 2.0801618788391343 3.2397178933024398 6.3704591263085586 2.3941170331090689 2.0281771933659902 5.5124083589762449 3.4854928543791166 3.4168010652065277 1.1035144086927173 1.2245451686903832 21.331598619930446 70.581815291196108 45.684643099550158 9.4528454756364209 24.052017309237272 9.8215450234711152 1.3755556531250466 3.1585034243762484 5.1546981967985621 12.987739636562763 14.710192517377434 26.090176676400006 2.0305991619825354 6.9909068783745161 12.587450645864015 2.4635837678797534 5.6705450210720283 5.0831075217574835
leaf_count=45 7850 7 30 33 97 28 84 165 58 23 28 24 475 904 888 158 423 83 20 27 77 246 286 600 41 109 172 73 44 43
internal_value=-2.78976e-10 -0.00572286 0.0198052 0.00458431 -0.0128314 -0.0309991 -0.0070488 -0.0356332 -0.00607945 0.0434776 0.0245836 -0.0627611 -0.0070339 -0.00644161 -0.0111107 -0.00258646 -0.020412 -0.011395 -0.0185703 -0.0157276 0.0437244 -0.0113549 -0.00394613 -0.0143921 0.0244324 0.00150076 -0.0012101 -0.0189351 -0.0104815 0.0208967
internal_weight=877.485 313.405 15.4746 14.0845 10.8447 8.76458 297.93 9.77197 288.158 5.44498 3.03502 6.73695 282.713 279.228 175.85 91.7579 84.0923 60.0402 50.2187 48.8431 14.6075 77.1503 55.8187 40.8004 15.0183 103.377 96.3865 25.8047 23.3411 10.7537
internal_count=13141 5291 195 188 155 125 5096 262 4834 107 73 189 4727 4669 3324 1883 1441 1018 935 915 235 1648 1173 886 287 1345 1236 332 259 87
is_linear=0
shrinkage=0.1


Tree=29
num_leaves=31
num_cat=0
split_feature=7 4 0 9 12 5 4 9 9 0 4 4 4 0 5 5 5 5 2 9 5 12 12 9 4 9 8 5 4 5
split_gain=1.50735 0.762139 1.59681 2.37938 2.14555 1.58235 1.39287 1.12615 1.98992 1.4695 1.10589 3.24461 2.08222 1.71053 2.86329 2.65287 2.32666 1.69934 1.62002 1.54448 1.43287 1.41144 1.9088 1.52024 1.93313 1.54796 1.3383 1.31395 1.89325 1.58308
threshold=0.75000000000000011 0.038950000000000005 0.87500000000000011 0.88700000000000012 0.27120000000000005 1.7565000000000002 0.49930000000000008 0.13840000000000002 0.50400000000000011 0.25000000000000006 0.012750000000000003 0.0089500000000000014 0.013350000000000002 0.87500000000000011 0.51840000000000008 0.66530000000000011 0.73470000000000013 0.076550000000000021 0.75000000000000011 0.65085000000000004 6.5801000000000007 0.061700000000000012 0.047300000000000002 0.32455000000000006 0.019750000000000004 0.34865000000000007 0.96950000000000014 1.0049000000000003 0.016150000000000001 1.0467500000000001
decision_type=2 2 2 2 2 2 2 2 2 2 2 2 2 2 2 2 2 2 2 2 2 2 2 2 2 2 2 2 2 2
left_child=-1 10 5 4 -4 7 -7 9 -9 -3 11 13 -12 17 19 -16 -17 -2 20 -15 21 22 -14 24 -23 -25 -19 -20 -29 -30
right_child=1 2 3 -5 -6 6 -8 8 -10 -11 12 -13 18 14 15 16 -18 26 27 -21 -22 23 -24 25 -26 -27 -28 28 29 -31
leaf_value=-0.005681752574207095 -0.1086105293590572 0.057378878151723323 0.025190485358249765 0.074660832065448143 -0.10869713352043031 -0.010228430715395869 0.064400603150904762 0.052750571764732801 0.014953548091859012 -0.029293881419341024 -0.056784263056872224 0.02747568799590407 -0.027599775569157173 0.11280535161299779 -0.073672409389915511 0.12243834682148219 0.0026206315153878765 -0.038818385504382158 -0.01912898140741599 0.026789779928199919 0.083395264403133162 0.095792353189095625 -0.15373657022337583 -0.088755915042830744 0.0066105090413141211 -0.0087520504196593619 -0.0007923136370813072 0.093860785443394823 0.082547152386410055 0.0060021350841522039
leaf_weight=303.55133409332484 1.5314178904518474 2.5198085587471715 1.7426593769341696 1.5130563750863073 3.8217922081239522 34.916437828913331 2.6938378978520623 18.281228740699589 58.508524917066097 8.7449548775330168 7.4870203845202914 51.991405798122287 10.98587412573397 4.3868225924670714 3.7720648497343054 1.9524199105799187 9.5375411408022028 9.7792762871831638 8.0395569456741196 3.9827284850180149 1.6926238499581803 2.8777603395283249 1.3467858368530858 2.4820952452719203 15.641309688799081 94.313195521011949 172.74939483148046 3.6538734715431955 3.1257868073880699 19.923808258026838
leaf_count=5291 42 28 58 31 94 435 32 227 730 116 94 706 198 27 34 13 189 229 201 28 10 34 22 26 196 1324 2472 28 20 206
internal_value=-1.27454e-10 0.00305801 0.00968385 -0.0365317 -0.0667666 0.0122867 -0.00488312 0.0196204 0.0239518 -0.0099061 0.00101854 0.00513467 -0.00521152 -0.000457956 0.0248693 -0.00090759 0.0229805 -0.00370974 -0.00285828 0.071874 -0.00800815 -0.00922018 -0.0413745 -0.00578133 0.0204689 -0.0108036 -0.00282962 0.0163134 0.026984 0.0163825
internal_weight=867.546 563.995 132.742 7.07751 5.56445 125.665 37.6103 88.0545 76.7898 11.2648 431.253 259.683 171.57 207.692 23.6316 15.262 11.49 184.06 164.083 8.36955 129.34 127.647 12.3327 115.314 18.5191 96.7953 182.529 34.743 26.7035 23.0496
internal_count=13141 7850 1751 183 152 1568 467 1101 957 144 6099 3740 2359 3034 291 236 202 2743 2265 55 1810 1800 220 1580 230 1350 2701 455 254 226
is_linear=0
shrinkage=0.1


Tree=30
num_leaves=31
num_cat=0
split_feature=7 10 5 2 6 8 9 9 9 12 1 4 12 12 12 12 5 1 9 5 9 5 5 5 2 1 12 5 12 9
split_gain=1.14377 1.05063 0.71604 2.08208 1.36633 0.789243 0.966629 1.96917 1.25138 2.25093 1.5485 1.39957 1.91148 1.57906 1.38598 1.36985 1.33832 2.27125 1.38682 1.58974 1.32806 1.21558 2.59957 1.75653 1.16978 1.24107 1.2189 1.38622 1.62307 1.11782
threshold=0.75000000000000011 1.0000000180025095e-35 0.14625000000000002 0.075000000000000025 0.75000000000000011 0.98150000000000015 0.52945000000000009 0.52720000000000011 0.60590000000000011 0.98190000000000011 0.87500000000000011 0.037050000000000007 0.24520000000000003 0.37130000000000002 0.64550000000000007 0.70330000000000015 1.4070000000000003 0.97500000000000009 0.67380000000000007 1.7565000000000002 0.7994500000000001 1.1198500000000002 1.1003500000000004 1.1544500000000004 0.75000000000000011 0.97500000000000009 0.10800000000000001 1.296 0.9991000000000001 0.99890000000000012
decision_type=2 2 2 2 2 2 2 2 2 2 2 2 2 2 2 2 2 2 2 2 2 2 2 2 2 2 2 2 2 2
left_child=-1 2 3 -2 -5 -4 7 -7 9 10 14 16 -13 -14 -8 -12 21 18 -18 20 -20 22 -10 -23 26 -26 -25 -28 -29 -24
right_child=1 -3 5 4 -6 6 8 -9 11 -11 15 12 13 -15 -16 -17 17 -19 19 -21 -22 23 29 24 25 -27 27 28 -30 -31
leaf_value=-0.0049381363092099086 0.067776340130309393 0.02201682222161468 -0.0062578867166295307 -0.031237750335106115 -0.1503224043562153 0.0094543605632633528 -0.0036837596763386413 0.098553482279805982 0.0018167770860540743 0.017245526812922646 -0.086138895920471831 0.083797358889972293 -0.054635560922418419 0.017395441829412075 -0.066063393458375627 0.022377213466190704 0.019696360324052906 0.057323107134510179 -0.024147289565039733 -0.01632859475029582 -0.10011033194532837 0.070066086172393516 -0.096774683113832624 0.069154700340543773 0.081070318003598291 -0.0097297469887179192 -0.026064915390233413 -0.048598991507152092 0.05177645756655333 -0.0061925099898709861
leaf_weight=303.55948832025751 1.9099572822451572 26.780208492651582 90.829819439910352 6.4357210053130984 1.1331174131482837 128.04962097108364 17.454349664505578 2.5294843073934308 127.89400510047562 14.929257391486315 6.7527356613427383 4.0838376162573686 3.2617943044751874 45.455979080405086 4.4749894058331838 1.405385337769985 4.7655425276607337 3.4129856191575518 3.789574112743141 12.580232764594255 5.8611776642501354 5.7492620609700671 3.9364941930398336 2.3140155225992265 4.1030882336199275 2.3775625713169575 14.184416507370772 2.1860617930069548 6.1234292509034276 2.0833521541208029
leaf_count=5291 12 368 1577 130 37 1760 247 30 1832 197 105 45 48 602 39 13 64 33 49 156 83 64 51 12 25 30 135 17 71 18
internal_value=-6.96176e-11 0.00269197 0.00171564 -0.0255223 -0.0490657 0.00221158 0.00400161 0.0111803 0.000868406 -0.0144989 -0.0302503 0.00359023 0.0180815 0.0125728 -0.0164132 -0.067445 -0.000209723 -0.0195394 -0.0292566 -0.0397504 -0.0702818 0.00322871 -0.00120599 0.0192628 0.00992772 0.0477584 4.50868e-05 -0.00706443 0.0253697 -0.0654259
internal_weight=860.407 556.847 530.067 9.4788 7.56884 520.588 429.759 130.579 299.18 45.0167 30.0875 254.163 52.8016 48.7178 21.9293 8.15812 201.361 30.4095 26.9965 22.231 9.65075 170.952 133.914 37.0378 31.2886 6.48065 24.8079 22.4939 8.30949 6.01985
internal_count=13141 7850 7482 179 167 7303 5726 1790 3936 601 404 3335 695 650 286 118 2640 385 352 288 132 2255 1901 354 290 55 235 223 88 69
is_linear=0
shrinkage=0.1


Tree=31
num_leaves=31
num_cat=0
split_feature=7 4 4 8 12 12 2 12 9 2 0 12 0 5 6 5 0 5 5 4 2 0 9 12 9 2 9 4 0 5
split_gain=1.03953 0.795408 2.30054 0.953043 1.23892 1.38697 0.927466 0.996912 0.818244 1.39833 1.39254 1.3443 1.07579 3.75648 1.48381 0.959723 1.60221 1.42943 1.40271 1.32748 1.04376 0.944685 0.928597 0.799454 0.994914 0.784451 0.863399 0.779465 1.62612 1.9112
threshold=0.75000000000000011 0.057700000000000008 0.054500000000000007 0.99250000000000005 0.061700000000000012 0.18560000000000001 0.75000000000000011 0.047300000000000002 0.62085000000000012 0.45000000000000007 0.12500000000000003 0.83140000000000014 0.12500000000000003 1.2508000000000001 0.75000000000000011 1.4242500000000002 0.35000000000000003 4.0202500000000008 1.0671500000000003 0.12990000000000004 0.55000000000000016 0.35000000000000003 0.51175000000000004 0.82330000000000003 0.69850000000000012 0.55000000000000016 0.72065000000000012 0.036050000000000006 0.35000000000000003 1.3148000000000002
decision_type=2 2 2 2 2 2 2 2 2 2 2 2 2 2 2 2 2 2 2 2 2 2 2 2 2 2 2 2 2 2
left_child=-1 2 3 4 6 -6 7 -2 10 23 11 -3 13 -11 25 16 18 19 -12 20 22 -21 -17 -10 -25 26 -14 -5 -29 -30
right_child=1 8 -4 27 5 -7 -8 -9 9 12 15 -13 14 -15 -16 17 -18 -19 -20 21 -22 -23 -24 24 -26 -27 -28 28 29 -31
leaf_value=-0.0046889735017999678 -0.033291462786413477 0.0078896685862701824 -0.068780117898629686 0.0031054127477322308 0.026365159096339269 -0.0046293404078953139 0.023285827869548505 -0.11657329852616638 0.037642722426811021 -0.097919516480457963 -0.090972813645373227 0.11406388335700468 0.0044699640714012676 0.085033354757394514 0.10528692041342678 0.038475478787459494 0.03162504516914208 0.029581996035222859 0.024609166506181918 -0.025962045670784563 -0.056918116608205477 -0.12402172417795672 -0.047000451664423515 0.023234650153594726 -0.051366981565802008 0.015437088258622292 0.089301148881526668 0.03961553777100188 0.025062733617721197 -0.028670509040258238
leaf_weight=304.12852950813249 8.037949522957204 2.8392410259693852 4.6628136383369556 245.15759507357143 15.949810648337005 152.29235243797302 2.2292870888486496 1.7503165090456594 3.0114662628620845 2.2277112053707269 2.3689325992018011 2.0560515560209751 1.7289808271452809 2.2616824880242348 3.7131708245724431 3.906080708839001 12.067339984700082 4.3297410951927295 1.8858899082988498 1.6547425873577584 3.775565767660737 2.4180856049060822 1.8840137533843515 2.8703345749527216 4.7394768979866058 8.6620742240920645 3.9198281355202198 19.087016174569726 15.058850472792985 11.811327533796428
leaf_count=5291 181 36 75 3555 201 2207 46 25 61 24 34 20 19 20 38 60 181 62 25 21 49 43 33 42 87 105 48 213 196 143
internal_value=1.87601e-10 0.00260058 0.00111611 0.00180752 -0.00390669 -0.00169098 -0.034926 -0.0481837 0.0123719 0.0239392 0.00259077 0.0524835 0.0380493 -0.00575088 0.048959 -0.0045319 0.0130211 -0.0204768 -0.0397427 -0.0363688 -0.0160114 -0.0841812 0.0106628 -0.0059693 -0.0232281 0.0343439 0.0633361 0.00534579 0.017297 0.00144321
internal_weight=852.486 548.358 476.037 471.375 180.26 168.242 12.0176 9.78827 72.3204 33.1347 39.1857 4.89529 22.5134 4.48939 18.0241 34.2904 16.3222 17.9682 4.25482 13.6385 9.56566 4.07283 5.79009 10.6213 7.60981 14.3109 5.64881 291.115 45.9572 26.8702
internal_count=13141 7850 6842 6767 2660 2408 252 206 1008 444 564 56 254 44 210 508 240 268 59 206 142 64 93 190 129 172 67 4107 552 339
is_linear=0
shrinkage=0.1


Tree=32
num_leaves=31
num_cat=0
split_feature=7 4 4 6 1 4 4 5 2 5 9 4 12 8 9 4 3 12 4 0 4 4 4 1 4 2 5 5 12 2
split_gain=1.16305 1.05032 1.70546 1.04694 1.49993 1.36482 1.0554 2.40237 0.988682 2.02111 1.26563 1.1202 0.981051 0.908413 0.903094 1.19569 1.10715 1.76361 0.84349 0.85469 0.825862 0.72981 0.9322 2.46218 2.89266 1.23944 2.71767 2.52751 3.89557 1.21933
threshold=0.75000000000000011 0.057700000000000008 0.054500000000000007 0.75000000000000011 0.45000000000000007 0.099400000000000016 0.49930000000000008 1.0315000000000001 0.65000000000000002 1.9419500000000001 0.37120000000000003 0.12100000000000001 0.0071000000000000013 0.93400000000000016 0.81120000000000003 0.080100000000000018 0.75000000000000011 0.56390000000000007 0.069900000000000018 0.25000000000000006 0.077350000000000016 0.19860000000000003 0.35795000000000005 0.45000000000000007 0.78560000000000019 0.45000000000000007 0.89705000000000013 0.87765000000000015 0.18560000000000001 0.75000000000000011
decision_type=2 2 2 2 2 2 2 2 2 2 2 2 2 2 2 2 2 2 2 2 2 2 2 2 2 2 2 2 2 2
left_child=21 2 12 4 13 14 -7 -8 9 10 -5 -10 -2 -3 15 16 17 -6 19 -18 -16 -1 25 -24 29 27 -27 -23 -29 -25
right_child=1 3 -4 8 5 6 7 -9 11 -11 -12 -13 -14 -15 20 -17 18 -19 -20 -21 -22 22 23 24 -26 26 -28 28 -30 -31
leaf_value=-0.0068984235586010958 -0.062003519256717127 0.048155049385250642 -0.06315928270087795 -0.038254600032068438 0.024658557182844067 -0.01882947816849017 -0.06738421207978855 0.054135615556028485 0.11242020258528714 -0.094237095797348194 0.051380862267991129 0.031704247778100901 0.0019972420459819207 -0.070729006519161405 0.10486993149724817 0.050099203479523902 0.040541562971071213 -0.12922681004831532 0.072629363866817884 -0.062634253993116437 0.031016012904965629 0.079763599898042006 -0.088388997339067077 -0.044214561568761107 0.082841215828673709 -0.050668083641683764 0.041805269468922004 0.088993945115536696 -0.075564270252042376 0.043878301791918206
leaf_weight=262.60471144737676 2.4074115315452209 0.78446362912654777 4.0932498150505117 1.9886462148278967 1.4172706324607152 16.009570867754523 2.1560828108340484 6.6276877522468567 2.8551528826355925 1.442386858165263 7.5776023641228676 4.322372367605567 467.88514201482758 3.5577009620610625 2.6943533094599834 6.3627585396170607 1.6059882026165726 1.5694618076086044 1.9284189566969869 1.6055466402322052 3.4565867073833942 7.3068593032658118 3.3184131775051346 6.5402142880484444 3.6835815319791427 6.208327539265154 6.511159872636199 2.4395496714860201 3.506036926060915 2.0680544655770063
leaf_count=4776 41 14 75 31 27 230 54 64 31 22 121 55 6726 139 37 58 18 20 25 26 36 46 72 117 48 63 72 23 38 36
internal_value=-1.92286e-10 0.00277592 0.00111025 0.0144026 0.00690039 0.0122669 -0.00354708 0.0243071 0.0349363 0.0161094 0.0327473 0.0638123 0.00166962 -0.0492512 0.0312627 0.017634 -0.00778445 -0.0562048 0.0203517 -0.0110393 0.0633669 -0.00494931 0.00735996 -0.011953 0.00868237 0.0189679 -0.00333058 0.0403696 -0.00804395 -0.0230511
internal_weight=846.535 542.348 474.386 67.9621 49.7759 45.4337 24.7933 8.78377 18.1862 11.0086 9.56625 7.17753 470.293 4.34216 20.6404 14.4894 8.12669 2.98673 5.13995 3.21153 6.15094 304.187 41.5822 15.6103 12.2919 25.9719 12.7195 13.2524 5.94559 8.60827
internal_count=13141 7850 6842 1008 748 595 348 118 260 174 152 86 6767 153 247 174 116 47 69 44 73 5291 515 273 201 242 135 107 61 153
is_linear=0
shrinkage=0.1


Tree=33
num_leaves=31
num_cat=0
split_feature=7 10 5 5 12 5 5 4 5 1 4 4 5 0 12 0 5 5 12 5 4 0 5 12 12 4 9 4 4 5
split_gain=1.09724 0.867682 1.19693 0.623168 1.4282 1.18004 0.682035 1.3572 0.591857 3.05305 0.938277 1.90364 0.695238 3.21957 2.93797 1.67221 4.31425 1.52519 2.08842 1.88298 1.40291 1.29613 1.25072 1.23879 1.14403 1.31413 1.14153 1.12147 1.00513 1.00943
threshold=0.75000000000000011 0.9890000000000001 2.8582500000000004 0.076550000000000021 0.036700000000000003 0.093350000000000016 0.25830000000000003 0.0010500000000000004 0.37105000000000005 0.45000000000000007 0.0037500000000000003 0.010850000000000002 0.49955000000000005 0.77500000000000002 0.28300000000000008 0.77500000000000002 1.0367000000000002 0.86935000000000007 0.07740000000000001 0.85435000000000005 0.022500000000000003 0.12500000000000003 0.77940000000000009 0.095900000000000013 0.12780000000000002 0.0065000000000000014 0.41640000000000005 0.0052500000000000003 0.023050000000000005 0.80215000000000014
decision_type=2 2 2 2 2 2 2 2 2 2 2 2 2 2 2 2 2 2 2 2 2 2 2 2 2 2 2 2 2 2
left_child=3 8 -3 4 -1 -5 7 -7 9 10 -2 -12 13 27 -15 17 22 18 -14 20 21 -20 24 -24 26 -26 -17 -10 -22 -30
right_child=1 2 -4 5 -6 6 -8 -9 12 -11 11 -13 15 14 -16 16 -18 -19 19 -21 28 -23 23 -25 25 -27 -28 -29 29 -31
leaf_value=0.058212661398192603 -0.010378635807438745 0.044791468592414341 -0.031519072032123271 0.093105693609505227 -0.1027767027135148 0.037465827717445631 -0.0041599289862511877 -0.073015655331160403 0.010474060371837537 -0.057300418520597057 0.086536286314905383 -0.033363550771747123 -0.061135978049050771 -0.0211801539559195 0.10344194398098777 0.10046127399352572 -0.059448125510634414 0.006815284454131371 -0.06557184864521147 -0.098902034426820357 0.10496121885943438 -0.0016809989258979323 -0.07161046639024593 -0.0064487018011726866 0.028845194243354591 -0.019826091617077463 0.00823705757827938 -0.065722888827147788 -0.016245302751843216 0.0608372459494049
leaf_weight=0.79344537295401041 5.3214272893965262 9.8239787900820357 2.5992515906691542 1.2360399141907681 1.8038170686922965 1.5805961014702905 293.02982975589111 3.7497022934257984 4.2862328435294357 9.2141616935841721 4.0437081344425678 1.9689513985067604 7.2387147909030309 2.7550974749028665 6.0366262905299664 2.8592766802758005 15.150074360659344 364.37538057006896 3.510355617851018 1.9806039296090592 1.7417621426284293 33.256446736864746 3.3111935835331705 24.538303254172206 11.725876875221731 10.528383224271236 2.5294711533933878 3.5160812810063362 3.6279975967481732 3.1949998196214437
leaf_count=20 33 152 22 19 67 32 5029 124 138 361 36 25 193 20 48 25 700 4027 125 43 28 900 59 380 98 112 28 121 111 65
internal_value=-9.38925e-11 0.00270373 0.0288254 -0.00482364 -0.0535956 -0.00440082 -0.00480477 -0.0402545 0.00208761 -0.0145496 0.0202052 0.047273 0.00276301 0.0228934 0.0643886 0.00208069 -0.0121516 0.00448065 -0.0111137 -0.00346033 0.00070966 -0.00778106 0.000760899 -0.0141962 0.0158297 0.00581904 0.0571713 -0.0238638 0.0371586 0.0198501
internal_weight=841.328 539.134 12.4232 302.193 2.59726 299.596 298.36 5.3303 526.711 20.5482 11.3341 6.01266 506.163 16.594 8.79172 489.569 70.6426 418.926 54.5509 47.3122 45.3316 36.7668 55.4925 27.8495 27.643 22.2543 5.38875 7.80231 8.56476 6.823
internal_count=13141 7850 174 5291 87 5204 5185 156 7676 455 94 61 7221 327 68 6894 1402 5492 1465 1272 1229 1025 702 439 263 210 53 259 204 176
is_linear=0
shrinkage=0.1


Tree=34
num_leaves=31
num_cat=0
split_feature=7 10 4 5 9 4 12 1 12 4 4 4 2 2 8 2 12 5 8 9 4 4 2 8 9 2 12 9 9 4
split_gain=1.13566 0.736123 0.684375 0.658219 1.45369 4.40821 1.4286 1.35126 0.630159 0.558581 0.473001 0.970364 1.13423 0.985009 0.973996 1.19355 1.162 1.07903 0.860745 0.81446 0.742408 1.36762 0.720809 1.1235 0.813533 0.688903 0.671867 0.992959 0.763957 0.9335
threshold=0.75000000000000011 1.0000000180025095e-35 0.15140000000000003 6.1152500000000005 0.43440000000000006 0.097150000000000014 0.1241 0.87500000000000011 0.17100000000000001 0.15990000000000001 0.070300000000000015 0.099400000000000016 0.75000000000000011 0.55000000000000016 0.98750000000000016 0.65000000000000002 0.045800000000000007 1.1776000000000002 0.99950000000000017 0.75985000000000003 0.054500000000000007 0.055650000000000012 0.55000000000000016 0.99650000000000005 0.60955000000000015 0.45000000000000007 0.013300000000000001 0.32455000000000006 0.34865000000000007 0.0078500000000000011
decision_type=2 2 2 2 2 2 2 2 2 2 2 2 2 2 2 2 2 2 2 2 2 2 2 2 2 2 2 2 2 2
left_child=3 10 -3 -1 6 -6 -5 8 -7 -4 20 12 13 -12 15 16 -13 19 -14 22 26 -22 24 -24 -16 -19 28 -28 -2 -30
right_child=1 2 9 4 5 7 -8 -9 -10 -11 11 14 18 -15 17 -17 -18 25 -20 -21 21 -23 23 -25 -26 -27 27 -29 29 -31
leaf_value=-0.0059410567837594533 -0.051084893150447598 0.012984910811445566 0.10091623736806898 0.0071273882118261496 -0.13063104885056295 -0.035779715855080226 0.12347624813516445 0.10465596034380392 0.032200706027235453 0.018979467444988497 0.032959432075748495 -0.09646373241567599 0.033330385208753463 -0.031886974735185626 0.10255953117821104 0.081463631433621425 0.024756779986826859 -0.060829170351660848 0.12674969579825138 -0.060381173513283939 -0.10974540067129764 -0.010308232672006985 -0.044939269922192868 0.051141391703176844 0.019774683608482804 -0.012375431275880731 0.014970253299188005 0.00039683103125840146 -0.036129173641820021 0.047110377914758098
leaf_weight=287.19127571303397 5.1161610651761276 22.431063259951774 1.7316470053046935 2.1104080546647301 2.1720901848748309 2.1682597175240517 2.1108877211809158 1.8691256698220966 3.6742967590689659 1.6014750571921466 9.0969617166556436 0.96687749959528257 2.0690724905580273 3.1547859683632842 1.9100418863818065 3.0149137228727341 4.3416654504835606 4.1464094032999119 1.8846560232341292 1.2737597599625576 1.6033887788653363 10.069693926256148 2.7637903206050396 2.1746096517890692 3.1360998144373298 10.037640701979397 53.30019439663738 380.60328819206916 2.8798319865018129 2.5316533455625176
leaf_count=5096 111 317 21 34 50 25 22 27 37 30 126 13 24 37 29 41 89 97 17 35 25 187 34 27 51 131 749 5558 63 38
internal_value=1.42987e-10 0.00277889 0.0192675 -0.00490522 0.0161853 -0.00479493 0.0653084 0.0306484 0.00697216 0.0615478 0.00193946 0.0111757 0.0312905 0.0162617 0.00152187 0.0312157 0.00267814 -0.00819247 0.0778613 0.014923 0.000927529 -0.0239667 0.0245297 -0.00263044 0.05111 -0.0265399 0.00158138 0.00218701 -0.0233801 0.00281276
internal_weight=833.136 531.84 25.7642 301.296 14.1051 9.88377 4.2213 7.71168 5.84256 3.33312 506.075 49.9713 16.2055 12.2517 33.7658 8.32346 5.30854 25.4424 3.95373 11.2583 456.104 11.6731 9.98454 4.9384 5.04614 14.1841 444.431 433.903 10.5276 5.41149
internal_count=13141 7850 368 5291 195 139 56 89 62 51 7482 751 204 163 547 143 102 404 41 176 6731 212 141 61 80 228 6519 6307 212 101
is_linear=0
shrinkage=0.1


Tree=35
num_leaves=31
num_cat=0
split_feature=7 10 12 4 4 2 5 4 2 5 5 3 12 0 5 5 5 8 8 9 12 1 13 12 5 1 6 0 5 4
split_gain=0.987846 0.764112 0.667314 0.746519 0.623592 1.47804 1.22316 1.09197 0.977495 2.49562 1.21455 2.49342 1.19294 0.835471 2.68668 2.289 1.09219 1.19129 2.42224 1.3819 0.900984 0.924264 0.86847 1.16133 0.831783 1.66452 1.89048 1.76411 1.30497 1.09014
threshold=0.75000000000000011 1.0000000180025095e-35 0.020600000000000004 0.15140000000000003 0.049750000000000009 0.75000000000000011 0.46095000000000003 0.015050000000000003 0.075000000000000025 0.82010000000000016 0.72840000000000005 0.75000000000000011 0.12630000000000005 0.77500000000000002 1.3653500000000001 0.48535 0.68780000000000008 0.99050000000000005 0.99750000000000016 0.69255000000000011 0.019100000000000002 0.87500000000000011 1.0000000180025095e-35 0.048500000000000008 2.0817500000000004 0.77500000000000002 0.75000000000000011 0.77500000000000002 1.7346000000000001 0.063550000000000009
decision_type=2 2 2 2 2 2 2 2 2 2 2 2 2 2 2 2 2 2 2 2 2 2 2 2 2 2 2 2 2 2
left_child=4 -2 -3 -4 5 13 -7 -8 9 -6 11 -10 -11 15 16 20 17 -15 -19 22 21 -1 23 -20 28 26 27 -26 -12 -27
right_child=1 2 3 -5 8 6 7 -9 10 12 24 -13 -14 14 -16 -17 -18 18 19 -21 -22 -23 -24 -25 25 29 -28 -29 -30 -31
leaf_value=-0.041473216787615487 0.0017409491507299664 -0.036171730490542287 0.017713293332035595 0.073570579131918529 0.050496187733487199 -0.090416414455316965 -0.003975746373838007 -0.041025597872036822 0.044484842989148149 0.0030352571159931938 0.0043356325304363683 -0.12328285248782794 -0.080339854699627067 -0.010410565764681842 -0.084105693402409198 -0.0040598000992750531 -0.0058157419583992082 0.13082321628337698 -0.0089531500170170128 -0.022773024314455131 -0.0653247920336089 0.13217939709886356 -0.0095600992243679277 0.071825045875981236 -0.00053040029519864991 0.11279238133638275 0.09758906466775015 -0.1182231382416048 -0.062044982244226422 0.035437114421823443
leaf_weight=0.81824311800300964 502.66606966243125 1.99424319341779 21.089039288461212 2.6988596729934207 3.0634908359497777 2.7706392141990355 17.155762914568189 14.832752648741005 1.5384493814781302 2.4513647174462658 67.524022063240409 2.088529166765511 5.7216713754460216 6.718435330316427 3.0232333815656594 98.357374893967062 17.934445688035339 2.4770861119031933 2.2685662470757988 4.477002451196312 8.863401279319076 0.4900781000033021 2.6569491084665051 8.2603394407778961 9.7245892155915481 2.331935876980423 1.6878729462623603 1.465514641255141 3.0973794125020495 8.3278159815818054
leaf_count=36 7482 47 284 37 27 121 297 309 35 57 916 52 111 63 146 1806 333 24 24 44 367 19 26 75 120 26 16 40 76 125
internal_value=1.80527e-10 0.00260214 0.0193924 0.0240506 -0.00458171 -0.00802458 -0.0266762 -0.0211554 0.00145326 -0.02648 0.00466304 -0.0521211 -0.0553329 -0.0038779 0.0071352 -0.00873008 0.0132934 0.0260533 0.0382172 0.0252299 -0.0538903 0.0235745 0.0415284 0.0544205 0.00685035 0.0231306 -0.00106365 -0.0159441 0.00142425 0.0523594
internal_weight=828.575 528.448 25.7821 23.7879 300.127 191.104 34.7592 31.9885 109.023 11.2365 97.7861 3.62698 8.17304 156.345 47.8161 108.529 44.7928 26.8584 20.1399 17.6629 10.1717 1.30832 13.1859 10.5289 94.1591 23.5377 12.878 11.1901 70.6214 10.6598
internal_count=13141 7850 368 321 5291 3690 727 606 1601 195 1406 87 168 2963 735 2228 589 256 193 169 422 55 125 99 1319 327 176 160 992 151
is_linear=0
shrinkage=0.1


Tree=36
num_leaves=31
num_cat=0
split_feature=7 4 9 1 5 1 4 5 5 5 0 4 4 0 5 5 5 5 0 2 0 5 8 9 5 8 12 6 1 4
split_gain=0.833479 0.691572 1.43103 1.93819 1.30226 1.37142 3.12634 2.49278 1.96058 1.62449 1.57178 1.28733 0.977855 1.6291 1.18008 1.12401 1.43471 1.09275 2.11356 1.55445 1.52804 1.90208 1.86542 1.89519 1.82869 1.22149 1.08767 2.78771 1.76375 1.24008
threshold=0.75000000000000011 0.038950000000000005 0.18600000000000003 0.97500000000000009 3.1167000000000002 0.65000000000000002 0.090250000000000011 9.0278000000000009 3.7888500000000005 12.860850000000001 0.60000000000000009 0.041550000000000011 0.019900000000000004 0.77500000000000002 0.76060000000000005 2.4931500000000004 2.2272500000000002 1.7565000000000002 0.25000000000000006 0.55000000000000016 0.25000000000000006 0.98995000000000011 0.99950000000000017 0.48565000000000008 1.6713500000000001 0.99650000000000005 0.58530000000000004 0.75000000000000011 0.77500000000000002 0.023850000000000007
decision_type=2 2 2 2 2 2 2 2 2 2 2 2 2 2 2 2 2 2 2 2 2 2 2 2 2 2 2 2 2 2
left_child=-1 12 3 -3 11 6 -6 8 -7 10 -8 -4 15 26 -15 16 17 20 -19 -20 21 -2 23 -23 -22 -25 27 -14 -29 -28
right_child=1 2 4 -5 5 7 9 -9 -10 -11 -12 -13 13 14 -16 -17 -18 18 19 -21 24 22 -24 25 -26 -27 29 28 -30 -31
leaf_value=-0.0042545186132133157 -0.043145081348413848 -0.030004615666727016 0.050335956162570243 0.086031671965632883 -0.061087148910727224 -0.072009896168467771 -0.037092008265237862 -0.14796897235184134 0.030753551302425759 0.15846325089799229 0.088600326991820313 0.013937874000498288 -0.033170145345959023 0.0042649013350174536 -0.063867099966372548 0.033987869750993042 -0.060151592813118854 0.10495206723237936 0.043081769849278674 -0.038290678983360103 0.0058215769309788237 0.092046952809801602 -0.042429326369441522 -0.011978831886547732 -0.08196907350569245 0.044760388738660631 -0.019705806923639324 0.085929460772793953 -0.020886199484961197 0.012402466421668229
leaf_weight=295.26512626884505 15.821889276616274 14.513477216474712 11.24391282815486 1.5979800159111626 3.1553793912753481 3.2442155238240939 1.803300507366657 1.6757541820406912 4.3404567018151283 1.3661960146855561 2.2192726051434875 71.555951428599656 25.580057960934941 3.687885792925953 8.1830994775518757 11.516631234437225 3.6515348851680747 3.0017808936536303 5.5808608862571401 4.0520915798842907 228.42049483768642 2.7685881257057252 7.7284669484943143 13.890193266794087 2.3976126024499527 5.2201576922088853 16.16323718521744 3.6673412015661588 2.6722474433481693 47.022793746553361
leaf_count=5291 530 230 137 23 53 35 23 21 63 15 37 1114 335 49 262 110 35 25 77 39 3383 32 113 133 39 45 243 55 57 537
internal_value=1.05823e-10 0.00238035 0.0091736 -0.0184958 0.0136048 -0.0109304 0.0179631 -0.0375891 -0.0132018 0.0642507 0.032253 0.0188806 0.000451324 -0.00777168 -0.042701 0.00334449 0.00213811 0.00292546 0.031684 0.00885253 0.00161013 -0.0151541 -0.000196084 0.0147223 0.00490966 0.00351998 -0.00341184 -0.0184581 0.0409048 0.00418904
internal_weight=823.008 527.743 116.716 16.1115 100.604 17.8046 8.54415 9.26043 7.58467 5.38877 4.02257 82.7999 411.027 106.977 11.871 304.05 292.534 288.882 12.6347 9.63295 276.247 45.4293 29.6074 21.8789 230.818 19.1104 95.1057 31.9196 6.33959 63.186
internal_count=13141 7850 1751 253 1498 247 128 119 98 75 60 1251 6099 1538 311 4561 4451 4416 141 116 4275 853 323 210 3422 178 1227 447 112 780
is_linear=0
shrinkage=0.1


Tree=37
num_leaves=31
num_cat=0
split_feature=7 4 6 1 13 5 12 2 12 5 1 4 5 9 9 9 5 0 0 9 4 1 5 9 5 8 9 12 9 5
split_gain=0.777186 1.01384 0.712492 1.2466 0.91906 0.688865 1.57677 1.47529 1.24121 1.0481 1.00029 0.664283 0.798515 0.940725 0.653148 1.96437 2.24738 3.20871 2.30964 1.88875 1.40564 1.18696 1.76668 1.33447 1.56472 1.13277 1.92363 1.07292 0.971321 0.938756
threshold=0.75000000000000011 0.070300000000000015 0.75000000000000011 0.45000000000000007 1.0000000180025095e-35 0.27490000000000009 0.10300000000000002 0.075000000000000025 0.013100000000000002 0.34085000000000004 0.45000000000000007 0.079900000000000013 3.5948000000000007 0.83620000000000017 0.71335000000000015 0.52720000000000011 1.0910000000000002 0.77500000000000002 0.77500000000000002 0.50400000000000011 0.13700000000000004 0.65000000000000002 1.3148000000000002 0.19765000000000002 2.1134500000000007 0.99150000000000016 0.64455000000000007 0.27850000000000003 0.27915000000000006 1.1823500000000002
decision_type=2 2 2 2 2 2 2 2 2 2 2 2 2 2 2 2 2 2 2 2 2 2 2 2 2 2 2 2 2 2
left_child=5 -2 3 -3 -4 6 7 -1 -9 10 -7 -5 -13 -14 15 16 18 19 -11 20 21 -18 -23 -24 -25 26 -17 -21 -26 -27
right_child=1 2 4 11 -6 9 -8 8 -10 14 -12 12 13 -15 -16 25 17 -19 -20 27 -22 22 23 24 28 29 -28 -29 -30 -31
leaf_value=0.10997367642369352 0.00086409203557408188 -0.056559271569207085 -0.010871554929219956 0.046399091674295213 0.051241989361541895 0.092281307998379539 -0.071548220069147128 -0.12651290792995995 0.011471396672986195 -0.028280408717087126 -0.022089936158711757 -0.00087171249080271365 0.059860485229856965 -0.021415141931457073 0.0020769622011726848 -0.024487432137457937 0.0021503077698144571 -0.058840444335084487 0.017453823166707658 0.11321656701847144 -0.034879860608351264 -0.017272406251885843 0.11723598991506308 0.08539621219394912 -0.053832411971048502 -0.0053117304364252299 -0.12018958017837827 0.027958921607590899 0.033384101403094162 -0.030348876881636472
leaf_weight=1.1270684637129287 471.9307260371279 2.7087926964741191 3.1552327731624219 5.321080243214964 9.7226304998621345 2.1864351667463775 4.7223291534464806 0.85288935806602273 2.7664281763136387 33.495960232801735 1.1760125304572282 23.263507621362809 5.1529369074851266 1.9679946489632127 111.42277713539079 7.8434232589788717 13.314964559860529 4.9645640868693581 16.472844135016203 3.5472097769379607 4.4903956167399874 4.0200892128050354 2.9848800953477612 4.8260324541479331 1.732569448649883 38.904840969480574 2.8683720394037664 2.5279994457960129 4.8554458394646645 24.347653549630195
leaf_count=11 7025 125 56 67 150 17 173 32 78 959 58 329 72 26 1542 164 203 168 242 28 91 96 52 61 25 672 61 34 74 450
internal_value=8.37691e-11 0.0023153 0.0156676 0.00884356 0.0360234 -0.00410022 -0.030637 0.0100668 -0.0210445 -0.0032216 0.0522801 0.0138053 0.00809735 0.0373985 -0.00388193 -0.00776024 0.00158236 0.0172144 -0.0132035 0.0261407 0.017487 0.024897 0.0413404 0.0577048 0.0421368 -0.020042 -0.0501143 0.0777394 0.0104472 -0.0149492
internal_weight=818.674 523.223 51.2922 38.4143 12.8779 295.451 9.46872 4.74639 3.61932 285.982 3.36245 35.7055 30.3844 7.12093 282.62 171.197 97.233 47.2642 49.9688 42.2996 36.2244 31.734 18.419 14.3989 11.414 73.9643 10.7118 6.07521 6.58802 63.2525
internal_count=13141 7850 825 619 206 5291 294 121 110 4997 75 494 427 98 4922 3380 2033 832 1201 664 602 511 308 212 160 1347 225 62 99 1122
is_linear=0
shrinkage=0.1


Tree=38
num_leaves=31
num_cat=0
split_feature=7 4 0 5 1 0 8 5 10 5 8 5 12 9 9 9 0 4 0 9 4 8 9 0 12 12 12 12 12 1
split_gain=0.925721 0.838989 1.16403 1.22269 1.94485 1.31133 1.81739 1.62019 1.10607 1.00732 1.26483 1.91159 0.841601 0.805851 1.34456 0.980649 0.896647 0.778392 1.32465 0.935057 1.43887 1.15847 0.880208 0.89367 0.830091 1.32127 1.17617 1.10494 1.28925 1.09966
threshold=0.75000000000000011 0.039400000000000011 0.87500000000000011 1.3450500000000003 0.45000000000000007 0.35000000000000003 0.98350000000000015 12.860850000000001 0.9890000000000001 1.5637000000000001 0.99950000000000017 1.7127000000000001 0.24520000000000003 0.18600000000000003 0.58225000000000016 0.62085000000000012 0.77500000000000002 0.019900000000000004 0.77500000000000002 0.32455000000000006 0.0098500000000000029 0.89750000000000008 0.20795000000000002 0.60000000000000009 0.10630000000000002 0.16690000000000002 0.28170000000000001 0.16330000000000003 0.14520000000000002 0.35000000000000003
decision_type=2 2 2 2 2 2 2 2 2 2 2 2 2 2 2 2 2 2 2 2 2 2 2 2 2 2 2 2 2 2
left_child=-1 17 3 13 -5 6 -6 8 9 -7 -11 -12 -4 -3 16 -16 -15 19 -19 20 22 -21 23 -2 -23 27 29 28 -26 -27
right_child=1 2 12 4 5 7 -8 -9 -10 10 11 -13 -14 14 15 -17 -18 18 -20 21 -22 24 -24 -25 25 26 -28 -29 -30 -31
leaf_value=-0.0045120680321001196 -0.0046384391085541729 -0.0055224181157625995 0.024168434129322385 -0.1007564234072596 -0.041649118792595259 -0.064084379139169437 0.032421349471019482 0.089103963674650413 0.062837012717729471 0.018627108281215186 0.027844596731201616 -0.065671203611876547 -0.057841709436256585 0.042030244067917139 -0.02250270193181475 0.024635152357654594 0.11170012483253143 -0.0029662995658537947 -0.038380471705441982 -0.066663619537280991 0.045680023881413963 -0.014506698977128384 0.01909526119516626 -0.094048390960387335 0.038287113279927225 -0.10804387041840667 0.0036855142311302091 0.1115661285874433 -0.059527710565621339 -0.017026271281718155
leaf_weight=291.55070291087031 3.3033061251044291 8.0526345930993539 1.7972297184169281 1.7801035433076311 3.8951903283596065 4.6614213567227223 22.144502265378833 1.5328165255486954 1.6201326921582211 7.6976984757930049 3.2356715127825737 6.7372040674090385 4.119640626013279 15.412558079697193 5.59861184190959 20.847812758758664 2.0988289806991807 94.787945319898427 11.886507264338432 2.4818123476579776 12.427065054886041 27.537394060753286 7.6389697901904583 1.6897541014477608 9.1490337168797797 1.5435457695275534 224.59578523272648 1.6593499761074788 1.5802338384091861 9.4801833909004909
leaf_count=5291 74 114 59 86 55 65 276 20 27 104 24 102 121 224 79 334 34 1248 317 38 155 486 133 29 116 17 3323 9 32 149
internal_value=5.39022e-11 0.00252498 0.0102271 0.0126519 0.0020086 0.00555899 0.0213414 -0.010567 -0.0169454 -0.0227334 -0.0118252 -0.0353303 -0.0329314 0.02356 0.0288877 0.0146562 0.0503805 0.000434183 -0.00691243 0.0030199 0.021521 0.00135237 -0.00224609 -0.0348966 0.00196498 0.0037939 0.00212023 0.0356254 0.0238807 -0.0297706
internal_weight=812.544 520.993 111.232 105.315 53.3047 51.5246 26.0397 25.4849 23.9521 22.332 17.6706 9.97288 5.91687 52.0104 43.9578 26.4464 17.5114 409.761 106.674 303.086 25.0591 278.027 12.632 4.99306 275.546 248.008 235.62 12.3886 10.7293 11.0237
internal_count=13141 7850 1724 1544 759 673 331 342 322 295 230 126 180 785 671 413 258 6126 1565 4561 391 4170 236 103 4132 3646 3489 157 148 166
is_linear=0
shrinkage=0.1


Tree=39
num_leaves=31
num_cat=0
split_feature=7 4 0 9 4 4 2 12 1 5 4 4 4 2 8 5 4 9 5 13 2 8 9 9 5 12 12 2 0 5
split_gain=0.919442 0.863698 0.93966 0.940654 1.32798 1.32826 1.67719 1.15195 1.08686 1.07336 0.931412 0.807031 2.25647 1.30169 1.5365 0.997853 1.0439 0.957424 0.87585 0.862083 1.58651 0.916444 0.853678 1.22158 1.05661 0.919818 1.24133 1.11323 0.844422 1.49422
threshold=0.75000000000000011 0.038950000000000005 0.87500000000000011 0.95565000000000011 0.043250000000000004 0.045900000000000003 0.65000000000000002 0.045800000000000007 0.87500000000000011 1.6493000000000002 0.055650000000000012 0.011950000000000002 0.0089500000000000014 0.75000000000000011 0.89400000000000013 0.87135000000000007 0.017900000000000003 0.48200000000000004 2.2272500000000002 1.0000000180025095e-35 0.55000000000000016 0.97950000000000015 0.3776500000000001 0.41990000000000005 0.59075000000000011 0.061700000000000012 0.11110000000000002 0.45000000000000007 0.25000000000000006 1.3621500000000004
decision_type=2 2 2 2 2 2 2 2 2 2 2 2 2 2 2 2 2 2 2 2 2 2 2 2 2 2 2 2 2 2
left_child=-1 11 3 4 8 6 -6 10 -3 -5 -7 12 18 22 -15 16 -16 -14 28 20 -19 -21 24 -24 -13 27 -27 -25 29 -2
right_child=1 2 -4 9 5 7 -8 -9 -10 -11 -12 13 17 14 15 -17 -18 19 -20 21 -22 -23 23 25 -26 26 -28 -29 -30 -31
leaf_value=-0.0044883212582083869 -0.022506478798662036 0.021034634984460152 -0.027909190160849907 0.0062380159112176729 0.0022393296651219917 -0.078559244413011514 -0.10544311819956982 0.017811099551637833 0.07055032913181547 -0.085890274752748325 -0.0033832237496718462 0.081330574155597357 0.057483498101349277 0.095313042779427662 -0.092543754528080779 0.013817696801873506 0.0043234033274423917 0.012483197632740655 -0.055431111922128407 -0.046425623627272747 0.11885378530979809 0.016688943054755843 -0.072613366620749284 -0.0049188046886871062 0.00043507169158924153 0.032056949246968391 -0.01268643123320274 -0.095947325380214485 0.0036003676797944813 0.045801265255213552
leaf_weight=291.60626086918637 27.217660794965926 13.020977951586248 6.0979040535166851 3.3824231373146167 4.2200442515313616 2.0247520832344881 2.2007033256813884 64.282062694663182 6.7209793524816623 2.0197675880044699 8.8595549287274462 1.7004318069666613 7.9189268741756669 2.0922414995729914 1.9222917053848494 29.059894634410739 2.6409649737179279 3.7441579066216972 2.8230146979913107 2.5786462537944344 2.2416503354907036 21.338681612163782 3.4177977815270415 2.5969991576857856 31.986149656586349 6.6777768824249497 86.765691800508648 2.7833771221339703 160.00296563096344 3.6294182725250712
leaf_count=5291 555 154 183 82 52 38 27 953 76 24 162 33 155 33 50 332 81 47 35 67 27 265 52 45 460 96 1280 42 2402 42
internal_value=-1.21419e-10 0.00253664 0.0102703 0.0124516 0.0146193 0.00898792 -0.0346687 0.0127171 0.0378918 -0.0282069 -0.0173678 0.000372159 0.00422482 -0.00482391 0.0121651 0.0069911 -0.0364823 0.026566 -0.000138146 0.0183784 0.0523184 0.00988425 -0.0092878 -0.0138367 0.00451852 -0.0118039 -0.00948892 -0.0520097 0.000679737 -0.0144695
internal_weight=807.574 515.968 112.829 106.731 101.329 81.5871 6.42075 75.1664 19.742 5.40219 10.8843 403.139 231.495 171.644 35.7154 33.6232 4.56326 37.8221 193.673 29.9031 5.98581 23.9173 135.928 102.242 33.6866 98.8238 93.4435 5.38038 190.85 30.8471
internal_count=13141 7850 1751 1568 1462 1232 79 1153 230 106 200 6099 3595 2504 496 463 131 561 3034 406 74 332 2008 1515 493 1463 1376 87 2999 597
is_linear=0
shrinkage=0.1


Tree=40
num_leaves=31
num_cat=0
split_feature=7 4 2 5 9 12 9 4 8 2 2 5 2 4 9 0 13 0 4 2 8 9 9 12 12 4 8 8 4 5
split_gain=0.82597 0.799046 0.996393 1.41161 1.0633 1.64615 0.920607 1.09834 0.969564 1.20592 1.18299 1.96969 0.961927 0.962348 0.914956 1.06181 1.40118 1.30762 0.882291 0.909363 0.952287 0.948188 0.855824 0.883579 1.21987 0.868129 0.803109 1.03978 0.911371 0.775089
threshold=0.75000000000000011 0.036050000000000006 0.45000000000000007 1.3148000000000002 0.21720000000000003 0.24520000000000003 0.95350000000000013 0.043250000000000004 0.98250000000000004 0.55000000000000016 0.55000000000000016 1.0277500000000004 0.75000000000000011 0.039900000000000012 0.76635000000000009 0.60000000000000009 1.0000000180025095e-35 0.77500000000000002 0.019900000000000004 0.75000000000000011 0.89750000000000008 0.44805000000000006 0.30960000000000004 0.035100000000000013 0.014900000000000002 0.0098500000000000029 0.98850000000000005 0.99550000000000016 0.049750000000000009 6.5801000000000007
decision_type=2 2 2 2 2 2 2 2 2 2 2 2 2 2 2 2 2 2 2 2 2 2 2 2 2 2 2 2 2 2
left_child=-1 18 3 -3 -5 -6 7 12 9 -9 11 -10 -4 -14 15 -7 -17 -18 22 29 -21 -22 25 24 -24 -2 -12 -28 -29 -20
right_child=1 2 6 4 5 14 -8 8 10 -11 26 -13 13 -15 -16 16 17 -19 19 20 21 -23 23 -25 -26 -27 27 28 -30 -31
leaf_value=-0.0042513258223012707 0.0031238708665388927 0.012702291769650634 0.053117770771690977 -0.091061447993334099 0.042988443444868289 -0.10287185283116099 -0.025599327164996591 -0.082255224511084676 -0.062212611375055342 0.0059426610915962819 0.054098253173991862 0.054342143629402401 -0.046770295345721032 0.038238460272772695 0.001738267203752487 -0.12287925762363723 0.044012569325437817 -0.093783993100225838 -0.014906863606571228 0.080319524471833659 -0.032091664023402619 0.018084414336388598 0.0086985593227679164 0.0025235163316972664 -0.05608798178281918 0.041918815635559298 -0.031800453294877552 -0.039087761538762901 0.01977100688701227 0.056959149874774496
leaf_weight=291.35061158565804 12.279872459359469 24.556718207895756 14.085530891083183 2.1021113153547075 3.7005754811689249 2.8529010806232673 4.9459881680086246 2.3082803376018992 1.6388579728081811 4.7206353964284062 3.1870917342603198 12.575222527608274 2.2340077292174092 3.2971012312918901 4.604875847697258 1.1101330567616967 2.5119498688727622 0.94876829115673889 71.977787086740136 1.7825468052178646 5.2672487730160382 13.215492982417343 5.4893958987668139 262.69463433651254 6.1763068232685328 10.877507287077604 7.2022739602252868 3.0403864346444633 19.523616529069841 1.5326938144862641
leaf_count=5291 236 430 157 58 65 40 84 40 43 80 39 155 38 40 99 29 28 58 1097 27 75 175 112 3935 132 146 109 40 273 10
internal_value=2.96844e-10 0.00241711 0.00951386 -0.00284811 -0.0242636 -0.0153365 0.0161671 0.0189657 0.0116268 -0.0230213 0.0167901 0.0409036 0.0392413 0.00390353 -0.03328 -0.0550015 -0.0251232 0.00623515 0.000219915 -0.00823805 0.0105171 0.00378514 0.00288581 0.00132762 -0.0256021 0.0213467 0.00638903 0.00128078 0.0118401 -0.0134085
internal_weight=803.791 512.441 121.147 42.388 17.8313 15.7292 78.759 73.813 54.1964 7.02892 47.1674 14.2141 19.6166 5.53111 12.0286 7.42375 4.57085 3.46072 391.293 93.7758 20.2653 18.4827 297.518 274.36 11.6657 23.1574 32.9534 29.7663 22.564 73.5105
internal_count=13141 7850 1905 807 377 319 1098 1014 779 120 659 198 235 78 254 155 115 86 5945 1384 277 250 4561 4179 244 382 461 422 313 1107
is_linear=0
shrinkage=0.1


Tree=41
num_leaves=31
num_cat=0
split_feature=5 0 4 2 0 4 2 12 4 12 7 4 5 5 0 9 4 4 2 4 8 4 1 4 12 4 12 12 9 9
split_gain=0.742174 4.73001 2.90634 0.86719 0.898304 0.665623 1.94579 1.19234 1.50865 0.647807 0.646533 0.667655 1.1367 1.4217 0.822532 0.918083 0.762043 1.5522 1.41432 1.09404 2.26582 1.18532 1.13845 1.08915 0.861293 0.842139 1.19505 1.42278 1.4553 1.14286
threshold=0.37105000000000005 0.77500000000000002 0.015300000000000003 0.55000000000000016 0.25000000000000006 0.0037500000000000003 0.075000000000000025 0.13160000000000002 0.00095000000000000011 0.0050000000000000001 0.75000000000000011 0.033100000000000011 2.6790500000000006 2.2272500000000002 0.60000000000000009 0.082800000000000026 0.011950000000000002 0.0089500000000000014 0.75000000000000011 0.0068500000000000011 0.99750000000000016 0.0065000000000000014 0.35000000000000003 0.0072500000000000004 0.10300000000000002 0.031750000000000007 0.19110000000000002 0.75860000000000005 0.71065000000000011 0.52095000000000014
decision_type=2 2 2 2 2 2 2 2 2 2 2 2 2 2 2 2 2 2 2 2 2 2 2 2 2 2 2 2 2 2
left_child=1 3 5 -1 -5 7 -7 -3 -9 -2 -11 16 13 14 -13 -16 17 19 -18 21 22 24 -21 -22 -12 26 29 -28 -29 -20
right_child=9 2 -4 4 -6 6 -8 8 -10 10 11 12 -14 -15 15 -17 18 -19 25 20 23 -23 -24 -25 -26 -27 27 28 -30 -31
leaf_value=-0.077918064067264647 0.052583887142739622 0.067835323486424265 -0.057353543120871847 -0.091503819113058396 -0.012315331642440648 0.11189679764153029 0.010930201428170354 0.035022281754331634 -0.06199333447650246 -0.0033814692094784465 -0.020048895383842 0.016250434109289873 -0.011522408412916192 0.073882610808081173 -0.070226673883841059 0.00088405370050788552 -0.010034058668932293 0.023294695930725348 0.023613449518081926 -0.12753585049318214 -0.038351326736678001 0.052044879137359001 -0.032831396742241836 0.0299552993863983 0.0051099869344106378 -0.038270093093146461 -0.037065746433195802 0.055342493013509381 -0.0048260326411124627 0.10963868495964005
leaf_weight=8.1153945028781873 2.3966978136450043 3.162325540557509 4.2525598369538775 1.884550854563712 5.972187249455601 3.4992591738700858 4.1992316767573357 3.7027226630598307 2.8264567330479622 273.2177589959465 15.243880108464507 75.587248443625867 22.285164836794138 3.7426384910941115 1.976302077993753 22.322811677586287 116.93275606073439 35.903054337948561 4.0065915966406527 1.3778261635452533 3.0192495309747782 4.9798094201833001 16.118860418908298 10.289985920302568 126.73449234594591 2.7977903354912987 5.3024433488026288 7.3893857300281551 8.8156942715868336 2.5129602365195751
leaf_count=354 35 25 44 101 276 34 39 26 27 4818 320 1074 340 39 44 469 1728 517 71 26 61 84 253 158 1820 31 80 94 122 31
internal_value=6.25334e-11 -0.0137127 0.0167507 -0.0549913 -0.0313098 0.0348722 0.0568234 0.0174352 -0.00697541 0.000676057 0.000512483 0.00269556 0.00896649 0.0133726 0.0111053 -0.00489954 0.000510872 0.00432932 -0.00501085 0.000498878 -0.0166357 0.0040907 -0.0402892 0.0144597 0.00240874 0.0140445 0.0192667 0.00789785 0.0226103 0.0567719
internal_weight=800.568 37.6147 21.6426 15.9721 7.85674 17.39 7.69849 9.6915 6.52918 762.953 760.557 487.339 125.914 103.629 99.8864 24.2991 361.425 213.667 147.758 177.764 30.8059 146.958 17.4967 13.3092 141.978 30.8249 28.0271 21.5075 16.2051 6.51955
internal_count=13141 926 195 731 377 151 73 78 53 12215 12180 7362 1966 1626 1587 513 5396 3239 2157 2722 498 2224 279 219 2140 429 398 296 216 102
is_linear=0
shrinkage=0.1


Tree=42
num_leaves=31
num_cat=0
split_feature=5 7 9 12 5 0 5 0 0 10 8 9 9 9 8 9 6 5 1 13 9 8 4 4 4 4 5 4 9 1
split_gain=0.708791 0.655524 0.671064 1.50537 1.26254 1.54147 1.19228 1.7143 1.41531 0.942707 0.751259 0.995601 0.744485 0.734828 1.26229 2.05037 1.03019 0.93881 3.28011 1.70315 0.825796 1.62725 1.04745 0.778034 0.777046 1.15742 0.626436 1.05306 0.766457 1.19267
threshold=0.061350000000000009 0.75000000000000011 0.18600000000000003 0.036700000000000003 0.93950000000000011 0.77500000000000002 1.9419500000000001 0.45000000000000007 0.87500000000000011 0.9890000000000001 0.9275000000000001 0.25910000000000005 0.40440000000000004 0.71335000000000015 0.99150000000000016 0.5757500000000001 0.75000000000000011 2.7670000000000008 0.45000000000000007 1.0000000180025095e-35 0.99775000000000014 0.99850000000000005 0.0074500000000000009 0.47100000000000003 0.90580000000000005 0.021850000000000005 1.1379500000000002 0.0040500000000000006 0.95350000000000013 0.35000000000000003
decision_type=2 2 2 2 2 2 2 2 2 2 2 2 2 2 2 2 2 2 2 2 2 2 2 2 2 2 2 2 2 2
left_child=-1 2 3 6 5 -5 8 -8 -2 10 11 -4 -11 14 15 16 -12 20 -19 -20 26 22 -22 -16 25 -21 28 -28 29 -15
right_child=1 -3 9 4 -6 -7 7 -9 -10 12 13 -13 -14 17 23 -17 -18 18 19 24 21 -23 -24 -25 -26 -27 27 -29 -30 -31
leaf_value=-0.048463526383100822 -0.039436654317480425 0.0023580000841551757 -0.033437630720780591 -0.059202830960297818 0.058005261754233567 0.062570233429577501 0.10351882787079306 -0.032950746804483164 0.044128984578572117 -0.01506426362906424 -0.0035320529430297553 0.053765735754812527 -0.092634566798109608 0.039207260161766615 -0.0055501528443729145 -0.10941376481816108 -0.080693243734100528 -0.12121315823592836 0.092928320692626853 0.038582268720120827 0.055244008347488209 -0.11603946811074509 -0.022788514335562823 -0.054271318726426598 0.056895580455626787 -0.10316726515347417 -0.090635934021348757 -0.007165505996902341 0.035494145153298719 -0.0030049175199619669
leaf_weight=3.0063970074988893 10.553858142346149 504.80659482150804 1.8218194432556618 2.4892104603350154 8.713037599809466 1.7849152814596889 2.0051174107939 1.7016487559303639 2.5084533393383017 2.9175001578405491 9.0869869794696552 4.6533152814954519 2.1483626486733556 7.6518059642985454 117.06676663970575 3.1598952878266564 2.137256010901182 1.2492528809234489 4.677925815805791 1.1296979337930682 1.9936216296628142 1.6798829631879915 12.543455865234135 3.372066304087638 1.6068849917501213 1.1753381388261912 1.6659954003989721 16.29032756946981 7.8405924979597321 53.437034958973527
leaf_count=109 315 7801 44 81 159 21 27 31 40 65 215 76 48 90 2300 88 54 36 61 6 29 35 164 85 18 34 21 248 97 743
internal_value=3.23537e-11 0.000183532 -0.00361387 0.0106095 0.0361677 -0.00834925 -0.00918456 0.0408703 -0.0233889 -0.00524606 -0.00439494 0.0292305 -0.0479608 -0.00527372 -0.0102582 -0.038257 -0.0182246 0.000676426 0.0301898 0.0522089 -0.00214004 -0.0228553 -0.0120871 -0.00691426 0.00351606 -0.0336958 0.00172641 -0.0149099 0.00606022 0.00228245
internal_weight=796.875 793.869 289.062 29.7562 12.9872 4.27413 16.7691 3.70677 13.0623 259.306 254.24 6.47513 5.06586 247.765 134.823 14.3841 11.2242 112.942 9.8391 8.58985 103.103 16.217 14.5371 120.439 3.91192 2.30504 86.8858 17.9563 68.9294 61.0888
internal_count=13141 13032 5231 674 261 102 413 58 355 4557 4444 120 113 4324 2742 357 269 1582 155 119 1427 228 193 2385 58 40 1199 269 930 833
is_linear=0
shrinkage=0.1


Tree=43
num_leaves=31
num_cat=0
split_feature=12 12 9 9 5 4 5 0 4 4 5 9 4 0 5 4 5 5 12 12 4 5 4 0 5 12 9 5 2 0
split_gain=0.642394 1.28909 1.13442 0.825787 0.882942 0.824574 0.889996 0.978077 0.76389 1.6602 1.29054 0.762077 0.840362 0.745904 1.61196 1.18403 1.18256 0.881056 0.824528 0.727189 0.712144 0.708898 0.681219 0.917546 2.28355 1.607 1.21147 0.986544 2.20549 1.33516
threshold=0.052500000000000005 0.051000000000000011 0.17270000000000002 0.20795000000000002 2.5702500000000001 0.0021000000000000007 0.60720000000000007 0.77500000000000002 0.0089500000000000014 0.019900000000000004 0.67495000000000005 0.21720000000000003 0.05970000000000001 0.12500000000000003 1.1776000000000002 0.12990000000000004 1.4531000000000003 1.9605500000000002 0.032300000000000002 0.032300000000000002 0.0013000000000000002 0.076550000000000021 0.041100000000000005 0.87500000000000011 0.82010000000000016 0.12630000000000005 0.95105000000000006 0.97480000000000011 0.45000000000000007 0.77500000000000002
decision_type=2 2 2 2 2 2 2 2 2 2 2 2 2 2 2 2 2 2 2 2 2 2 2 2 2 2 2 2 2 2
left_child=1 5 8 4 -4 20 7 -7 10 -10 -2 12 -5 14 -8 -15 -17 -18 -16 -9 -1 -13 -23 27 -25 -26 -27 28 -24 -29
right_child=2 -3 3 11 -6 6 13 19 9 -11 -12 21 -14 15 18 16 17 -19 -20 -21 -22 22 23 24 25 26 -28 29 -30 -31
leaf_value=-0.025095034851307263 -0.12433751031787475 -0.094492790589021353 -0.017346539565531918 0.11906264120553706 -0.11497213153133896 -0.060561584412899633 -0.028099269056099087 -0.027940764348048094 0.074220519219258721 0.01268025573902813 0.019240733563926984 -0.044755269461875913 -0.0076845586166179071 -0.0024554623846251423 0.034939588079917934 0.028159981205971948 -0.13192069260158362 -0.042675661725430199 0.12650953574734708 0.036954357972383188 0.084377557253239588 -0.0012754618609980624 0.021506148554383417 0.038770721098213619 0.081441830190227674 -0.079641906610816965 0.026995666382735806 0.01495806483444235 -0.033908878992385087 -0.028573306251908299
leaf_weight=0.88371868385001962 0.94507525023073258 1.6743737012147892 4.2753245076164594 1.1346194539219134 1.1826887647621331 6.1757932417094699 3.183975155465304 5.5172995906323177 5.5625476380810168 20.685447277501225 1.8543931264430282 3.4637990694027385 0.97058565635234106 66.795997937675565 2.9874061476439238 1.6766556352376927 1.54086572304368 3.9214729657396674 1.4658162426203487 2.5133018754422665 1.8140327110886572 487.36160477297381 13.375338046345862 4.5235445797443381 0.85737077705561926 6.6873959503136575 1.2672308534383772 115.08497313130647 15.510841395240275 7.505243331543169
leaf_count=23 34 34 89 26 26 290 92 62 81 368 37 134 22 1336 47 48 31 66 20 20 38 7731 177 39 16 187 36 1484 336 211
internal_value=1.83726e-11 -0.0074857 0.00108299 0.000235788 -0.0385009 -0.00600634 -0.00754207 -0.0306408 0.020426 0.025722 -0.02923 0.000557229 0.060627 -0.00351925 0.0262336 -0.0065926 -0.0453017 -0.0678507 0.0650806 -0.00763082 0.048517 0.000364349 0.000603987 0.00616166 -0.0189854 -0.0486339 -0.0626538 0.00837553 -0.00824973 0.012293
internal_weight=792.399 100.151 692.248 663.201 5.45801 98.4763 95.7786 14.2064 29.0475 26.248 2.79947 657.743 2.10521 81.5722 7.6372 73.935 7.13899 5.46234 4.45322 8.0306 2.69775 655.637 652.174 164.812 13.3355 8.812 7.95463 151.476 28.8862 122.59
internal_count=13141 2107 11034 10514 115 2073 2012 372 520 449 71 10399 48 1640 159 1481 145 97 67 82 61 10351 10217 2486 278 239 223 2208 513 1695
is_linear=0
shrinkage=0.1


Tree=44
num_leaves=31
num_cat=0
split_feature=4 0 7 4 4 4 2 1 4 9 10 11 9 12 4 0 5 4 12 10 2 2 4 11 12 8 2 13 5 9
split_gain=0.662781 0.697843 0.668584 0.952501 0.572199 0.913576 1.0407 0.811594 0.647216 0.597517 0.569274 0.644524 0.568419 0.986058 1.52743 1.16945 0.911619 0.720756 0.718642 0.69411 0.609242 0.545757 0.618236 0.598932 0.540142 0.524176 0.830022 0.650187 0.518537 0.514287
threshold=0.75180000000000013 0.45000000000000007 0.75000000000000011 0.47100000000000003 0.18990000000000004 0.13700000000000004 0.45000000000000007 0.35000000000000003 0.24190000000000003 0.25910000000000005 1.0000000180025095e-35 0.23220000000000005 0.18600000000000003 0.10060000000000001 0.069900000000000018 0.87500000000000011 0.66530000000000011 0.017900000000000003 0.10940000000000001 0.9890000000000001 0.45000000000000007 0.65000000000000002 0.021850000000000005 0.13490000000000002 0.20450000000000004 0.93250000000000022 0.65000000000000002 1.0000000180025095e-35 1.4142000000000001 0.40440000000000004
decision_type=2 2 2 2 2 2 2 2 2 2 2 2 2 2 2 2 2 2 2 2 2 2 2 2 2 2 2 2 2 2
left_child=2 -2 3 4 5 12 -7 8 -6 -9 -4 -12 13 14 15 21 -17 -15 -19 25 -16 22 -1 -24 -20 26 27 -14 -22 -21
right_child=1 -3 10 -5 7 6 -8 9 -10 -11 11 -13 19 17 20 16 -18 18 24 29 28 -23 23 -25 -26 -27 -28 -29 -30 -31
leaf_value=0.012095168660963447 0.074191078151462586 0.0037963430904695145 0.0011579521470315754 -0.057303510981543043 0.094727207821301174 -0.1279701263398412 -0.0093445405434581484 -0.054001015086929255 0.014640955581860508 0.0068815787720660762 0.021348014432842947 -0.037784288153246803 0.085509746629893024 0.077398947179772637 0.0029707344456106587 0.10159821202597837 -0.015352280462061156 0.077444049475078672 -0.051733172062288474 -0.016014838898290144 0.036342075524454509 -0.064248698400443824 -0.070117509887721419 0.0083563017217808261 0.022634348400027857 -0.0061844419826937239 -0.032800907196849097 0.0078292455911829328 0.13093066358822542 -0.082159673679037176
leaf_weight=3.7207528250291997 2.4544792231172314 3.3037430718541145 478.63418935553636 3.3340240083634844 1.8431126931682253 1.2860044315457337 1.7404208127409218 1.7224758025258804 2.230035487562418 25.132259154692292 23.054154507815841 2.003455849364399 2.1984117943793526 2.9356644465588015 1.5207695439457887 1.2847291957586997 1.3851004121825097 1.4349071048200128 1.5373989660292862 2.8135366234928361 1.1403166363015773 3.6894103079102925 2.8638802305795252 1.4727316368371246 2.6777116674929857 204.11020879913121 1.8391746524721382 2.1132401209324598 1.1785752177238462 2.0189963569864631
leaf_count=116 43 50 7459 92 16 27 39 39 33 292 332 36 34 49 31 16 27 18 38 65 25 118 93 32 56 3838 25 39 15 48
internal_value=-1.30229e-10 0.0338026 -0.000248613 -0.0041735 -0.00353144 -0.00514964 -0.0597515 0.00928537 0.0508802 0.00297654 0.00192716 0.0166202 -0.00446661 0.00925456 -0.00388938 -0.0188169 0.0409246 0.0372033 0.0163183 -0.0061789 0.0521585 -0.0323951 -0.0178096 -0.0434675 -0.0044901 -0.00531769 0.0234447 0.0474367 0.0844167 -0.0436497
internal_weight=788.674 5.75822 782.916 279.224 275.89 244.962 3.02643 30.9279 4.07315 26.8547 503.692 25.0576 241.936 26.8419 18.2563 14.4166 2.66983 8.58568 5.65002 215.094 3.83966 11.7468 8.05736 4.33661 4.21511 210.261 6.15083 4.31165 2.31889 4.83253
internal_count=13141 93 13048 5221 5129 4749 66 380 49 331 7827 368 4683 634 473 402 43 161 112 4049 71 359 241 125 94 3936 98 73 40 113
is_linear=0
shrinkage=0.1


Tree=45
num_leaves=31
num_cat=0
split_feature=12 12 4 9 5 0 0 6 12 12 4 2 4 0 12 12 4 0 5 4 5 0 12 12 5 5 12 4 4 4
split_gain=0.567618 1.12369 1.69623 1.0182 0.974151 5.5764 1.16904 1.46541 1.53252 0.90265 1.30045 0.884965 0.884685 1.32877 0.873401 2.07201 1.74824 0.945637 1.98605 1.58259 0.998177 0.832702 1.00687 1.28437 0.922554 1.47596 0.807862 0.807063 2.39681 1.14502
threshold=0.51400000000000012 0.56390000000000007 0.0058500000000000002 0.83405000000000007 0.79410000000000014 0.77500000000000002 0.45000000000000007 0.75000000000000011 0.092000000000000012 0.035500000000000011 0.0021000000000000007 0.55000000000000016 0.026100000000000002 0.87500000000000011 0.25150000000000006 0.24840000000000004 0.0037500000000000003 0.77500000000000002 0.8992500000000001 0.14150000000000004 1.0087000000000004 0.87500000000000011 0.12780000000000002 0.34510000000000002 0.32015000000000005 0.60355000000000014 0.52010000000000012 0.0080500000000000016 0.0044500000000000008 0.017900000000000003
decision_type=2 2 2 2 2 2 2 2 2 2 2 2 2 2 2 2 2 2 2 2 2 2 2 2 2 2 2 2 2 2
left_child=4 2 -2 11 5 6 9 -8 -9 10 -1 -4 21 -14 15 17 -16 20 -19 -20 -6 27 24 -24 -23 -26 -13 28 -7 -29
right_child=1 -3 3 -5 14 12 7 8 -10 -11 -12 26 13 -15 16 -17 -18 18 19 -21 -22 22 23 -25 25 -27 -28 29 -30 -31
leaf_value=0.088318718816778066 -0.016193262100187806 0.0011241750624320181 0.081838161565807199 -0.026759021103273495 -0.012139390670434617 0.05081227631779326 -0.029347554418927876 -0.0657607042100634 0.10803540630666474 -0.063321158944236039 -0.038346602147912634 -0.018568539764406519 -0.081539889509714095 0.024130947527564658 0.1073473897293335 0.068916671568434631 -0.015066231471647673 0.036833290742283746 -0.047927123808353407 0.03630244922550914 0.0087244071707243877 0.080702320422046905 -0.077253178395057437 0.016937692761802393 -0.034189863547171837 0.058639987195440349 0.065518970360902803 0.098181301132837726 -0.049723206346410309 -1.6236126981763773e-05
leaf_weight=0.94936294667423027 6.3641649666242328 471.42909784743097 6.454269962385295 1.6266070771962393 28.757980793714523 8.1442196108400839 15.819095183629544 0.73186117364093606 1.6540733424481002 17.995001655071974 5.543321571778506 2.2393441572785378 2.204530667513608 2.5857115816324949 1.1968983951956023 4.6922519654035559 46.170573313254863 5.0851240903139141 14.042992999311538 2.651948317885398 113.16886335797608 2.2446381822228414 2.7822503782808772 3.0180326569825411 3.8646617773920298 3.0760260540992022 2.3327532941475511 3.8535679299384347 3.3454240653663865 1.7162937372922895
leaf_count=29 110 7087 93 28 755 73 529 30 40 680 259 19 23 26 20 49 749 89 466 62 1608 18 33 32 38 44 40 47 40 25
internal_value=1.03017e-11 0.00208555 0.0259177 0.0470986 -0.00346383 -0.0129244 -0.0375208 -0.0183291 0.0547252 -0.0517887 -0.0198255 0.0579941 0.0155832 -0.0245001 2.31845e-05 0.00339749 -0.011973 0.00151955 -0.0178818 -0.0345475 0.00449687 0.0215751 0.00437581 -0.0282433 0.0249739 0.00695117 0.0243342 0.0366835 0.0215395 0.0679228
internal_weight=785.741 490.446 19.0171 12.653 295.295 79.5281 42.6927 18.205 2.38593 24.4877 6.49268 11.0264 36.8354 4.79024 215.767 168.399 47.3675 163.707 21.7801 16.6949 141.927 32.0451 14.9856 5.80028 9.18533 6.94069 4.5721 17.0595 11.4896 5.56986
internal_count=13141 7377 290 180 5764 1966 1567 599 70 968 288 152 399 49 3798 3029 769 2980 617 528 2363 350 165 65 100 82 59 185 113 72
is_linear=0
shrinkage=0.1


Tree=46
num_leaves=31
num_cat=0
split_feature=12 9 5 5 1 1 3 5 5 0 2 12 4 7 1 5 5 0 12 12 4 0 1 5 9 4 0 4 4 5
split_gain=0.639838 0.803416 0.844177 1.67613 0.895208 1.11112 0.853987 0.920439 0.73814 0.618073 0.753969 0.614403 1.16837 0.606402 1.15055 6.98801 1.67885 2.73019 1.49692 1.45742 1.12883 1.12687 1.07129 1.56418 1.48945 1.36558 1.0164 2.49701 1.27325 0.995754
threshold=0.053500000000000013 0.13840000000000002 1.0367000000000002 1.0106500000000003 0.92500000000000016 0.77500000000000002 0.75000000000000011 1.1717500000000001 2.2075000000000005 0.77500000000000002 0.65000000000000002 0.047300000000000002 0.0097500000000000017 0.75000000000000011 0.35000000000000003 0.7733000000000001 0.79410000000000014 0.35000000000000003 0.7662000000000001 0.9991000000000001 0.18990000000000004 0.87500000000000011 0.45000000000000007 0.83335000000000015 0.23340000000000002 0.73685000000000012 0.45000000000000007 0.19860000000000003 0.030900000000000004 0.64010000000000011
decision_type=2 2 2 2 2 2 2 2 2 2 2 2 2 2 2 2 2 2 2 2 2 2 2 2 2 2 2 2 2 2
left_child=11 2 3 4 5 9 -4 -8 -9 10 -2 -1 -13 14 15 -3 17 -16 20 26 -17 -21 23 -18 -24 -26 27 -19 -28 -23
right_child=1 13 6 -5 -6 -7 7 8 -10 -11 -12 12 -14 -15 16 18 22 19 -20 21 -22 29 24 -25 25 -27 28 -29 -30 -31
leaf_value=-0.005538478133441967 -0.069683437217782099 0.067646749948650428 -0.026291375993185508 0.12229526080778584 -0.062370690908634209 0.11108825566156794 -0.047350729707261216 0.064414615207439116 -0.0093293619820906497 0.050848265141372834 0.027981273980041788 0.034435221278122229 -0.064958011722458811 0.0025684872963615858 -0.060301474339563323 -0.018969109405721635 0.077633674589246637 -0.030994212557674039 -0.067082646921713007 -0.009951872916801819 0.11233992939003855 0.10164452926801815 -0.075846954384063914 -0.044938895034570547 0.0007570579007696043 0.067545530428420819 -0.02059364073886287 0.16358717397983244 -0.092831656499637233 0.017976610680500986
leaf_weight=91.370045454706997 1.4218812100589295 12.682061272673311 5.8101340071298164 2.0214440785348406 1.1205854266881941 1.475458509288728 1.4497811812907455 4.2857213374227285 1.9864650405943391 2.515471700578928 1.7799978479743002 1.6127918446436513 4.4346311003901064 440.07638025970664 13.890895124059169 2.934172848705201 1.1667617633938778 2.2426637234166296 7.3764925273135304 6.099987977184357 0.84273171797394741 2.361279159784317 2.4847072055563322 9.6684160181321186 135.22805965971202 3.1322636762633911 11.233532184036447 0.93423929810523976 3.1169822281226507 3.5775889120995998
leaf_count=2000 33 127 119 17 36 37 25 51 32 38 34 42 93 6709 467 108 14 95 170 155 10 19 70 257 1971 45 300 2 38 27
internal_value=-4.63191e-10 0.00108151 0.0191053 0.0406257 0.0207673 0.0337196 0.00266965 0.0244604 0.0410591 0.0137533 -0.0153894 -0.00758159 -0.0384508 0.000428788 -0.00387143 0.016869 -0.00640481 -0.0237337 -0.0408683 -0.00655329 0.0103296 0.020236 -0.00144 -0.0317399 0.000890968 0.00226905 -0.0249537 0.0262268 -0.036284 0.0512428
internal_weight=780.334 682.916 23.8669 10.3348 8.31339 7.19281 13.5321 7.72197 6.27219 5.71735 3.20188 97.4175 6.04742 659.049 218.973 23.8355 195.137 43.4572 11.1534 29.5663 3.7769 12.0389 151.68 10.8352 140.845 138.36 17.5274 3.1769 14.3505 5.93887
internal_count=13141 11006 422 195 178 142 227 108 83 105 67 2135 135 10584 3875 415 3460 1103 288 636 118 201 2357 271 2086 2016 435 97 338 46
is_linear=0
shrinkage=0.1


Tree=47
num_leaves=31
num_cat=0
split_feature=7 10 9 9 12 4 0 4 0 4 4 13 4 0 9 9 4 4 1 4 9 0 12 12 12 12 3 9 9 9
split_gain=0.555334 0.478052 0.438329 0.647651 1.10165 0.933625 2.4646 0.816206 1.05092 0.852806 0.937098 0.751869 1.07186 1.72413 0.86932 0.841268 0.67625 0.674518 0.668223 0.667179 0.665238 0.642004 0.557875 0.533789 0.97121 1.26128 0.847468 0.640483 0.521366 0.843121
threshold=0.75000000000000011 1.0000000180025095e-35 0.99775000000000014 0.71335000000000015 0.84610000000000019 0.028450000000000003 0.77500000000000002 0.0023500000000000001 0.35000000000000003 0.0038500000000000006 0.0069500000000000004 1.0000000180025095e-35 0.047500000000000007 0.25000000000000006 0.59215000000000007 0.60955000000000015 0.0083000000000000018 0.0044500000000000008 0.45000000000000007 0.019100000000000002 0.67125000000000012 0.12500000000000003 0.9991000000000001 0.71750000000000014 0.54050000000000009 0.53490000000000015 0.75000000000000011 0.50260000000000005 0.76275000000000015 0.76695000000000013
decision_type=2 2 2 2 2 2 2 2 2 2 2 2 2 2 2 2 2 2 2 2 2 2 2 2 2 2 2 2 2 2
left_child=2 -2 3 4 23 6 19 8 -5 -9 17 15 -13 14 -14 -7 22 -11 -17 -6 -15 -4 -12 24 25 -1 27 -25 -18 -30
right_child=1 -3 21 7 5 11 -8 9 -10 10 16 12 13 20 -16 18 28 -19 -20 -21 -22 -23 -24 26 -26 -27 -28 -29 29 -31
leaf_value=-0.0029302131850351253 0.0012804106568755718 0.01557089995626172 0.036016310790605487 -0.091801447134629177 -0.067823814202070606 0.035660340207300821 0.02998311066658392 0.058954437417844133 -0.0064468976031237975 -0.0047216158121787723 0.014454240417236114 0.0044804993963821821 0.10039045466516316 -0.072364070285719131 -0.029519621098694177 0.02815528519943232 0.020552101153612931 -0.076061039987978279 -0.070616942421596704 -0.14652049776507042 0.00044740620851732262 -0.025796763557785957 0.096985903546513375 0.041990466653013106 -0.072536987575755038 0.11074160215817833 0.079816197637764541 -0.070154023725278722 -0.062136787881136128 0.0035413754640855875
leaf_weight=123.089375725016 475.44231090450194 24.621125504374504 1.886450152844193 1.8676165649667362 4.3505127034150046 5.3952751811593789 2.5955256200395525 3.0649375319480887 6.3373266253620386 3.1329451696947208 1.7812264100648454 8.0510113006457704 1.102844608947634 8.0358301829546672 0.96654521115124215 1.1356605999171736 18.418485496193171 2.2971444297581911 1.7258058222942052 1.4318348653614519 1.4870059117674816 15.372996015008537 1.5161672346293926 1.0645787706598633 1.9848438249900926 0.98392495699226756 2.0105965216644108 0.97633380629122246 2.0332857221364966 50.478632929269224
leaf_count=2890 7482 368 25 43 155 77 43 65 101 69 39 77 21 152 19 16 234 54 43 34 21 219 28 24 44 16 42 19 38 683
internal_value=-3.25754e-10 0.00198402 -0.00361335 -0.00257857 -0.0062873 -0.0216971 -0.0509723 0.00420799 -0.0258754 0.00719184 0.00520021 -0.0129062 -0.0235493 -0.0430165 0.0397137 0.0124142 0.00813379 -0.034901 -0.0314162 -0.0873108 -0.0609944 -0.0190406 0.0524029 -0.00199066 -0.00313896 -0.00202877 0.0337372 -0.0116573 0.00607582 0.000998287
internal_weight=774.638 500.063 274.575 257.315 166.388 36.2779 8.37787 90.9278 8.20494 82.7228 79.6579 27.9 19.6432 11.5922 2.06939 8.25674 74.2278 5.43009 2.86147 5.78235 9.52284 17.2594 3.29739 130.11 126.058 124.073 4.05151 2.04091 70.9304 52.5119
internal_count=13141 7850 5291 5047 3693 658 232 1354 144 1210 1145 426 290 213 40 136 1022 123 59 189 173 244 67 3035 2950 2906 85 43 955 721
is_linear=0
shrinkage=0.1


Tree=48
num_leaves=31
num_cat=0
split_feature=7 9 4 5 1 4 2 0 5 5 4 0 1 9 4 2 4 5 6 8 0 12 12 9 4 5 5 0 9 4
split_gain=0.572591 0.481014 0.477566 0.768182 1.32571 1.3607 0.877481 0.696386 4.76351 3.62031 1.3896 0.908058 1.30114 2.69358 1.72943 0.787427 0.70359 0.692501 1.20843 1.12003 1.26141 1.19086 0.771471 2.02276 1.2945 0.690159 2.05282 1.62911 1.3001 1.29288
threshold=0.75000000000000011 0.99775000000000014 0.21470000000000003 1.1158500000000002 0.45000000000000007 0.90580000000000005 0.75000000000000011 0.77500000000000002 0.94280000000000019 0.85815000000000008 0.18990000000000004 0.12500000000000003 0.77500000000000002 0.95115000000000005 0.023850000000000007 0.65000000000000002 0.054500000000000007 0.66530000000000011 0.75000000000000011 0.95950000000000013 0.87500000000000011 0.053500000000000013 0.9991000000000001 0.63840000000000008 0.013250000000000001 1.2818000000000003 1.296 0.25000000000000006 0.51860000000000006 0.10505000000000002
decision_type=2 2 2 2 2 2 2 2 2 2 2 2 2 2 2 2 2 2 2 2 2 2 2 2 2 2 2 2 2 2
left_child=1 2 7 -4 -5 6 -6 9 10 11 17 -1 14 16 15 -13 -14 19 -19 -9 21 -21 23 24 -22 -11 -27 -28 -29 -30
right_child=-2 -3 3 4 5 -7 -8 8 -10 25 -12 12 13 -15 -16 -17 -18 18 -20 20 22 -23 -24 -25 -26 26 27 28 29 -31
leaf_value=-0.077349726687166706 0.0020106433916026226 -0.01978446511812481 0.024964423930007987 -0.068951746027005698 -0.033060179920666954 0.067234652105104292 0.036761576722993475 -0.031153160389527874 -0.0517544846646446 -0.0061173693475037949 0.11343426254147744 -0.051012509098990716 -0.025487972203831217 0.20192545699791539 -0.094832394686709037 -0.0032649724941015224 0.037792998554206751 -0.015519834169543814 0.043792522798950406 -0.0014210593600911285 0.072106062379019967 0.080676506843490869 0.067760712530999648 -0.086915461314737819 -0.032359096713044565 0.097190079195480741 0.035124896624630447 0.014103666447045849 -0.027365054635200704 0.045825742142800968
leaf_weight=4.4559318521060041 499.54615207191091 17.383971094619483 15.257851727306845 2.8036804161965838 6.0215083593502623 2.880469834432005 2.5673587983474135 2.6192545974627164 11.083385043311862 75.852283885702491 1.6097329445183266 6.9768688899930584 10.549951936583961 0.59981879778206426 5.2426135279238215 6.8400389687158167 2.1080911932513127 11.105409658513965 4.9733499605208626 2.2693395335227251 2.9844582825899124 7.9795831423252821 1.8921547532081602 2.0804634653031826 1.9686621911823747 2.4829804040491572 13.374963973648844 20.718104331754148 22.806264272425327 2.699125748127698
leaf_count=182 7850 244 200 68 118 42 39 32 443 1242 14 293 468 17 161 301 43 158 70 28 35 82 16 30 20 24 215 314 366 26
internal_value=-2.21254e-10 -0.00369014 -0.0025921 0.00936512 -0.00731053 0.00775768 -0.0121893 -0.00415956 0.00617513 -0.00715075 0.022437 -0.0350303 -0.0291953 -0.00513711 -0.0459303 -0.0273752 -0.0149491 0.0185692 0.00282618 0.0301839 0.0385625 0.0624983 0.0110784 -0.00417014 0.0305854 0.000281982 0.00810083 0.00438921 -0.00450429 -0.0196196
internal_weight=771.734 272.188 254.804 29.5309 14.273 11.4693 8.58887 225.273 50.5658 174.707 39.4824 36.7733 32.3174 13.2579 19.0595 13.8169 12.658 37.8727 16.0788 21.7939 19.1747 10.2489 8.92574 7.03358 4.95312 137.934 62.0814 59.5985 46.2235 25.5054
internal_count=13141 5291 5047 467 267 199 157 4580 928 3652 485 1465 1283 528 755 594 511 471 228 243 211 110 101 85 55 2187 945 921 706 392
is_linear=0
shrinkage=0.1


Tree=49
num_leaves=31
num_cat=0
split_feature=7 10 11 12 1 5 5 4 4 12 8 8 8 0 9 9 4 4 8 8 7 9 12 9 12 2 9 5 1 5
split_gain=0.554349 0.472698 0.422534 0.434476 0.397085 4.0326 1.33763 0.947794 1.19026 1.55647 0.892188 0.764405 0.714955 1.03987 0.692386 0.757243 0.687511 0.526314 0.475409 1.25968 0.911228 0.834421 0.748524 0.477541 0.847535 1.13355 0.707934 0.464419 1.1631 2.47087
threshold=0.75000000000000011 1.0000000180025095e-35 0.23220000000000005 0.020600000000000004 0.35000000000000003 1.0146500000000003 0.48535 0.055650000000000012 0.021050000000000003 0.10630000000000002 0.99950000000000017 0.93250000000000022 0.9405 0.87500000000000011 0.54310000000000014 0.52720000000000011 0.90580000000000005 0.0039500000000000013 0.98850000000000005 0.99050000000000005 1.0000000180025095e-35 0.082800000000000026 0.21470000000000003 0.34865000000000007 0.14520000000000002 0.55000000000000016 1.0000000180025095e-35 1.2054500000000001 0.87500000000000011 1.6281500000000002
decision_type=2 2 2 2 2 2 2 2 2 2 2 2 2 2 2 2 2 2 2 2 2 2 2 2 2 2 2 2 2 2
left_child=4 -2 3 -3 5 7 11 8 10 -10 -1 -6 -13 17 15 -7 18 -14 20 -20 23 22 -21 26 25 -25 -8 -26 29 -29
right_child=1 2 -4 -5 6 14 16 -9 9 -11 -12 12 13 -15 -16 -17 -18 -19 19 21 -22 -23 -24 24 27 -27 -28 28 -30 -31
leaf_value=0.0037031155915566031 0.0012683046947673145 -0.029147638375545216 -0.030257152306772735 0.023167344060392003 0.03875158473495946 -0.048610069883221453 0.0057580093673333371 0.070869056197995536 -0.10929383968128335 0.022660760572818628 0.056228443297420695 -0.13780402069419395 -0.027625843706270303 -6.447008126730219e-06 -0.088277437964623034 0.086517417043216471 0.043842818226145011 -0.074673998812562578 -0.093459162921903594 0.0010862141449103856 -0.047059366955629039 -0.0064538618771691194 0.10241163903169653 0.084884035346131703 0.012652427497861954 -0.0070784837997605148 -0.042825775873585686 -0.11264597821348671 0.034441285659700664 0.043345890363107556
leaf_weight=5.9284845422953456 473.63582329161 1.716932806186384 1.8672965839505185 21.058144326321781 1.4209624859504426 2.0548773272894318 10.300387040711938 4.2892423700541249 1.5264064315706485 2.1572570046409965 7.1147806504741311 0.68398344703018743 4.3170749652199429 5.8301124162971982 3.8652027579955757 0.51957299839705218 3.1053541488945475 5.2928678919561207 1.6434588120318938 1.5973639022558921 3.2800789088942102 155.86138851614669 1.3412387408316133 3.4140899432823053 28.350602308753878 2.2066949419677258 4.2312828805297604 2.497328855097293 2.7461216822266579 1.7111965352669356
leaf_count=78 7482 47 36 285 67 92 254 58 32 35 102 7 234 64 144 10 52 282 58 34 63 3017 23 55 276 41 109 33 31 40
internal_value=-9.49934e-12 0.00197085 0.0154741 0.0192235 -0.00367407 0.00771763 -0.00497819 0.028932 0.0181782 -0.0320175 0.0323544 -0.0315606 -0.037757 -0.033325 -0.0615166 -0.0213388 -0.00288004 -0.0535386 -0.00354201 -0.00635994 0.00415522 -0.00545853 0.0473332 0.00718433 0.0127138 0.04878 -0.00838845 0.00697186 -0.016185 -0.0492193
internal_weight=765.566 498.278 24.6424 22.7751 267.287 27.4558 239.832 21.0162 16.7269 3.68366 13.0433 17.545 16.124 15.4401 6.43965 2.57445 222.287 9.60994 219.181 160.443 58.7378 158.8 2.9386 55.4577 40.926 5.62078 14.5317 35.3052 6.95465 4.20853
internal_count=13141 7850 368 332 5291 551 4740 305 247 67 180 654 587 580 246 102 4086 516 4034 3132 902 3074 57 839 476 96 363 380 104 73
is_linear=0
shrinkage=0.1


Tree=50
num_leaves=31
num_cat=0
split_feature=5 4 1 2 0 9 12 5 1 4 0 0 9 12 9 9 4 12 8 4 9 9 5 9 5 9 5 0 5 4
split_gain=0.523662 1.87834 2.55109 0.752668 0.616676 0.536376 0.525293 0.510564 2.74985 1.64808 1.02975 1.73247 2.81477 1.60866 1.25406 1.22058 1.64437 1.71285 1.61917 1.11948 1.06921 1.99165 1.05364 2.27466 1.24693 1.04575 1.37963 0.834352 1.29071 1.06664
threshold=0.27490000000000009 0.020100000000000003 0.45000000000000007 0.55000000000000016 0.25000000000000006 0.55390000000000017 0.0050000000000000001 2.1617000000000006 0.45000000000000007 0.34295000000000003 0.60000000000000009 0.35000000000000003 0.87535000000000018 0.024200000000000003 0.67380000000000007 0.50750000000000017 0.05970000000000001 0.15580000000000002 0.99650000000000005 0.025850000000000001 0.49870000000000009 0.34090000000000004 3.5379500000000004 0.36430000000000007 4.2844500000000005 0.47915000000000002 3.2671000000000006 0.25000000000000006 2.4931500000000004 0.05970000000000001
decision_type=2 2 2 2 2 2 2 2 2 2 2 2 2 2 2 2 2 2 2 2 2 2 2 2 2 2 2 2 2 2
left_child=1 2 -1 -4 -5 -6 -2 -8 -9 10 11 13 14 -10 22 16 25 -18 -17 -14 21 -12 -13 -24 -25 26 -15 28 -20 -29
right_child=6 -3 3 4 5 -7 7 8 9 -11 20 12 19 15 -16 18 17 -19 27 -21 -22 -23 23 24 -26 -27 -28 29 -30 -31
leaf_value=0.029045460693894732 0.050228904349878978 -0.089691705558342161 -0.078106283578892641 -0.096700850790762183 -0.07068972039788339 0.023655938992103241 0.0013154044217644168 -0.073217853629540502 -0.061356473945908721 0.048444699454761625 0.035100333033633413 -0.049830984890657952 -0.15330652992081953 -0.0078446768555831391 0.022825373055001597 0.027467706188385111 0.065525851333619753 -0.073616261243285838 -0.094929350501663637 -0.052800923155098191 0.045523322900696106 -0.092781647472597401 0.041326354953756583 0.038590099445837127 -0.069277576198344445 0.12915287251274571 0.079554359195299282 -0.082791555565725261 0.025686007507476419 -0.00017806837128119294
leaf_weight=10.406538145616656 2.113420780748128 2.9381555782165369 3.8251089323312035 0.78230916708707798 0.78420104738324914 2.6020979699678719 642.77303370786831 5.8061677933437741 3.4011568930000058 5.9948496790602794 3.1659940760582668 10.596464883536106 2.1373577993363133 3.1699920985847694 6.5467248391360036 9.3333705766126513 1.430642377585172 2.3184441858902574 1.1150685064494608 2.3016941072419286 7.2447218596935272 1.9791747983545063 5.4169606864452344 1.3573630601167677 5.0914892535656691 1.6908693742007015 4.1979483813047409 4.1534493798390031 4.3416542680934072 2.5056864991784096
leaf_count=95 35 110 184 52 44 106 11053 290 46 92 30 150 27 50 79 113 17 40 13 31 87 28 46 24 71 21 42 60 73 32
internal_value=-1.01402e-10 -0.0154445 -0.00358866 -0.046073 -0.0166794 0.00180732 0.000445241 0.000302689 -0.00652801 -0.00220118 -0.00583744 -0.0104731 -0.0270355 0.0042376 -0.0156876 0.01075 0.0351773 -0.02052 -0.00383619 -0.101193 0.0207669 -0.0140916 -0.0269124 -0.00644558 -0.0465734 0.0582282 0.0419517 -0.0279509 0.00103854 -0.0517059
internal_weight=761.522 21.3384 18.4003 7.99372 4.16861 3.3863 740.184 738.07 95.2972 89.4911 83.4962 71.1063 33.4481 37.6583 29.009 34.2571 12.8079 3.74909 21.4492 4.43905 12.3899 5.14517 22.4623 11.8658 6.44885 9.05881 7.36794 12.1159 5.45672 6.65914
internal_count=13141 591 481 386 202 150 12550 12515 1462 1172 1080 935 428 507 370 461 170 57 291 58 145 58 291 141 95 113 92 178 86 92
is_linear=0
shrinkage=0.1


Tree=51
num_leaves=31
num_cat=0
split_feature=5 0 6 1 4 5 4 5 0 5 9 12 5 12 2 5 9 12 5 12 9 1 4 8 4 0 5 0 5 8
split_gain=0.493564 0.84632 1.25623 1.07029 0.436739 1.3415 1.02253 1.13261 1.05249 2.78461 1.5088 1.46246 2.10076 1.45168 1.43074 1.09994 1.62118 0.986559 1.0609 0.95887 0.954959 0.934291 0.926525 0.858087 0.846479 0.835562 0.874416 0.790509 0.749659 0.901315
threshold=0.076550000000000021 0.87500000000000011 0.75000000000000011 0.45000000000000007 0.011950000000000002 0.52770000000000017 0.0080500000000000016 2.8582500000000004 0.77500000000000002 0.86935000000000007 0.86205000000000009 0.9991000000000001 1.1283500000000002 0.9678000000000001 0.55000000000000016 1.3799000000000003 0.89940000000000009 0.014500000000000001 0.57460000000000011 0.019100000000000002 0.63245000000000007 0.77500000000000002 0.0043000000000000009 0.97350000000000014 0.038950000000000005 0.77500000000000002 0.27490000000000009 0.87500000000000011 1.0933500000000003 0.99950000000000017
decision_type=2 2 2 2 2 2 2 2 2 2 2 2 2 2 2 2 2 2 2 2 2 2 2 2 2 2 2 2 2 2
left_child=1 2 3 -1 6 25 7 8 10 17 11 12 13 20 -14 16 -12 -10 23 -8 -2 -17 -11 -19 -7 -6 -27 -24 29 -18
right_child=4 -3 -4 -5 5 24 19 -9 9 22 15 -13 14 -15 -16 21 28 18 -20 -21 -22 -23 27 -25 -26 26 -28 -29 -30 -31
leaf_value=0.087995585026740514 -0.0075530769304730282 0.03749110050467435 -0.15122003927008401 -0.067721196402922554 -0.057969565414504688 -0.0049660402195441447 0.073058168615380933 0.095300447015513046 -0.038704611391983751 -0.0012376563184222061 0.052900445247275975 -0.026522726815997766 0.049934119867929901 0.10521167845413822 -0.0030929116441600706 -0.094299021875411809 0.0067257709592540424 -0.018246619003251575 0.0088672810560655527 0.011376745322117861 -0.039735379225848133 0.0060318239497891132 -0.083011651052702029 0.047314200499141187 0.0038434585113828511 -0.068804914538795489 0.006087525625281788 -0.016804642094256125 0.035134794256902212 -0.028176673182878632
leaf_weight=0.66403849422931593 30.060958362882957 1.1841470059007404 1.0404617693275213 1.3165018465369938 6.5167250570375463 227.96799935866147 2.617151257582008 1.2381720608100284 2.4102962166070929 6.8687632214277965 7.9039016105234614 41.564278149977326 10.445085640996696 0.9872190598398437 9.9212098233401758 1.904868129640817 37.542254336178303 2.2037822436541346 18.020305695943534 68.098909269087017 13.299770714715121 1.8101081140339372 3.9104015086777508 21.212371001020074 209.13221354573034 2.014625031501053 6.8931095413863659 3.3470452725887299 6.9100250937044612 9.2149558351375145
leaf_count=10 876 14 44 94 328 3908 48 18 30 122 126 874 130 17 121 20 374 27 212 976 407 21 130 194 3553 23 72 114 52 206
internal_value=2.14391e-10 -0.0341644 -0.0622513 -0.0155122 0.000190535 -0.0017739 0.00313906 -8.47083e-05 -0.000599235 0.0110496 -0.00453548 -0.0118855 -0.00248441 -0.0146942 0.0241026 0.00742956 0.0106179 0.0234895 0.0271072 0.0136595 -0.0174242 -0.0454132 -0.0275627 0.041144 -0.000751103 -0.030758 -0.0108506 -0.0524778 0.00439069 -0.000152836
internal_weight=758.222 4.20515 3.021 1.98054 754.017 452.525 301.492 230.776 229.538 57.973 171.565 106.279 64.7142 44.3479 20.3663 65.2861 61.5711 43.8468 41.4365 70.7161 43.3607 3.71498 14.1262 23.4162 437.1 15.4245 8.90773 7.25745 53.6672 46.7572
internal_count=13141 162 148 104 12979 7884 5095 4071 4053 829 3224 2425 1551 1300 251 799 758 463 433 1024 1283 41 366 221 7461 423 95 244 632 580
is_linear=0
shrinkage=0.1


Tree=52
num_leaves=31
num_cat=0
split_feature=9 9 4 0 5 8 4 5 1 0 9 5 5 0 9 8 1 5 8 4 8 4 5 4 9 9 9 12 4 9
split_gain=0.534762 0.855516 0.74983 0.859971 1.18707 0.827402 0.817381 0.973991 1.4534 0.773524 0.714457 0.66385 0.643242 0.499482 1.59228 1.05417 0.708287 1.4502 1.28752 0.971896 0.8822 0.847243 0.752404 2.28086 1.25762 1.04757 1.03878 0.812358 0.783817 0.757722
threshold=0.99775000000000014 0.85250000000000015 0.0090500000000000008 0.12500000000000003 1.1927500000000002 0.98550000000000015 0.0056500000000000014 1.0201500000000003 0.45000000000000007 0.77500000000000002 0.84655000000000014 6.1152500000000005 0.60720000000000007 0.87500000000000011 0.8661000000000002 0.99550000000000016 0.87500000000000011 1.0001500000000003 0.97850000000000004 0.071900000000000006 0.97650000000000003 0.043250000000000004 1.3148000000000002 0.011950000000000002 0.86760000000000015 0.92140000000000011 0.89940000000000009 0.9991000000000001 0.37545000000000006 0.8781500000000001
decision_type=2 2 2 2 2 2 2 2 2 2 2 2 2 2 2 2 2 2 2 2 2 2 2 2 2 2 2 2 2 2
left_child=1 10 6 4 -4 -5 7 8 -2 12 -1 13 -8 16 -15 -16 20 -18 -19 21 -3 -20 24 -24 -22 27 29 -25 -28 -26
right_child=2 11 3 5 -6 -7 9 -9 -10 -11 -12 -13 -14 14 15 -17 17 18 19 -21 22 -23 23 25 26 -27 28 -29 -30 -31
leaf_value=-0.00074664047357292005 0.019926528718265821 -0.056474610605503885 -0.043046203664879754 -0.09054303036689107 0.087828741624520354 -0.020680398526988348 0.0081160740766184607 0.02709581385936384 -0.061157365684066801 -0.021796371121526197 -0.059373984869448442 -0.056865742557935785 0.072776096847537552 0.12821677394899456 0.055345216948076641 -0.015615302582890515 -0.0036976136003904134 0.10710082110686513 0.024224626561974574 0.068708319050889602 -0.042446035442374436 -0.045266248575718447 -0.08258479294553836 -0.041282328304432972 0.0035269206804139537 -0.042146868875942628 0.0095105486829096079 0.032557448097064991 -0.048994477490801179 0.061477181593876697
leaf_weight=564.40191166917793 3.6306868791580218 2.5291338004171839 1.2002726243808894 1.8139881631359482 1.6400060039013622 25.892090363427997 2.6099624270573241 4.535610173828899 5.651991153601557 2.2676302185282111 2.0863071233034125 1.5620588376186777 3.7477190177887678 1.4213083619251836 3.5906481221318227 5.0209923810325563 17.281865104101598 2.226379286497834 13.442174513824286 4.3400704972445956 4.4499073075130573 2.0178715456277123 3.8614114550873664 1.7945859283208818 3.4091217862442118 3.6449254928156725 44.828232238534838 8.7766068493947387 2.413239372894167 6.6724247029051185
leaf_count=10397 43 49 32 47 20 409 33 52 187 26 30 38 50 16 67 97 287 20 152 47 100 22 61 26 53 53 488 89 44 106
internal_value=1.54617e-10 0.00073345 -0.00968574 -0.0198822 0.0325223 -0.0252545 0.00419198 -0.0108854 -0.0294434 0.0283469 -0.000962558 0.00794194 0.0462318 0.00871048 0.0301563 0.0139719 0.00694232 0.0179869 0.0350004 0.0268932 0.00167228 0.0151546 0.00351399 -0.0144299 0.00876517 0.00408248 0.0127406 0.0200223 0.00652193 0.041881
internal_weight=752.761 699.771 52.99 30.5464 2.84028 27.7061 22.4436 13.8183 9.28268 8.62531 566.488 133.283 6.35768 131.721 10.0329 8.61164 121.688 39.3084 22.0265 19.8001 82.3796 15.46 79.8505 18.0775 61.7729 14.2161 57.323 10.5712 47.2415 10.0815
internal_count=13141 12242 899 508 52 456 391 282 230 109 10427 1815 83 1777 180 164 1597 528 241 221 1069 174 1020 229 791 168 691 115 532 159
is_linear=0
shrinkage=0.1


Tree=53
num_leaves=31
num_cat=0
split_feature=7 9 1 8 9 9 1 5 12 2 9 1 9 9 2 12 9 12 5 6 4 5 5 9 4 5 5 5 2 4
split_gain=0.527711 0.584686 1.00096 0.813792 0.728923 0.921499 1.50264 1.58364 1.189 1.0028 0.954456 1.61949 1.46582 0.92841 1.2644 0.795223 1.41711 0.809283 0.788843 0.785923 0.779637 0.775572 1.00747 0.727658 0.711002 0.645173 0.793534 1.40062 0.603294 0.780831
threshold=0.75000000000000011 0.97720000000000018 0.97500000000000009 0.99450000000000005 0.71335000000000015 0.51860000000000006 0.35000000000000003 0.68780000000000008 0.020600000000000004 0.55000000000000016 0.56330000000000013 0.97500000000000009 0.56540000000000012 0.50400000000000011 0.55000000000000016 0.038400000000000011 0.11480000000000001 0.07640000000000001 1.2620500000000001 0.75000000000000011 0.025850000000000001 0.27490000000000009 0.42060000000000003 0.50750000000000017 0.18990000000000004 4.9350000000000014 2.4067000000000003 2.0817500000000004 0.65000000000000002 0.017900000000000003
decision_type=2 2 2 2 2 2 2 2 2 2 2 2 2 2 2 2 2 2 2 2 2 2 2 2 2 2 2 2 2 2
left_child=1 4 3 -3 5 13 7 -7 9 20 11 -10 -12 15 23 -1 -17 18 24 -9 -8 -19 -23 -15 -18 26 27 -14 29 -24
right_child=-2 2 -4 -5 -6 6 8 19 10 -11 12 -13 25 14 -16 16 17 21 -20 -21 -22 22 28 -25 -26 -27 -28 -29 -30 -31
leaf_value=-0.01544482612987281 0.0019380936209492331 -0.088016542753724766 0.045504174454527972 -0.021071627108642806 0.0050544324533480737 0.068251922440415586 0.037534784244887792 -0.060147309087356118 -0.064717244025442905 0.087672849199179545 0.076038595479631876 0.06153437673373429 -0.023027589054263733 0.11306616799315404 -0.017901065117307529 0.042567434661707974 -0.010906818280412614 -0.10291697941127467 0.069960218440302591 0.035106942744996837 -0.078328624024995908 0.079399387042805483 -0.029790339959263213 0.027340583832999355 0.069506651130751579 0.05385744696042593 -0.074093795475901725 0.070973986942004727 -0.030763920912322468 0.011766925486031315
leaf_weight=29.871619295328856 488.55135535460431 2.1259076385758826 1.9469947218894965 12.450055303517727 85.273124396335334 4.1995743401348582 1.3834262490272515 2.1668115607462823 9.3517863200977409 1.8063935325480995 1.6115255951881398 1.1398623152635998 41.273335769306868 2.0715387593954797 2.5739464741200209 8.4270538156852108 5.3814697517082077 0.86714691785164077 2.6420107958838344 1.4430465046316387 1.0009737163782118 1.2932263826951373 6.5429844101890984 1.8968067900277672 1.3818949926644561 1.1249408237636078 2.8293875730596474 1.6483807861804951 10.111975635867564 14.632749688345937
leaf_count=797 7850 24 27 211 1336 42 23 76 226 40 24 31 895 14 35 166 179 55 39 34 30 34 182 45 27 14 67 15 238 365
internal_value=-2.49622e-10 -0.00363519 -0.02184 -0.0308356 -0.00240215 -0.0064094 -0.01488 0.0265016 -0.0199958 0.0314722 -0.0236529 -0.0510007 -0.0177354 0.000446668 0.0366851 -0.00247479 0.00508045 -0.0022913 0.0236239 -0.0220693 -0.0111048 -0.00957849 -0.00709427 0.0720907 0.00552331 -0.0209593 -0.0227989 -0.0194175 -0.0106693 -0.00107365
internal_weight=749.021 260.47 16.523 14.576 243.947 158.674 70.9794 7.80943 63.17 4.19079 58.9792 10.4916 48.4876 87.6944 6.54229 81.1521 51.2805 42.8535 9.40538 3.60986 2.3844 33.4481 32.5809 3.96835 6.76336 46.876 45.7511 42.9217 31.2877 21.1757
internal_count=13141 5291 262 235 5029 3693 1517 152 1365 93 1272 257 1015 2176 94 2082 1285 1119 245 110 53 874 819 59 206 991 977 910 785 547
is_linear=0
shrinkage=0.1


Tree=54
num_leaves=31
num_cat=0
split_feature=7 9 9 1 5 12 12 2 4 4 9 5 0 5 13 9 5 1 9 0 0 8 4 9 2 9 5 2 5 4
split_gain=0.47418 0.484241 0.777376 1.15986 1.16727 1.2692 0.818618 0.718156 0.712525 0.859601 0.70501 0.680404 0.733493 0.670973 2.05944 0.764291 0.655395 1.19565 1.74598 2.13513 1.68259 1.76291 1.42719 1.299 1.685 0.81278 0.722448 0.897033 1.10548 0.987432
threshold=0.75000000000000011 0.73250000000000004 0.51860000000000006 0.35000000000000003 0.88870000000000016 0.11420000000000001 0.020600000000000004 0.55000000000000016 0.0111 0.0089500000000000014 0.54875000000000018 0.25830000000000003 0.87500000000000011 2.8582500000000004 1.0000000180025095e-35 0.8055500000000001 1.0226000000000002 0.77500000000000002 0.82805000000000006 0.12500000000000003 0.77500000000000002 0.99750000000000016 0.033650000000000006 0.94545000000000012 0.75000000000000011 0.82245000000000013 1.0049000000000003 0.45000000000000007 0.87765000000000015 0.03135000000000001
decision_type=2 2 2 2 2 2 2 2 2 2 2 2 2 2 2 2 2 2 2 2 2 2 2 2 2 2 2 2 2 2
left_child=1 2 11 4 5 -4 7 -5 9 -8 -6 12 -1 16 15 -15 26 20 -19 -20 21 -18 -21 24 25 -23 27 28 29 -3
right_child=-2 13 3 6 10 -7 8 -9 -10 -11 -12 -13 -14 14 -16 -17 17 18 19 22 -22 23 -24 -25 -26 -27 -28 -29 -30 -31
leaf_value=-0.078868924818400202 0.0018287830986147943 0.0094297167950874519 -0.0254089691897144 -0.011859613923322375 0.060308815008970652 0.074876638503502249 -0.031550965327264584 0.073296016472474551 -0.016219285912106224 -0.10340757148186271 -0.065015134014979145 0.0012777072654417945 0.040462019938853025 0.02693035676109003 -0.042009738957033069 0.10146958266859035 0.047325208666894471 -0.093390801148013569 0.057324245280313192 0.00080743087107258086 -0.062261865192804723 -0.024435998332555192 -0.085522166487387016 -0.10947833512412311 -0.10251030659028788 0.07658389360884453 0.0604201893605592 -0.0083740945889040613 -0.041610392896571258 0.053539172903371401
leaf_weight=2.0724316702689971 488.65661971329246 14.322684648446744 1.8088556714355926 2.2946789227426043 0.58216221816837821 4.1742000300437212 10.512042156420646 1.7423254279419778 49.811554645188153 1.9780759890563775 1.9605965404771266 83.127818614244461 0.68547023646533478 2.7226959988474828 2.7023081085644662 2.7802695445716381 8.9514693822711724 3.6136043928563586 3.077422231435774 3.9275417979806662 3.040318103041499 1.2884680926799768 3.737097006291151 1.3452473040670154 1.142245180904865 2.0857025729492307 2.3486334262415758 28.494154534768313 2.8011514651589087 7.8603058401495209
leaf_count=114 7850 181 21 53 14 46 377 40 921 66 82 2050 12 37 70 41 106 56 35 68 114 25 40 20 21 38 26 465 66 86
internal_value=-3.14823e-10 -0.00347734 -0.00683608 -0.0142845 0.0204356 0.0445573 -0.0187467 0.0248926 -0.0215744 -0.042931 -0.0363223 -0.000343502 -0.0492095 0.0021327 0.0294826 0.0645899 -0.000416403 -0.0117758 -0.0332621 -0.013035 0.00550107 0.0194091 -0.0412848 -0.0232223 0.00246973 0.0380082 0.00613733 0.00375336 0.0175846 0.0250594
internal_weight=745.648 256.992 160.75 74.8645 8.52581 5.98306 66.3387 4.037 62.3017 12.4901 2.54276 85.8857 2.7579 96.2413 8.20527 5.50297 88.036 32.2091 14.3557 10.7421 17.8535 14.8131 7.66464 5.86166 4.51642 3.37417 55.8269 53.4783 24.9841 22.183
internal_count=13141 5291 3796 1620 163 67 1457 93 1364 443 96 2176 126 1495 148 78 1347 523 199 143 324 210 108 104 84 63 824 798 333 267
is_linear=0
shrinkage=0.1


Tree=55
num_leaves=31
num_cat=0
split_feature=7 9 9 9 4 4 5 4 9 4 5 9 8 5 1 2 9 9 4 9 8 1 5 2 9 9 1 1 0 5
split_gain=0.46601 0.457559 1.72804 1.06951 1.00064 0.997885 0.871138 1.67334 1.22738 1.7488 1.30192 1.64785 1.66935 1.09641 1.03767 0.909249 0.775176 0.709727 0.697063 0.765613 0.671568 1.34139 0.714962 0.70138 0.85507 0.635045 1.51248 0.621573 0.59677 1.19188
threshold=0.75000000000000011 0.69255000000000011 0.85480000000000012 0.63625000000000009 0.0078500000000000011 0.0072500000000000004 1.5182000000000004 0.029900000000000003 0.83405000000000007 0.0099500000000000022 0.95690000000000019 0.72570000000000012 0.98750000000000016 2.7306000000000004 0.35000000000000003 0.55000000000000016 0.8176500000000001 0.8055500000000001 0.0069500000000000004 0.76490000000000002 0.99050000000000005 0.77500000000000002 1.6713500000000001 0.65000000000000002 0.6785500000000001 0.77040000000000008 0.65000000000000002 0.92500000000000016 0.60000000000000009 0.77940000000000009
decision_type=2 2 2 2 2 2 2 2 2 2 2 2 2 2 2 2 2 2 2 2 2 2 2 2 2 2 2 2 2 2
left_child=-1 3 6 -2 5 27 8 -8 10 -10 14 12 15 16 -3 -12 -9 28 19 -13 21 23 -23 24 -6 26 -20 -5 -16 -30
right_child=1 2 -4 4 20 -7 7 13 9 -11 11 18 -14 -15 17 -17 -18 -19 25 -21 -22 22 -24 -25 -26 -27 -28 -29 29 -31
leaf_value=-0.0034633367156889777 0.0015303306838869619 0.020739676799758838 0.0048071159627702999 0.016949808358841353 -0.11185758073220431 -0.052442022036829211 -0.068754274141277369 -0.016732230513612847 0.032845459443180833 -0.070051310632778849 0.045415003118526892 0.017850922934943392 -0.087239435680527735 -0.046110102618742328 -0.028808599391216008 -0.046957197385053995 0.070722535629377789 -0.00076188141757724107 -0.0026092681460625558 -0.097072450737051189 0.035534427886871799 0.0020442692791112658 0.088687005749138514 0.012328985316914771 -0.00045128752890172074 0.021974939615273571 0.11129364303633688 -0.052502880412517161 -0.10866376136000995 0.0068136697940754153
leaf_weight=255.17473695636727 222.99244761746377 4.70930337160826 141.28336781566031 11.977615994401278 1.5970585108734652 3.2287941537797442 7.548546633217482 1.8030568491667507 2.2271311199292523 6.3929692264646292 2.7591846566647318 1.6510841622948675 2.9330380912870169 3.1277936169644818 7.7765429452992993 1.7361114621162412 2.3145789373666048 5.0511612887494257 1.979309214279058 0.89332677982747544 25.560512477532029 1.7989505315199497 2.0238796100020409 2.1265114471316338 1.2116047004237769 13.017524253111331 2.8363968972116709 1.4439292880706478 3.0759890312328935 1.2598820924758909
leaf_count=5291 3725 55 1964 216 37 50 115 32 48 127 46 40 67 56 272 24 37 115 35 26 369 37 21 29 19 132 37 43 52 24
internal_value=-2.11597e-10 0.00180972 -0.00165063 0.00451747 0.0175864 -0.00252948 -0.014133 -0.0358047 -0.00863354 -0.0434664 -0.00258947 0.0117684 -0.0285516 -0.00147668 -0.020842 0.00974028 0.0324273 -0.0322511 0.0264664 -0.022498 0.027346 0.00344796 0.0479146 -0.0309963 -0.063799 0.0334526 0.0644783 0.00947788 -0.0453828 -0.0751093
internal_weight=743.512 488.338 214.376 273.961 50.9689 16.6503 73.0929 14.794 58.299 8.6201 49.6789 27.806 7.42833 7.24543 21.8729 4.4953 4.11764 17.1636 20.3776 2.54441 34.3185 8.758 3.82283 4.93517 2.80866 17.8332 4.81571 13.4215 12.1124 4.33587
internal_count=13141 7850 3304 4546 821 309 1340 240 1100 175 925 407 137 125 518 70 69 463 270 66 512 143 58 85 56 204 72 259 348 76
is_linear=0
shrinkage=0.1


Tree=56
num_leaves=31
num_cat=0
split_feature=7 4 0 5 1 5 1 12 5 5 5 9 9 0 9 9 2 5 9 4 0 12 6 1 12 2 4 9 12 8
split_gain=0.525546 0.385251 0.599271 1.22318 1.03954 1.03647 1.22724 1.38438 1.21263 0.953496 0.842581 1.50544 1.66175 1.93723 0.676414 1.28359 0.885445 0.777616 0.632383 0.548815 1.4587 0.958978 1.241 1.28718 1.16139 0.923855 1.33416 1.29461 0.969769 0.806992
threshold=0.75000000000000011 0.038950000000000005 0.35000000000000003 1.3372500000000003 0.35000000000000003 1.5320500000000001 0.77500000000000002 0.56390000000000007 12.860850000000001 0.97170000000000012 3.1167000000000002 0.32455000000000006 0.52095000000000014 0.25000000000000006 0.63840000000000008 0.55815000000000015 0.75000000000000011 2.8582500000000004 0.3836500000000001 0.019900000000000004 0.77500000000000002 0.9991000000000001 0.75000000000000011 0.65000000000000002 0.094800000000000009 0.65000000000000002 0.028450000000000003 0.46400000000000002 0.08320000000000001 0.97950000000000015
decision_type=2 2 2 2 2 2 2 2 2 2 2 2 2 2 2 2 2 2 2 2 2 2 2 2 2 2 2 2 2 2
left_child=-1 19 9 -4 -5 -6 8 -8 14 -3 -11 -12 -13 -14 15 17 -16 18 -7 -2 21 22 25 24 -24 26 28 -28 -21 -23
right_child=1 2 3 4 5 6 7 -9 -10 10 11 12 13 -15 16 -17 -18 -19 -20 20 -22 29 23 -25 -26 -27 27 -29 -30 -31
leaf_value=-0.0036718927551466067 0.0026860338894107083 -0.053942270837229855 0.013476302525784254 -0.095191423521347032 -0.049374050505995394 -0.073961970165887583 0.012056806048064042 -0.10240367882102192 0.10225919286217178 0.026535106685607379 -0.10942171399269632 0.095307108649046166 0.053368187190502452 -0.076386431804428875 0.0023198692622602621 -0.090531939045603402 0.079023727379175276 0.040962132793227309 0.012522492287215796 -0.12930026282071946 -0.041146363497479972 -0.051841948192729928 0.019740026899989604 -0.010584901981205319 0.15815029461309293 0.00019114845850464301 0.025511562650752957 -0.040792649966568319 -0.045759223881600489 0.011142272750809611
leaf_weight=255.35680135968141 282.20138881518506 1.8415193194523443 35.006466589868069 1.5154871817212576 5.3214490739628699 1.5844238861464019 2.0162760093808165 2.2202793806791306 1.3765910430811334 33.093323901295662 1.2763862088322628 1.6683215145021675 2.0112109407782555 2.689065171405673 4.5607485412619999 1.7664547762833533 2.2461616229265928 3.1856949357315898 1.812860815785825 1.680456194095316 10.541008266620336 2.1336799412965766 1.2729758098721498 3.2454040870070457 1.1574560664594171 14.093367962166665 5.4644900169223529 6.3864208031445742 8.0262906244024617 43.656041016802192
leaf_count=5291 4561 88 566 88 99 35 37 37 19 464 19 20 29 37 80 29 25 49 30 36 311 46 29 71 12 184 69 80 108 592
internal_value=-4.74537e-11 0.00193308 0.00728853 0.00106426 -0.0146749 -0.00999812 9.05786e-05 -0.0479293 0.0123956 0.0164412 0.0196228 -0.0102989 0.00956718 -0.0208655 0.00423368 -0.0148409 0.0276308 0.00546975 -0.0278121 0.000450015 -0.00601141 -0.00176012 -0.012804 0.030626 0.0856558 -0.0197183 -0.0327342 -0.0102196 -0.0602221 0.00820737
internal_weight=740.409 485.052 105.193 62.6129 27.6064 26.0909 20.7695 4.23656 16.5329 42.5798 40.7383 7.64498 6.3686 4.70028 15.1563 8.34943 6.80691 6.58298 3.39728 379.859 97.6576 87.1166 41.3269 5.67584 2.43043 35.651 21.5577 11.8509 9.70675 45.7897
internal_count=13141 7850 1751 1094 528 440 341 74 267 657 569 105 86 66 248 143 105 114 65 6099 1538 1227 589 112 41 477 293 149 144 638
is_linear=0
shrinkage=0.1


Tree=57
num_leaves=31
num_cat=0
split_feature=7 4 0 5 5 12 6 0 6 5 5 5 8 4 13 9 9 5 6 0 2 12 5 5 0 12 12 5 9 8
split_gain=0.607934 0.465308 0.604619 1.17062 1.08487 0.784705 0.645639 0.512188 3.00415 2.31971 0.88631 1.20085 1.02886 0.88835 1.03111 0.842827 0.77877 0.493335 0.859941 1.28514 0.782138 0.582103 0.485823 1.02201 0.754082 1.37032 1.5951 0.756659 0.646271 0.566229
threshold=0.75000000000000011 0.037600000000000001 0.77500000000000002 1.2508000000000001 0.51045000000000018 0.9991000000000001 0.75000000000000011 0.87500000000000011 1.0000000180025095e-35 0.55750000000000011 0.98670000000000013 0.63705000000000012 0.96650000000000003 0.0078500000000000011 1.0000000180025095e-35 0.65085000000000004 0.76275000000000015 0.37105000000000005 0.75000000000000011 0.77500000000000002 0.55000000000000016 0.7955000000000001 1.3621500000000004 1.2359000000000002 0.25000000000000006 0.82330000000000003 0.25650000000000006 3.1167000000000002 0.18600000000000003 0.99950000000000017
decision_type=2 2 2 2 2 2 2 2 2 2 2 2 2 2 2 2 2 2 2 2 2 2 2 2 2 2 2 2 2 2
left_child=-1 7 4 5 -3 6 -4 17 -9 15 11 -11 -13 14 -14 -10 -16 18 19 20 -2 -22 23 28 25 26 27 -24 -6 -27
right_child=1 2 3 -5 22 -7 -8 8 9 10 -12 12 13 -15 16 -17 -18 -19 -20 -21 21 -23 24 -25 -26 29 -28 -29 -30 -31
leaf_value=-0.0039460387365474314 -0.075193335674447637 -0.078988876295911004 -0.043471399537851001 -0.060487661830062926 -0.026638663368272322 0.033472971420869156 0.034965807668689453 0.1480091970882462 0.081735934451276762 -0.058525384287871685 -0.044517653389309603 0.092675465775591936 -0.046638970142478087 -0.036719408255434821 0.0040025968063589074 0.019653242756029896 0.07510316906953908 3.1056329748160264e-05 -0.099484171665667462 0.029716289977367916 0.025588168596403362 -0.055777420719200423 0.088945678540982787 0.043037697884247543 -0.0026643216763119239 0.095047150149469337 -0.049699497281994354 -0.010962477374291266 0.015322851448251844 0.029459213018887487
leaf_weight=255.34022183378693 3.1798890633508528 1.3274919865652908 3.7713419301435334 3.6189817778067654 4.207391530275344 5.1077009104192257 1.4539991170167921 1.5564358178526152 4.1538153961300868 2.8272585514932898 6.0098346159793428 1.4532926641404618 1.6937745586037616 3.7377454563975334 2.9264028910547495 4.6176740694791079 3.252860514447093 330.10653219604865 1.2320945295505232 4.5382914263755083 2.1720728445798159 1.4772612340748312 1.8601377774029955 13.041952114552258 34.473441784270108 2.8252617735415697 3.5370242223143578 1.2794623281806705 28.757516276091337 2.4644240699708462
leaf_count=5291 134 77 74 205 72 84 30 5 39 35 274 17 27 75 41 49 28 5066 55 38 71 73 33 134 509 33 40 21 477 34
internal_value=-2.20954e-10 0.00208756 0.00788006 -0.0115423 0.0107698 0.00559996 -0.0216455 0.000423256 0.0124757 0.00559822 -0.0118056 0.00056558 0.0133537 0.00342523 0.022484 0.049053 0.041431 -0.000710188 -0.0201306 -0.0115297 -0.0389393 -0.00734886 0.0120587 0.019342 0.0048433 0.0264718 -0.00364903 0.0482307 0.0099672 0.0644902
internal_weight=738.002 482.661 107.726 13.952 93.7741 10.333 5.22534 374.935 32.2291 30.6727 21.9012 15.8913 13.0641 11.6108 7.87304 8.77149 6.17926 342.706 12.5996 11.3675 6.82922 3.64933 92.4466 46.0069 46.4398 11.9663 6.67662 3.1396 32.9649 5.28969
internal_count=13141 7850 1823 393 1430 188 104 6027 590 585 497 223 188 171 96 88 69 5437 371 316 278 144 1353 683 670 161 94 54 549 67
is_linear=0
shrinkage=0.1


Tree=58
num_leaves=31
num_cat=0
split_feature=6 0 4 0 9 4 5 1 8 4 4 5 9 0 5 4 2 5 12 4 9 12 5 2 5 3 5 12 13 5
split_gain=0.447682 0.552971 0.405873 0.623464 0.523198 0.45782 0.910101 0.43675 0.380451 0.521335 0.351311 1.03447 0.868598 0.988649 0.77689 0.668519 0.728939 0.690607 0.634233 0.623281 0.604771 1.05266 0.787711 1.14751 0.819638 0.577568 1.12335 0.845076 0.83099 1.55798
threshold=1.0000000180025095e-35 0.60000000000000009 0.71595000000000009 0.35000000000000003 0.61340000000000006 0.47100000000000003 2.3034500000000002 0.87500000000000011 0.99750000000000016 0.56990000000000007 0.080100000000000018 9.0278000000000009 0.81860000000000011 0.35000000000000003 6.1152500000000005 0.094300000000000009 0.75000000000000011 1.2742500000000001 0.71750000000000014 0.031900000000000005 0.39715000000000006 0.070900000000000005 1.6281500000000002 0.65000000000000002 2.2075000000000005 0.75000000000000011 0.87135000000000007 0.16330000000000003 1.0000000180025095e-35 1.2107500000000002
decision_type=2 2 2 2 2 2 2 2 2 2 2 2 2 2 2 2 2 2 2 2 2 2 2 2 2 2 2 2 2 2
left_child=1 -1 5 4 -4 10 7 8 -7 -10 11 14 15 -14 -2 16 17 -12 -13 -16 21 22 -17 24 -24 27 -27 -22 -28 -30
right_child=2 -3 3 -5 -6 6 -8 -9 9 -11 12 18 13 -15 19 20 -18 -19 -20 -21 25 -23 23 -25 -26 26 28 -29 29 -31
leaf_value=-0.044619255427457746 -0.00063640494892383765 0.010222140254346281 0.10293387802349369 0.0015746298901971115 0.021452682387652591 -0.07788676779145387 0.044212626408574811 -0.11298037144126433 -0.053234116849984817 0.052843819023508543 0.054601085563190356 -0.12999635184629657 0.011969835919340602 -0.041243368412653789 0.086452653366740781 0.039158808009584101 0.087307916839581376 -0.0087725461836389903 -0.019700354096191797 0.0064682099056099038 -0.021122658098741566 -0.044008011882228693 -0.1319765747845171 0.044776292594616345 -0.018988755132889914 -0.056814945970249976 0.039574108806281753 0.031952904252382272 0.04211658087221952 -0.033630268109036285
leaf_weight=4.8467519506812087 622.83797367545776 2.9623422883450985 1.3893766859546288 5.674752701073885 1.8207800537347791 1.2296454114839426 1.2797306431457398 0.92310326360166062 1.0479606091976164 0.83044709824025642 3.1991883078590018 0.96986917732283418 6.5705896746367198 7.4503235938027501 1.838734972290694 4.7298722025006992 2.1411793353036046 3.7178894896060228 1.1273571914061902 2.0722242211923003 3.5381020642817047 5.7057665586471549 0.9860820299945775 1.7419942189007995 1.8401531558483837 2.8979004798457053 6.2901815399527559 19.721071053878404 4.3160711973905563 7.3217527475208044
leaf_count=64 11281 25 26 97 29 46 27 27 33 24 48 23 83 146 21 103 28 64 24 26 74 159 27 28 34 56 82 272 58 106
internal_value=-1.02882e-10 -0.0238154 0.000256446 0.0214983 0.0567183 -7.02652e-06 -0.0292585 -0.0525827 -0.0346443 -0.00633689 0.000211466 -0.000592035 0.00636079 -0.0163062 -0.000357416 0.0110244 0.0363211 0.0205381 -0.0707071 0.0440728 0.00714645 -0.0101951 0.0105542 -0.0190625 -0.0584105 0.0130484 0.000952176 0.0238792 0.0102897 -0.00553835
internal_weight=733.019 7.80909 725.21 8.88491 3.21016 716.325 5.31089 4.03116 3.10805 1.87841 711.014 628.846 82.1681 14.0209 626.749 68.1472 9.05826 6.91708 2.09723 3.91096 59.0889 15.0039 9.2981 4.56823 2.82624 44.0851 20.8259 23.2592 17.928 11.6378
internal_count=13141 89 13052 152 55 12900 157 130 103 57 12743 11375 1368 229 11328 1139 140 112 47 47 999 351 192 89 61 648 302 346 246 164
is_linear=0
shrinkage=0.1


Tree=59
num_leaves=31
num_cat=0
split_feature=5 1 9 4 1 4 1 0 4 4 9 2 5 3 12 4 0 2 4 5 0 4 13 3 7 4 9 0 8 12
split_gain=0.37654 1.55017 0.75731 1.04643 1.3517 1.12042 1.05782 0.897479 0.740352 1.31455 0.734302 0.816624 0.570543 1.28542 0.574005 0.564522 0.716881 0.514411 0.912158 0.456497 0.44375 0.400484 0.382099 0.340644 0.340141 0.52666 0.650334 1.2497 1.0343 0.875023
threshold=3.5379500000000004 0.45000000000000007 0.35680000000000006 0.099400000000000016 0.55000000000000016 0.068300000000000013 0.92500000000000016 0.25000000000000006 0.04265 0.019750000000000004 0.30285000000000001 0.65000000000000002 3.4139000000000004 0.75000000000000011 0.0089000000000000017 0.031900000000000005 0.87500000000000011 0.55000000000000016 0.16890000000000002 0.91630000000000011 0.35000000000000003 0.056350000000000004 1.0000000180025095e-35 0.75000000000000011 0.75000000000000011 0.037600000000000001 0.18600000000000003 0.25000000000000006 0.99950000000000017 0.60530000000000006
decision_type=2 2 2 2 2 2 2 2 2 2 2 2 2 2 2 2 2 2 2 2 2 2 2 2 2 2 2 2 2 2
left_child=12 -2 10 5 -5 6 8 -6 9 -4 11 -3 14 -14 15 19 21 -9 -19 -1 -10 -17 -12 -11 -16 -26 27 -27 -29 -30
right_child=1 2 3 4 7 -7 -8 17 20 23 22 -13 13 -15 24 16 -18 18 -20 -21 -22 -23 -24 -25 25 26 -28 28 29 -31
leaf_value=-0.021127807339686045 -0.06447952102972293 -0.030910166048141337 0.011929094371580268 0.095682359048284274 0.072410095939314731 -0.076963595186079217 0.050479778313024221 -0.03890636511299761 0.057360263723042232 -0.11845113920014644 0.086381676236860244 0.055964795114676419 -0.12274742934774566 0.022894856588338439 -0.0031634810352447009 -0.10162442696049412 0.02457143558270114 0.047699139446749909 -0.037407116855309737 0.046259677249474024 -0.012063615256953916 -0.037128255320778819 0.03761220517773755 -0.046591412490409892 -0.00014054079821498337 0.048237206071066387 0.011771181749813057 0.0099710401911686248 -0.083867388385054698 0.0039745294361063048
leaf_weight=3.1599477240815741 2.6534825066337353 2.6074352469295246 2.3546132119372505 2.3151513971388331 1.9127634614706028 2.2955368943512431 3.0205826684832564 2.7476829998195154 1.5115508846938612 1.657075323164463 2.7233358323574066 1.8495078459382055 1.1963589740917078 1.2280500195920467 229.81844937056303 1.8664725534617903 1.0579892834648488 3.221538407728076 2.067616518586874 1.474264179356396 2.3554315250366926 1.9884207267314193 3.9173344615846872 1.0959794204682112 359.25455486658029 2.5697971712797871 77.485363916028291 3.7358665852807444 3.8873743838630617 1.6010608661454169
leaf_count=105 130 38 32 23 38 36 43 38 16 37 29 28 24 20 4790 65 17 40 30 31 40 66 28 24 5836 38 1328 72 71 28
internal_value=-2.51032e-10 0.00939496 0.014601 0.00543305 0.0268608 -0.0129569 -0.000707865 0.0108469 -0.017936 -0.0429271 0.0365391 0.00514053 -0.000548553 -0.0489744 -0.000377883 -0.0247272 -0.0483442 -0.00380514 0.0144297 0.000309916 0.0150732 -0.0683562 0.0576125 -0.0898441 -3.51913e-05 0.00156767 0.00844141 -0.0134347 -0.0306159 -0.0582426
internal_weight=730.631 40.3066 37.6531 26.5555 12.2648 14.2908 11.9952 9.9496 8.97465 5.10767 11.0976 4.45694 690.324 2.42441 687.9 9.54709 4.91288 8.03684 5.28915 4.63421 3.86698 3.85489 6.64067 2.75305 678.352 448.534 89.2795 11.7941 9.2243 5.48844
internal_count=13141 650 520 397 169 228 192 146 149 93 123 66 12491 44 12447 284 148 108 70 136 56 131 57 61 12163 7373 1537 209 171 99
is_linear=0
shrinkage=0.1


Tree=60
num_leaves=31
num_cat=0
split_feature=6 3 7 7 10 5 4 4 0 3 5 4 5 9 5 0 9 9 11 4 5 13 4 2 5 4 2 9 5 4
split_gain=0.389798 0.419747 0.324944 0.314722 0.337329 0.459714 0.323161 0.565368 0.453483 0.389727 2.129 1.01212 0.927686 1.00836 1.00039 1.96121 1.20684 2.32908 0.87321 0.859797 0.746389 0.789371 1.38859 0.968797 0.927814 0.792473 0.715922 0.695053 1.52919 1.03141
threshold=1.0000000180025095e-35 0.75000000000000011 0.75000000000000011 0.75000000000000011 0.92800000000000016 2.8582500000000004 0.90580000000000005 0.47100000000000003 0.45000000000000007 0.75000000000000011 0.85815000000000008 0.0095500000000000012 0.85435000000000005 0.88890000000000013 0.97925000000000006 0.77500000000000002 0.69850000000000012 0.3776500000000001 0.097300000000000011 0.08660000000000001 0.93950000000000011 1.0000000180025095e-35 0.057200000000000008 0.55000000000000016 4.9350000000000014 0.061800000000000008 0.75000000000000011 0.71490000000000009 2.7670000000000008 0.12820000000000001
decision_type=2 2 2 2 2 2 2 2 2 2 2 2 2 2 2 2 2 2 2 2 2 2 2 2 2 2 2 2 2 2
left_child=1 -1 -3 6 -5 -6 7 9 -8 12 11 -11 -2 14 16 18 17 -14 27 20 -12 24 23 -23 -22 -24 -25 -16 29 -29
right_child=3 2 -4 4 5 -7 8 -9 -10 10 19 -13 13 -15 15 -17 -18 -19 -20 -21 21 22 25 26 -26 -27 -28 28 -30 -31
leaf_value=-0.0077434355139688708 0.01218374146135421 -0.09791557368892026 -0.020615891441059082 0.0012653616895842983 0.023299905972650234 -0.025264245028668798 0.072663923337227321 -0.043728528355020807 -0.0028769669135538596 -0.0097381196826494404 0.015189311070847054 -0.051120436790123659 -0.0047823857029788619 -0.037713225556281621 0.011954985854900246 -0.033081879840082033 0.0065212910552707925 -0.096616597805914695 -0.068672690083451157 0.019923870875493792 -0.0035132408116850138 -0.0078893589465890267 0.060213554188552489 -0.1028183739719879 0.091177217189883697 -0.012465225300028247 -0.042985625873479504 -0.0097343171876842997 0.11226715702168875 0.082452718173112088
leaf_weight=5.5422550654038778 48.67239664006047 1.0965062528848648 1.0789063782431185 455.18406109500211 13.345927799120544 2.2825713055208317 1.3624170934781425 3.3691862532868972 1.9070625435560939 10.442940757842736 15.22034229710698 13.616508316248654 6.9109658189117926 8.5886071096174401 29.96313342731446 10.043469577329232 9.6108302501961571 4.5998181477189064 1.1700320169329632 17.912490381859243 35.457451172173023 5.3977231606841114 2.3369614332914344 2.8552653165534121 1.065887315198778 4.1903918534517288 6.6747321495786309 4.1429254123941046 2.3839917033910751 1.7164857704192398
leaf_count=49 1003 20 20 7548 239 22 28 100 34 432 188 531 152 189 524 418 79 95 23 270 686 102 11 51 18 78 108 88 17 18
internal_value=-2.29205e-10 -0.0223544 -0.0595784 0.000239475 0.00176135 0.016207 -0.00263104 -0.00304557 0.0286015 -0.00248144 -0.00670034 -0.0331586 0.00132048 -0.00536143 -0.00142253 0.00636274 -0.0196384 -0.0414802 0.0164236 0.000286391 -0.0045191 -0.0096929 -0.0249169 -0.0417395 -0.00074982 0.0135557 -0.060912 0.0190295 0.0447442 0.0172714
internal_weight=728.142 7.71767 2.17541 720.425 470.813 15.6285 249.612 246.343 3.26948 242.973 115.171 24.0594 127.803 79.1303 70.5417 49.42 21.1216 11.5108 39.3766 91.1112 73.1988 57.9784 21.4551 14.9277 36.5233 6.52735 9.53 38.2065 8.2434 5.85941
internal_count=13141 89 40 13052 7809 261 5243 5181 62 5081 2475 963 2606 1603 1414 1088 326 247 670 1512 1242 1054 350 261 704 89 159 647 123 106
is_linear=0
shrinkage=0.1


Tree=61
num_leaves=31
num_cat=0
split_feature=6 3 7 4 0 9 12 5 5 2 9 0 5 9 4 8 4 0 5 4 4 9 9 9 5 5 1 4 9 5
split_gain=0.320637 0.332166 0.315796 0.293097 0.478799 1.02432 1.53926 0.477737 0.468094 1.01932 0.736423 0.718455 0.703009 0.884745 0.861636 1.14503 0.744792 0.649229 0.857966 0.749273 0.708598 0.504535 0.869735 0.757765 0.55161 0.61442 0.865399 0.791389 0.621946 0.587732
threshold=1.0000000180025095e-35 0.75000000000000011 0.75000000000000011 0.037600000000000001 0.87500000000000011 0.87370000000000003 0.27120000000000005 1.0226000000000002 1.3621500000000004 0.20000000000000004 0.13840000000000002 0.25000000000000006 0.48535 0.61725000000000008 0.13100000000000003 0.99850000000000005 0.7410500000000001 0.25000000000000006 2.4067000000000003 0.057900000000000007 0.090250000000000011 0.11480000000000001 0.21720000000000003 0.3836500000000001 1.5637000000000001 3.1687000000000007 0.77500000000000002 0.054500000000000007 0.66155000000000019 2.4067000000000003
decision_type=2 2 2 2 2 2 2 2 2 2 2 2 2 2 2 2 2 2 2 2 2 2 2 2 2 2 2 2 2 2
left_child=1 -1 -2 -4 8 6 -6 -8 10 -10 -5 -12 13 -13 -14 16 -16 18 19 -11 -20 -19 -23 -24 -25 27 -27 -26 -28 -29
right_child=2 -3 3 4 5 -7 7 -9 9 17 11 12 14 -15 15 -17 -18 21 20 -21 -22 22 23 24 25 26 28 29 -30 -31
leaf_value=-0.0078049264595506027 -0.0026866442618773928 -0.055073877210024193 0.0004036363886562468 -0.016153348326602979 0.028710351242943979 0.050551079900834461 -0.12702838901145694 -0.043380992453203371 -0.090041709060300859 0.0046870882866039149 -0.010426149206097392 0.032604983770659748 0.035052121757675803 -0.12343118391778983 -0.091079922908491096 0.029300056491413835 0.0099553969061378055 0.045263673673483149 0.031642815958027648 0.071827552962623387 -0.049092461571740534 -0.068613623105531527 0.059352564549960768 -0.036790708488196738 0.056879623467082523 -0.0014126068361664625 -0.020920609078837735 -0.012067236041767538 -0.12029118291976473 0.050931926455321831
leaf_weight=5.5573532772250465 245.99418035836425 2.0295461774803698 366.14301814162172 6.7623300533741704 1.755184968933462 1.5062812371179459 1.5799805484712126 1.2023999902885405 1.2034935745177779 2.7258593402802926 6.9147886643186203 0.74420777242630609 29.249774389900267 0.71013182308524847 1.8104534745216363 4.4546365132555366 1.2221136428415773 1.9765323046594847 2.0629730857908726 4.2594542074948549 2.2981486432254314 2.1244898010045317 1.863582001999023 4.9466788852587369 3.2788909096270826 7.4039303604513389 1.2951801214367153 7.7537336256355029 1.2261099852621553 1.8304306268692014
leaf_count=49 5243 40 5986 110 58 33 24 75 85 42 154 28 403 22 70 73 18 47 23 57 39 30 24 87 38 91 25 118 23 26
internal_value=-1.13389e-10 -0.0204497 0.000216599 0.00173515 0.0064156 -0.0209018 -0.0446212 -0.0908803 0.00809829 0.000783693 0.0146205 0.0192341 0.0246043 -0.0435851 0.0273038 -0.00296616 -0.0503631 0.00321027 0.0238999 0.0456275 -0.0109017 -0.00375581 -0.00681001 -0.00237394 -0.0065215 4.90728e-05 -0.0186439 0.0144727 -0.0692448 -3.53475e-05
internal_weight=723.886 7.5869 716.299 470.305 104.162 6.04385 4.53757 2.78238 98.1179 46.2495 51.8684 45.1061 38.1913 1.45434 36.737 7.4872 3.03257 45.046 11.3464 6.98531 4.36112 33.6996 31.723 29.5985 27.735 22.7883 9.92522 12.8631 2.52129 9.58416
internal_count=13141 89 13052 7809 1823 190 157 99 1633 755 878 768 614 50 564 161 88 670 161 99 62 509 462 432 408 321 139 182 48 144
is_linear=0
shrinkage=0.1


Tree=62
num_leaves=31
num_cat=0
split_feature=6 3 7 4 4 4 9 5 0 4 5 2 4 8 5 3 5 3 0 5 1 12 12 1 5 5 5 5 8 4
split_gain=0.442211 0.568592 0.314839 0.313931 0.621639 0.61073 1.01581 0.813318 0.562103 0.861961 0.746453 0.429674 0.429154 0.417526 0.517195 0.569499 0.431937 0.784432 1.09218 0.5967 2.10473 1.3381 1.55412 1.24436 1.38119 1.11441 1.24551 0.986745 0.93959 0.800959
threshold=1.0000000180025095e-35 0.75000000000000011 0.75000000000000011 0.070300000000000015 0.12820000000000001 0.14150000000000004 0.56880000000000008 6.1152500000000005 0.35000000000000003 0.27070000000000005 1.9075000000000004 0.65000000000000002 0.12700000000000003 0.99550000000000016 4.6904500000000011 0.75000000000000011 3.2671000000000006 0.75000000000000011 0.60000000000000009 1.0349000000000002 0.45000000000000007 0.28300000000000008 0.9991000000000001 0.77500000000000002 1.0087000000000004 0.94280000000000019 0.99835000000000018 0.82420000000000015 0.99750000000000016 0.031750000000000007
decision_type=2 2 2 2 2 2 2 2 2 2 2 2 2 2 2 2 2 2 2 2 2 2 2 2 2 2 2 2 2 2
left_child=1 -1 -2 13 12 -6 -7 8 10 11 -8 -10 -5 -4 16 -16 19 18 -18 21 -21 23 25 24 29 -23 -27 -25 -24 -15
right_child=2 -3 3 4 5 6 7 -9 9 -11 -12 -13 -14 14 15 -17 17 -19 -20 20 -22 22 28 27 -26 26 -28 -29 -30 -31
leaf_value=-0.0067815264843154909 -0.0026387165557170389 -0.066977557141511018 -0.0023975515995564639 0.015964755478284291 -0.049222273125366582 0.038118373868092595 -0.02813901596482531 -0.088150937091976828 -0.043946355160381728 -0.0057503141629786769 0.060541669566775813 -0.17217795879044617 0.062865753742300717 0.0010837887415068974 0.0064175166168679828 -0.086521634917983065 -0.042517448878880912 0.052446284852967096 0.054244701869901046 -0.058453798531786116 0.0016824003917243929 0.023259075865718896 0.035148871968787972 -0.077048103696188086 0.087169938303140335 0.13339540697340269 0.039793155072980702 -0.0098212111454538814 -0.002960561699543987 -0.0895765730596738
leaf_weight=5.5631430614739648 246.0855165598914 2.1856369557790458 198.9407058400102 23.668485812726434 2.5873626819811788 5.4712518735323128 1.6062397826462969 1.3274177233688522 0.53138808696530737 4.2931945025920868 2.3202974945306778 0.51412085257470608 2.1262262635864309 17.752006157301377 1.3162951790727666 1.320991013199091 2.9185126796364766 5.0447685569524765 1.9431590326130388 6.1728463312610975 101.81958967540413 24.610647893045101 7.8738780431449404 4.0445084511302394 1.8276679143309582 2.0893202498555175 4.4481903193518519 4.7445556474849582 36.273636739701033 1.0310863070189942
leaf_count=49 5243 40 3338 388 57 128 40 24 29 91 27 12 29 324 23 17 22 42 30 299 1127 446 176 151 16 31 58 105 754 25
internal_value=2.98279e-12 -0.0237605 0.000257611 0.00177856 0.00977436 -0.00413361 0.00312867 -0.014944 -0.00445573 -0.0255793 0.0242648 -0.107003 0.0198307 0.000940735 0.00388935 -0.0401348 0.00441094 0.024822 -0.00384264 0.00346025 -0.00175498 0.00883972 0.015904 -0.00925254 0.00418208 0.0330079 0.0697075 -0.0407574 0.0038364 -0.00389296
internal_weight=722.453 7.74878 714.704 468.618 44.446 18.6513 16.0639 10.5927 9.26524 5.3387 3.92654 1.04551 25.7947 424.172 225.232 2.63729 222.594 9.90644 4.86167 212.688 107.992 104.695 75.2957 29.3998 20.6108 31.1482 6.53751 8.78906 44.1475 18.7831
internal_count=13141 89 13052 7809 825 408 351 223 199 132 67 41 417 6984 3646 40 3606 94 52 3512 1426 2086 1465 621 365 535 89 256 930 349
is_linear=0
shrinkage=0.1


Tree=63
num_leaves=31
num_cat=0
split_feature=4 5 4 0 5 9 9 9 4 4 8 5 0 0 1 4 5 12 9 5 5 8 8 9 12 12 4 2 5 4
split_gain=0.347525 0.819728 0.640079 0.836988 0.606515 0.547453 0.567312 1.66346 1.40922 1.30326 0.771097 0.712376 2.73774 2.53281 1.69894 1.62583 1.86335 1.34367 1.28774 1.26445 1.18291 1.22021 1.19153 1.04549 1.06065 0.943103 0.853893 0.834201 0.833632 0.800269
threshold=0.080100000000000018 9.0278000000000009 0.099400000000000016 0.77500000000000002 6.1152500000000005 0.84325000000000017 0.69255000000000011 0.67640000000000011 0.0041500000000000009 0.0062500000000000012 0.97450000000000003 1.2742500000000001 0.35000000000000003 0.25000000000000006 0.35000000000000003 0.011950000000000002 1.296 0.80080000000000007 0.67285000000000006 1.3321000000000003 0.96050000000000002 0.98150000000000015 0.97350000000000014 0.082800000000000026 0.21470000000000003 0.51400000000000012 0.012950000000000001 0.65000000000000002 4.5039000000000007 0.023550000000000005
decision_type=2 2 2 2 2 2 2 2 2 2 2 2 2 2 2 2 2 2 2 2 2 2 2 2 2 2 2 2 2 2
left_child=1 4 3 -2 5 6 7 11 -9 -10 -8 13 25 -1 -14 17 -17 -16 19 -18 29 22 -22 24 -23 -13 -21 -19 -28 -15
right_child=2 -3 -4 -5 -6 -7 10 8 9 -11 -12 12 14 20 15 16 18 27 -20 26 21 23 -24 -25 -26 -27 28 -29 -30 -31
leaf_value=-0.031885517381866152 0.031204952097698788 -0.069020715694449036 0.0018601282703909466 -0.044592282123421825 0.043724439875112875 0.003862815355199424 0.0079180064300013574 0.12496754030856271 -0.042294072356432982 0.03600357794226193 -0.01339513585903075 0.0068555973680437853 -0.084498212373617709 0.010500729463823509 0.059193356033456782 0.07078733469165803 -0.089783920651255122 -0.047774449477701077 0.080586989157237027 -0.074235794964423688 -0.025151985087078124 -0.0076053364530495049 -0.107644169915821 -0.0076235429715430028 0.11929882608549605 0.034267313963296367 -0.010428309312003057 0.043961148668187566 -0.077580245603191295 -0.010140047978967934
leaf_weight=31.336036278866231 14.715127693023534 1.7583481536712486 75.215891067055054 1.6169223403558124 3.0655616242438546 175.90105144074187 21.235890182666481 1.4529796000570048 2.6074996446259311 11.508725269231943 84.605919817462564 23.585317337885499 2.9276180968154213 81.730816797818989 6.1564240409061295 2.4323525810614219 2.5904703857377163 2.6831847140565515 1.2578789116814721 2.5037272954359642 10.078971211798487 1.3008402604609719 2.1191132487729183 64.400423633866012 1.3339557405561209 26.828228495083749 35.563280885107815 1.5720577491447327 1.9500287952832867 24.389025180367753
leaf_count=952 186 47 1442 49 47 2621 172 24 49 203 1686 350 177 1915 73 24 28 38 17 34 227 30 48 1100 14 322 602 20 41 603
internal_value=-1.00462e-10 -0.000837994 0.00575648 0.0237008 -0.000646819 -0.000864786 -0.00272039 -0.000741969 0.0311929 0.0215407 -0.00911891 -0.00226367 0.00428836 -0.00559127 -0.0102132 -0.00637827 -0.0144078 0.0293268 -0.0191319 -0.0220759 -0.00114593 -0.0103912 -0.0394829 -0.00509752 0.0566442 0.0214431 -0.0176928 -0.0138836 -0.013919 0.00575696
internal_weight=720.424 628.876 91.5479 16.3321 627.117 624.052 448.151 342.309 15.5692 14.1162 105.842 326.74 110.051 216.689 59.637 56.7094 46.2977 10.4117 43.8654 42.6075 185.353 79.2333 12.1981 67.0352 2.6348 50.4135 40.017 4.25524 37.5133 106.12
internal_count=13141 11464 1677 235 11417 11370 8749 6891 276 252 1858 6615 1726 4889 1054 877 746 131 722 705 3937 1419 275 1144 44 672 677 58 643 2518
is_linear=0
shrinkage=0.1


Tree=64
num_leaves=31
num_cat=0
split_feature=7 9 9 9 13 1 3 0 2 4 5 5 0 4 5 5 8 8 4 8 9 1 5 1 12 5 8 5 5 9
split_gain=0.357488 0.336993 1.50517 0.968959 0.762335 1.02096 0.9536 1.40429 0.80792 0.940732 0.621113 0.539315 1.7023 1.92626 2.33913 1.74224 1.86788 1.3708 0.943058 0.865025 0.862639 0.99276 0.767047 0.663036 0.941324 0.923935 0.832488 0.68493 0.904062 0.718776
threshold=0.75000000000000011 0.70435000000000014 0.72065000000000012 0.67640000000000011 1.0000000180025095e-35 0.92500000000000016 0.75000000000000011 0.45000000000000007 0.55000000000000016 0.018100000000000002 3.2671000000000006 1.1507000000000003 0.45000000000000007 0.0087500000000000026 1.3799000000000003 3.1687000000000007 0.97850000000000004 0.99950000000000017 0.030900000000000004 0.97850000000000004 0.95115000000000005 0.87500000000000011 1.1198500000000002 0.97500000000000009 0.94700000000000006 1.6924500000000002 0.99750000000000016 2.6108500000000006 1.5320500000000001 0.97365000000000013
decision_type=2 2 2 2 2 2 2 2 2 2 2 2 2 2 2 2 2 2 2 2 2 2 2 2 2 2 2 2 2 2
left_child=-1 3 -3 10 8 6 7 -6 9 -5 -2 22 15 14 -14 16 -13 -17 23 -15 -20 -22 -4 24 -18 -25 27 28 29 -26
right_child=1 2 11 4 5 -7 -8 -9 -10 -11 -12 12 13 19 -16 17 18 -19 20 -21 21 -23 -24 25 26 -27 -28 -29 -30 -31
leaf_value=-0.0030802458788282069 0.00079996137322897005 -0.062195754773575855 0.0021166049025311824 0.078614992388440191 0.074011270083442271 -0.059871823957835912 0.064588057638279309 -0.035154377859291396 0.081018655994242086 -0.022083377928023402 0.019056547690575628 0.083564276800043982 -0.0043003964366463421 -0.094575072936254279 -0.13844294459698303 -0.0088190076825772675 -0.080300955140240354 -0.14343470269984057 0.053486318181841547 -0.008942338000643495 0.046163629009345362 -0.055589143817076005 0.048664687725229222 -0.021411894942604051 0.016980646374370977 0.076779332141953149 0.045025389869730509 0.028121213733002165 -0.076178292791558772 -0.060144098462685286
leaf_weight=246.68354304891545 226.17124840710312 3.9980893316678694 130.76429911004379 1.5187095096334826 1.6768977586179952 1.8107970841228969 3.3609764520078897 3.9638211973942816 4.0089821964502335 2.384092022664845 20.308379465248436 3.4108648654073468 2.2896152148023274 1.2471804944798375 3.0073699690401554 1.8209719546139231 2.0276773311197802 1.2939953692257404 6.1591155808418971 21.782442353549413 1.8389186114072802 2.0035462658852339 3.6386284194886676 1.8431342653930181 3.7048766259103996 1.9961142838001249 2.4866708554327497 2.3995238542556754 3.0335391201078892 1.7932893447577951
leaf_count=5291 4088 107 2114 24 19 33 44 69 44 37 287 39 40 30 40 30 29 20 95 355 20 27 56 27 41 20 28 21 47 19
internal_value=-8.93791e-11 0.00162449 -0.00144694 0.00397019 0.0259008 0.00864064 0.0224227 -0.00270113 0.0494891 0.0171017 0.00230419 -0.000223628 -0.00776828 -0.0260862 -0.08046 0.00672075 0.0135286 -0.06474 0.00537183 -0.0135798 0.0302896 -0.00689252 0.00337678 -0.00755115 -0.0167956 0.02964 -0.00719886 -0.019079 -0.032354 -0.00817447
internal_weight=714.427 467.744 202.54 265.204 18.7243 10.8125 9.0017 5.64072 7.91178 3.9028 246.48 198.542 64.1388 28.3266 5.29699 35.8122 32.6973 3.11497 29.2864 23.0296 10.0016 3.84246 134.403 19.2848 15.4456 3.83925 13.4179 10.9312 8.53171 5.49817
internal_count=13141 7850 3205 4645 270 165 132 88 105 61 4375 3098 928 465 80 463 413 50 374 385 142 47 2170 232 185 47 156 128 107 60
is_linear=0
shrinkage=0.1


Tree=65
num_leaves=31
num_cat=0
split_feature=12 9 5 0 4 9 4 12 12 2 9 9 5 4 1 5 4 12 0 4 7 2 5 4 5 5 0 1 1 5
split_gain=0.319903 0.845611 0.938283 0.431582 0.618702 0.424566 0.380967 0.352582 0.819059 0.446173 0.427828 0.45794 0.411808 0.577594 0.282714 0.275804 0.302992 0.270932 0.290581 0.35108 0.270358 0.416184 1.16764 1.00683 1.30367 0.661687 1.5935 0.945167 0.924646 1.89111
threshold=0.012900000000000002 0.63245000000000007 4.0202500000000008 0.35000000000000003 0.079900000000000013 0.48900000000000005 0.031900000000000005 0.014200000000000003 0.013700000000000002 0.55000000000000016 0.25330000000000003 0.46880000000000005 0.061350000000000009 0.0033500000000000001 0.87500000000000011 0.91630000000000011 0.0097500000000000017 0.0092000000000000016 0.87500000000000011 0.05970000000000001 0.75000000000000011 0.75000000000000011 0.85815000000000008 0.053600000000000002 0.93950000000000011 1.0349000000000002 0.77500000000000002 0.35000000000000003 0.77500000000000002 0.68780000000000008
decision_type=2 2 2 2 2 2 2 2 2 2 2 2 2 2 2 2 2 2 2 2 2 2 2 2 2 2 2 2 2 2
left_child=1 2 3 4 14 6 15 8 10 -10 -2 -12 13 -9 -1 16 -5 18 19 -8 21 25 -23 24 -24 27 -27 -14 -29 -30
right_child=7 -3 -4 5 -6 -7 17 12 9 -11 11 -13 20 -15 -16 -17 -18 -19 -20 -21 -22 22 23 -25 -26 26 -28 28 29 -31
leaf_value=-0.073992592740140126 0.05126743689646545 0.056726118739452353 0.079594948624068379 -0.042672049878940986 -0.11613475805108819 -0.069396585703346156 -0.095603387523290922 -0.11569646058918855 0.03376723008832469 0.12376303505964284 -0.056425990795941072 0.010520734128888418 0.025678139574363587 -0.0044621428259440316 -0.013570812044571726 0.050118586462883453 0.020043740086977672 0.0064183390880863615 0.0031341689123164764 -0.023237110929584141 0.0016723652270720975 -0.04327901605192188 0.025174333438480651 0.017935174583471016 -0.030102449883608384 -0.0020463364349556567 -0.045054007392650079 -0.0073552960242449037 -0.030725976077401219 0.027270454167794757
leaf_weight=1.0778049533255498 1.3157465048134316 1.6026570359244932 0.91148967668414016 1.2001317087560877 1.0847578728571532 1.2407235903665412 1.295931992121041 0.73488170653581564 1.2833643071353438 0.96518818475306023 1.6001981436274944 2.8266307981684804 18.020476807374507 1.2797373288776723 2.7508349320851266 1.4239272885024545 2.1509887157008052 1.825728037394583 1.0860492279753091 1.3888862808234987 450.20375871623401 9.0356322780717147 5.7032517902553108 14.002308071590958 16.937912744469941 72.95254323258996 9.7687016180716437 54.921843366930261 7.2834581467323032 24.651686501223594
leaf_count=39 42 21 18 34 28 31 42 49 28 20 32 72 285 50 118 29 59 32 19 44 7458 356 61 224 332 1278 438 1130 318 454
internal_value=-1.62474e-10 -0.0127878 -0.0191768 -0.0246246 -0.0494686 -0.0141127 -0.00749931 0.000351093 0.0212349 0.0723978 0.00120162 -0.013679 0.000107641 -0.0450376 -0.0305802 0.0132495 -0.00241657 -0.0252023 -0.040512 -0.0581675 0.000240711 -0.00252225 -0.011082 -0.0031428 -0.0161784 -0.000437995 -0.00712519 0.00483647 0.000512393 0.0140432
internal_weight=712.527 19.0399 17.4373 16.5258 4.9134 11.6124 10.3716 693.487 7.99113 2.24855 5.74258 4.42683 685.496 2.01462 3.82864 4.77505 3.35112 5.5966 3.77087 2.68482 683.482 233.278 45.6791 36.6435 22.6412 187.599 82.7212 104.877 86.857 31.9351
internal_count=13141 514 493 475 185 290 259 12627 194 48 146 104 12433 99 157 122 93 137 105 86 12334 4876 973 617 393 3903 1716 2187 1902 772
is_linear=0
shrinkage=0.1


Tree=66
num_leaves=31
num_cat=0
split_feature=12 5 9 12 0 12 5 4 9 2 9 4 9 9 9 6 4 5 12 9 9 5 5 1 8 7 5 12 1 0
split_gain=0.392078 0.602331 0.661896 0.425227 0.641191 0.588357 0.327552 0.516288 0.311976 0.555365 0.291017 0.43948 0.325432 0.234438 0.588909 0.852839 0.99402 1.49215 1.06848 0.90522 0.825533 0.552904 0.892228 0.66757 0.517938 0.481167 0.447652 0.419266 0.645046 0.645825
threshold=0.013100000000000002 4.0202500000000008 0.63245000000000007 0.014200000000000003 0.77500000000000002 0.013700000000000002 0.061350000000000009 0.0033500000000000001 0.48900000000000005 0.55000000000000016 0.34865000000000007 0.0097500000000000017 0.25910000000000005 0.52840000000000009 0.5757500000000001 0.75000000000000011 0.0058500000000000002 0.91135000000000022 0.16460000000000005 0.53455000000000019 0.56540000000000012 1.0049000000000003 0.8992500000000001 0.35000000000000003 0.95550000000000013 0.75000000000000011 27.839050000000004 0.047300000000000002 0.55000000000000016 0.77500000000000002
decision_type=2 2 2 2 2 2 2 2 2 2 2 2 2 2 2 2 2 2 2 2 2 2 2 2 2 2 2 2 2 2
left_child=1 2 8 4 5 -2 7 -5 10 -10 12 -12 -1 -8 15 16 17 18 -15 -17 25 22 23 -18 -16 -20 -26 -23 29 -29
right_child=3 -3 -4 6 -6 -7 13 -9 9 -11 11 -13 -14 14 24 19 21 -19 20 -21 -22 27 -24 -25 26 -27 -28 28 -30 -31
leaf_value=-0.018792803343713783 0.014603367629062468 0.067892835875597232 0.034967301398525219 -0.11193243474040755 -0.038474260256326054 0.087193668683440348 0.0030433016232532476 -0.0036198168426138672 -0.10329792750804945 -0.0030305507551074574 -0.029727236676665672 0.057757824468145452 -0.069112729950583943 0.051170637521211926 0.028195049914483097 -0.055010587650767641 0.038302255902468899 0.11969905125150748 -0.060964938497988667 0.039739483768414657 -0.12990632088625029 -0.056907225420200859 -0.095673988078384897 -0.047118366384877486 -0.00061544683540381174 0.050040219915188124 0.05055365479806611 0.083771124975984629 -0.022492168081924415 -0.02923018089861993
leaf_weight=11.427555515896538 2.7452840176410964 0.86739455163478751 2.1584385251626363 0.6691867420449843 1.179232441820204 1.8820220567286012 213.03638629592024 1.2854254867415873 1.2395360912196332 0.99650728330016125 1.1439151787199073 1.1529644550755618 1.4480909407138813 1.6704165237024451 6.4241585978306821 1.2763485275208939 1.2091216593980814 1.1191685087978838 0.83420567214489005 4.8014280702918768 0.8825717931613325 2.3775533535517743 2.9616025099530816 3.7597518749535084 427.63539647450671 0.7341373497620225 1.7165815691696469 1.2772682607173913 8.7882914096117002 0.83732075197622169
leaf_count=336 77 18 30 49 30 39 4270 50 34 28 38 24 54 34 148 26 14 16 32 89 16 75 81 128 7141 18 33 22 147 44
internal_value=-2.97667e-10 -0.0136508 -0.0172656 0.000404797 0.027352 0.0441274 0.000175804 -0.040702 -0.0237418 -0.0586131 -0.0186027 0.0141876 -0.0244522 0.000293073 -0.000958032 -0.0139374 -0.0216989 0.0173012 -0.0105054 0.0198417 -0.0525406 -0.0313345 -0.0522276 -0.0263322 1.08361e-05 -0.00900371 -0.000410869 -0.0188582 -0.0105609 0.0390256
internal_weight=709.537 20.4344 19.567 689.103 5.80654 4.62731 683.296 1.95461 17.4086 2.23604 15.1725 2.29688 12.8756 681.342 468.305 32.5292 26.4514 5.2405 4.12133 6.07778 2.45091 21.2109 7.93048 4.96887 435.776 1.56834 429.352 13.2804 10.9029 2.11459
internal_count=13141 562 544 12579 146 116 12433 99 514 62 452 62 390 12334 8064 742 627 116 100 115 66 511 223 142 7322 50 7174 288 213 66
is_linear=0
shrinkage=0.1


Tree=67
num_leaves=31
num_cat=0
split_feature=12 5 0 9 9 4 4 7 4 5 5 5 0 5 10 4 12 5 5 8 9 4 5 9 2 6 4 9 5 4
split_gain=0.273595 0.518002 0.315145 0.259914 0.380763 0.250729 0.350048 0.212105 0.283575 0.490832 0.656829 0.499882 1.09659 0.894357 0.944323 1.02788 0.9288 0.781021 0.98399 1.1878 0.778711 1.02342 0.792165 0.620296 1.07007 0.681722 0.543637 0.488467 0.473337 0.783613
threshold=0.012900000000000002 4.0202500000000008 0.35000000000000003 0.60955000000000015 0.48900000000000005 0.0058500000000000002 0.079900000000000013 0.75000000000000011 0.039400000000000011 0.43530000000000008 0.32015000000000005 1.1137500000000002 0.35000000000000003 12.860850000000001 0.9890000000000001 0.039900000000000012 0.026800000000000001 1.6281500000000002 1.6924500000000002 0.99950000000000017 0.95565000000000011 0.046500000000000007 4.9350000000000014 0.39715000000000006 0.55000000000000016 0.75000000000000011 0.16890000000000002 0.64810000000000012 1.2742500000000001 0.10505000000000002
decision_type=2 2 2 2 2 2 2 2 2 2 2 2 2 2 2 2 2 2 2 2 2 2 2 2 2 2 2 2 2 2
left_child=1 2 5 4 -4 -1 -7 -2 -9 10 -10 -11 20 14 15 -14 -17 28 -19 -20 21 27 23 24 -23 26 -25 -13 29 -18
right_child=7 -3 3 -5 -6 6 -8 8 9 11 -12 12 13 -15 -16 16 17 18 19 -21 -22 22 -24 25 -26 -27 -28 -29 -30 -31
leaf_value=-0.085056445264642302 -0.0021104192883126989 0.060693374718173237 -0.0054512111640072497 0.045225214024979025 -0.072317897897682101 -0.012794510808447127 -0.082380153237837983 0.00033075446009688729 0.018949497260589081 0.018838599764418585 -0.10997172895987456 0.071409022447840947 0.070293694147283731 0.071725930514025607 0.040196768015316284 0.055285350583453456 -0.0045655522576666342 0.05822692281891656 0.0061540602668765758 -0.058168130346716279 -0.046058409598345916 0.032686222466593633 -0.049320683876335522 0.0055235553970191184 -0.087560749783107059 0.080659187582054925 0.05991372599894184 0.021161364575363086 -0.062220829536310251 -0.088949415295193041
leaf_weight=0.87053544353694334 235.98461061227135 0.93008906021714111 10.236300978343928 0.88705552089959461 0.92887575319036919 3.6701775691471994 0.90023588389158238 362.40602772659622 0.75413590669631847 27.260973149444908 0.8302738768979907 4.7966540642082744 1.2524354895576859 1.2998225644696493 3.0395634192973366 1.4631709544919456 4.7654951410368103 1.8377894386649121 6.9492986430414003 4.8919023668859154 1.8353318311274041 1.5234138034284179 2.1028674803674212 9.6547989686950988 1.4391917102038858 1.8805343899875886 2.269680120050908 3.2424452938139439 6.8305950495414436 1.4309200164861975
leaf_count=26 5040 18 259 14 28 141 28 5955 28 475 21 58 16 27 54 27 89 30 139 128 25 25 37 148 25 37 27 44 138 34
internal_value=3.50681e-11 -0.0120267 -0.0158931 -0.00687485 -0.0110141 -0.0358695 -0.0265008 0.000321238 0.00158587 0.0065651 -0.0486087 0.00753893 0.00261076 -0.00961102 -0.0128679 -0.0183501 -0.0222913 -0.0265416 -0.00985289 -0.0204191 0.0169653 0.0212637 0.00853498 0.0157908 -0.025728 0.0247009 0.0158761 0.0511424 -0.0440655 -0.0240521
internal_weight=708.165 18.4233 17.4932 12.0522 11.1652 5.44095 4.57041 689.742 453.757 91.3513 1.58441 89.7669 62.5059 33.761 32.4612 29.4216 28.1692 26.706 13.679 11.8412 28.7449 26.9096 18.8705 16.7676 2.96261 13.805 11.9245 8.0391 13.027 6.19642
internal_count=13141 514 496 301 287 195 169 12627 7587 1632 49 1583 1108 682 655 601 585 558 297 267 426 401 299 262 50 212 175 102 261 123
is_linear=0
shrinkage=0.1


Tree=68
num_leaves=31
num_cat=0
split_feature=7 4 9 9 5 1 4 9 3 12 9 12 9 12 5 0 12 1 4 5 12 4 9 9 13 1 8 8 5 8
split_gain=0.225471 0.35472 0.498858 0.636168 0.503721 0.501004 0.602205 1.03146 0.696471 0.558596 0.498284 1.04999 0.86273 0.910216 0.478583 2.253 1.78416 2.21676 2.11411 1.95274 1.59265 1.52059 1.28227 1.22493 1.38812 1.24208 1.14842 1.1147 1.34623 1.32263
threshold=0.75000000000000011 0.070300000000000015 0.11480000000000001 0.32455000000000006 2.0817500000000004 0.77500000000000002 0.019900000000000004 0.30285000000000001 0.75000000000000011 0.89410000000000012 0.43440000000000006 0.72330000000000017 0.44205000000000005 0.96300000000000008 1.1717500000000001 0.35000000000000003 0.12780000000000002 0.87500000000000011 0.011950000000000002 1.2456000000000003 0.14850000000000005 0.0060500000000000007 0.84195000000000009 0.64215000000000011 1.0000000180025095e-35 0.45000000000000007 0.97250000000000003 0.97950000000000015 1.3621500000000004 0.98550000000000015
decision_type=2 2 2 2 2 2 2 2 2 2 2 2 2 2 2 2 2 2 2 2 2 2 2 2 2 2 2 2 2 2
left_child=-1 2 4 5 -2 6 -4 8 -8 -7 11 -5 13 -12 -14 16 17 -16 -19 22 -17 -22 -18 24 -23 -25 -21 -27 -29 -30
right_child=1 -3 3 10 -6 9 7 -9 -10 -11 12 -13 14 -15 15 20 19 18 -20 26 21 23 -24 25 -26 27 -28 28 29 -31
leaf_value=-0.002462868336496225 -0.012731003753665655 0.0099836580844577961 0.019744744807741361 0.002528262521007922 -0.079404540864733836 0.011521068500640833 -0.007710707387875675 0.031381235821352126 -0.063368937361630573 0.049642865075575658 0.10813599784186696 -0.034858827816220829 0.0030576423398874977 0.0025410165012871274 -0.14555536091539611 0.027390239720591382 -0.075507195273482236 0.10224396003749842 -0.072432985830472266 0.091895815625136323 -0.068928906322010833 -0.10057208951528925 0.031932565476056191 -0.064637388168570398 -0.025105912366894263 -0.059295923486665604 0.019566991375067306 0.033248879253241527 0.032616917985443097 -0.025456586878388695
leaf_weight=243.58498231938574 10.267596003133802 42.663203232805245 12.768691727425905 18.788509156089276 1.2737046033143986 9.8198459753766674 6.0720200971700233 4.1351742669939986 3.5701384209096432 6.3159088781103483 1.530322420410811 12.515487311407925 215.49127135262825 1.7495995769277215 1.5680248998105515 7.0963230961933723 3.5277691837400189 1.2158310711383822 1.6108921393752096 2.3244040105491868 6.3616908597759894 3.1924316943623099 1.6213779989629982 3.4966130713000885 10.305477825459093 3.0967960972338906 39.500900277867913 10.27574982121587 5.227761801332238 15.698413487523792
leaf_count=5291 263 825 190 370 34 189 117 42 49 88 15 264 3762 32 15 106 59 15 30 23 103 56 28 189 164 39 459 90 34 200
internal_value=5.0718e-11 0.00129549 0.000413833 0.000992566 -0.0200891 0.0125464 0.00409952 -0.0104003 -0.0283189 0.0264428 -0.000354082 -0.0124193 0.000773712 0.0518088 0.000268932 -0.00490623 0.0107324 -0.0501974 0.00269912 0.0164328 -0.0173129 -0.022815 -0.0416763 -0.0170957 -0.0429546 -0.00786067 0.0235866 -0.00207252 0.00360691 -0.0109487
internal_weight=706.667 463.082 420.419 408.877 11.5413 42.6818 26.546 13.7773 9.64216 16.1358 366.196 31.304 334.892 3.27992 331.612 116.12 51.3692 4.39475 2.82672 46.9745 64.7513 57.6549 5.14915 51.2932 13.4979 37.7953 41.8253 34.2987 31.2019 20.9262
internal_count=13141 7850 7025 6728 297 675 398 208 166 277 6053 634 5419 47 5372 1610 629 60 45 569 981 875 87 772 220 552 482 363 324 234
is_linear=0
shrinkage=0.1


Tree=69
num_leaves=31
num_cat=0
split_feature=11 5 4 0 5 9 2 6 1 9 9 9 9 5 5 12 9 4 9 9 8 9 4 5 9 1 9 4 0 6
split_gain=0.251717 0.201881 0.307039 0.248225 0.19426 0.291202 0.323816 0.389487 0.388558 0.19484 0.964517 0.382738 0.450952 0.946002 0.914915 0.695151 0.553853 0.954185 0.725548 0.528554 0.437268 0.433586 0.427572 2.23625 0.761059 0.662472 0.654553 0.99938 1.0881 0.624356
threshold=0.26980000000000004 64.926300000000012 0.90580000000000005 0.35000000000000003 0.061350000000000009 0.74150000000000016 0.075000000000000025 0.75000000000000011 0.55000000000000016 0.83975000000000011 0.83735000000000015 0.52945000000000009 0.43440000000000006 9.0278000000000009 6.1152500000000005 0.045800000000000007 0.41640000000000005 0.013950000000000002 0.41990000000000005 0.40670000000000006 0.88500000000000012 0.40210000000000007 0.0033500000000000001 0.91135000000000022 0.57130000000000014 0.92500000000000016 0.56105000000000016 0.029700000000000004 0.12500000000000003 0.75000000000000011
decision_type=2 2 2 2 2 2 2 2 2 2 2 2 2 2 2 2 2 2 2 2 2 2 2 2 2 2 2 2 2 2
left_child=1 2 4 -4 5 6 -1 8 -8 10 11 12 14 20 16 -16 19 -18 -19 21 -14 -6 23 24 -13 -26 27 -24 -29 -30
right_child=-2 -3 3 -5 9 -7 7 -9 -10 -11 -12 22 13 -15 15 -17 17 18 -20 -21 -22 -23 26 -25 25 -27 -28 28 29 -31
leaf_value=0.059285231834237 -0.048409421201953372 -0.038518099453480843 0.068605600128473637 0.0095007015603175739 -0.00046696033016693046 -0.10270573969397263 0.092949344873185347 -0.11539727157648681 -0.051492893880154371 0.002847458653572874 -0.072975440713389864 -0.065372708734292004 0.066792478364561328 -0.075996207091935414 0.014640753879633492 0.092923782910699887 -0.057330894198568488 -0.092694236923443779 0.013227180195072817 0.035666702152302651 0.0094601467556839763 -0.038593202421967329 -0.048371729113049815 0.093546847557248208 0.010350450828981396 -0.06450034977740686 -0.0029296270288262918 0.10150576753723801 -0.033492156845485559 0.025239155990973029
leaf_weight=0.46939242072403375 1.0724859908223141 1.352902173064648 1.1471788352355354 1.8669055867940185 135.73817086871713 0.43909326381981362 0.29920242587104418 0.42739747429732233 0.49327557487413287 188.65133765968494 1.850721476599573 1.7319154967553974 1.356806382536887 1.2854556862730522 3.3331648418679825 1.7195315831340847 4.7610952085815352 0.72735128086060274 5.8317482192069292 3.977657249197363 68.084382345434278 3.0498397145420304 8.1921392679214495 2.8130475152283898 14.839517764281483 1.2848011492751528 238.88509426882956 0.94608892966061642 4.9574523796327412 2.8510208604857326
leaf_count=8 20 24 25 38 3018 22 11 25 43 2908 34 50 13 31 49 29 122 23 149 91 1244 88 188 36 308 62 4264 25 144 49
internal_value=-2.50856e-11 7.38145e-05 0.000148188 0.0319964 1.08582e-05 -0.0301544 -0.011296 -0.0384548 0.0030417 0.000102988 -0.000915766 -0.000652394 0.0023629 0.00900683 -0.000589886 0.041282 -0.00196293 -0.0232542 0.00148135 -0.000274698 0.0105804 -0.00130478 -0.00315912 0.0106756 -0.00237981 0.00438627 -0.00427686 -0.0232678 0.00022332 -0.0120482
internal_weight=704.436 703.364 702.011 3.01408 698.997 2.12836 1.68927 1.21988 0.792478 696.868 508.217 506.366 229.865 70.7266 159.139 5.0527 154.086 11.3202 6.5591 142.766 69.4412 138.788 276.501 20.6693 17.8562 16.1243 255.832 16.9467 8.75456 7.80847
internal_count=13141 13121 13097 63 13034 109 87 79 54 12925 10017 9983 4857 1288 3569 78 3491 294 172 3197 1257 3106 5126 456 420 370 4670 406 218 193
is_linear=0
shrinkage=0.1


Tree=70
num_leaves=31
num_cat=0
split_feature=4 0 5 7 9 12 12 9 13 4 1 1 12 9 12 5 5 9 9 8 8 4 8 2 8 12 10 12 9 8
split_gain=0.211006 0.524158 1.40276 0.726266 0.597996 0.88942 1.83596 1.00182 0.723216 0.464541 0.549942 0.731096 1.75017 1.37947 2.41512 1.35283 1.33379 1.12809 0.905654 0.840566 1.04429 0.86242 0.83453 0.652622 0.957939 0.650226 0.578174 0.853202 0.652677 0.578884
threshold=0.040050000000000009 0.12500000000000003 1.0503500000000001 1.0000000180025095e-35 0.97615000000000018 0.16330000000000003 0.7844000000000001 0.67125000000000012 1.0000000180025095e-35 0.021050000000000003 0.35000000000000003 0.77500000000000002 0.92380000000000007 0.51175000000000004 0.25150000000000006 1.3621500000000004 0.96850000000000014 0.50260000000000005 0.63625000000000009 0.99150000000000016 0.99950000000000017 0.027850000000000003 0.97950000000000015 0.55000000000000016 0.99350000000000016 0.074500000000000011 0.92800000000000016 0.14520000000000002 0.27450000000000002 0.94350000000000012
decision_type=2 2 2 2 2 2 2 2 2 2 2 2 2 2 2 2 2 2 2 2 2 2 2 2 2 2 2 2 2 2
left_child=9 2 3 -2 5 -4 8 -8 -7 -1 -11 26 13 25 18 -16 -14 -18 -15 21 23 -19 -23 -21 -25 -13 28 -28 -12 -30
right_child=1 -3 4 -5 -6 6 7 -9 -10 10 11 12 16 14 15 -17 17 19 -20 20 -22 22 -24 24 -26 -27 27 -29 29 -31
leaf_value=0.00069789874534101305 -0.072590181561992859 0.001113936479584443 0.066813446115662742 0.0073812492627179831 0.093016188585042181 -0.00073068779765461634 0.077368534174272932 -0.014064952559854363 -0.093426195044267663 -0.031531406779968234 -0.019490073251441503 -0.039059744925724081 0.059507865479290156 -0.060123807857130986 -0.043205373045050149 -0.16431383025180771 0.038052680338028201 -0.032832297065948583 0.025873040127039823 -0.10277597937603718 0.0031462305074335404 -0.025059694054071116 0.064147775782052149 -0.090742565029497776 0.014794355013630868 0.0023209617598399248 0.024757325195532906 -0.065504240076130593 0.058697840965730212 0.0065031890214617806
leaf_weight=391.44844332849607 2.1000540696550187 161.27510287135374 3.9022941878065458 2.4727214407175779 1.5483829993754614 1.6364846210926753 3.4879112001508474 1.8255434986203907 1.7330308631062508 8.0449810449499619 9.7338535049930197 6.5174303636886206 3.7446030075661865 2.4435957069508714 1.42671930976212 2.609050964936614 4.8078119568526771 3.1390851512551334 2.4548628684133291 2.4135455833747965 4.0482257679104805 1.564583142288029 3.1802588272839785 1.6280495729297402 1.8232304370030759 9.0980096294078958 1.6493064481765021 2.8688134932890534 2.2117474540136746 54.117056948016398
leaf_count=7188 64 3056 76 61 16 29 49 30 26 254 234 200 119 74 41 27 51 38 43 39 81 27 40 18 29 194 34 31 42 930
internal_value=2.94905e-11 0.00295187 0.0187973 -0.0293458 0.0343735 0.0271586 0.00933692 0.0459547 -0.0484064 -0.00101979 -0.00621095 -0.00453411 -0.0136694 -0.0328803 -0.0642192 -0.1215 0.00422935 -0.00492782 -0.0170265 -0.0165389 -0.0359201 0.00783051 0.0347321 -0.0628858 -0.0349899 -0.0149501 0.00205378 -0.0325549 0.00442072 0.00855261
internal_weight=700.955 179.982 18.7064 4.57278 14.1336 12.5853 8.68297 5.31345 3.36952 520.973 129.525 121.48 50.8991 24.5497 8.93423 4.03577 26.3494 22.6048 4.89846 17.797 9.91305 7.88393 4.74484 5.86483 3.45128 15.6154 70.5808 4.51812 66.0627 56.3288
internal_count=13141 3407 351 125 226 210 134 79 55 9734 2546 2292 1021 579 185 68 442 323 117 272 167 105 67 86 47 394 1271 65 1206 972
is_linear=0
shrinkage=0.1


Tree=71
num_leaves=31
num_cat=0
split_feature=9 0 5 5 5 1 4 4 4 5 0 8 4 5 5 5 8 0 4 9 2 3 5 2 4 1 4 0 0 1
split_gain=0.228535 1.08433 1.84095 0.878733 0.832924 0.807873 0.859371 1.34979 1.07192 0.572337 0.674155 0.709481 0.669767 0.516073 0.492927 0.46052 0.449232 0.414097 0.627747 0.35741 0.685045 0.970946 0.894156 0.427816 0.315325 0.297221 0.276148 0.252039 0.218507 0.237927
threshold=0.99890000000000012 0.45000000000000007 1.8275000000000003 0.56390000000000018 3.1167000000000002 0.87500000000000011 0.035900000000000008 0.011350000000000001 0.0051000000000000012 1.0201500000000003 0.12500000000000003 0.99750000000000016 0.0056500000000000014 0.82010000000000016 0.64010000000000011 1.1110000000000002 0.99950000000000017 0.87500000000000011 0.012050000000000002 0.97720000000000018 0.45000000000000007 0.75000000000000011 1.0933500000000003 0.75000000000000011 0.037050000000000007 0.55000000000000016 0.0034500000000000004 0.35000000000000003 0.60000000000000009 0.45000000000000007
decision_type=2 2 2 2 2 2 2 2 2 2 2 2 2 2 2 2 2 2 2 2 2 2 2 2 2 2 2 2 2 2
left_child=19 3 14 16 -4 6 7 8 -5 12 -11 -12 26 -14 -3 17 -2 18 -16 -1 -21 -22 23 -23 -20 -26 -7 -9 -17 -30
right_child=1 2 4 5 -6 9 -8 27 -10 10 11 -13 13 -15 15 28 -18 -19 24 20 21 22 -24 -25 25 -27 -28 -29 29 -31
leaf_value=0.00016875599328763366 -0.095503235019527899 0.011762049060504376 -0.12098751920894413 -0.012934808553606521 -0.023699930614545801 0.013600092239190877 0.090870324894948631 0.0035074942364473416 0.08628580992660799 0.023158975996424327 -0.071666326661298185 0.0041553996258365663 0.008041867841017963 0.087405355600793044 -0.073372290709553589 0.033091795001808665 0.020681345089663718 0.0042667985370980132 0.016037800730004728 -0.013357506228413089 0.099659905627672865 0.073634005480684814 -0.038171337220204674 0.0060197480226658502 -0.006507938916172718 -0.081247377123786546 -0.07845213479737706 -0.056529241121476309 -0.050264894911713959 0.022249791588056698
leaf_weight=638.1955234084744 1.1632482688874031 7.0692029101774159 2.4079620870761569 1.6602928186766819 1.3868582192808387 0.60422454797662595 2.1540091242641211 1.1307713706046343 3.163427609950304 2.4102117698639631 3.0488554425537586 2.073355533182621 1.6071565793827178 1.671506932005286 3.6410346953198296 1.8899690378457301 0.46615377394482482 2.385624579153955 1.7409229986369612 4.5226693041622621 1.8129064850509164 2.1571265822276477 2.0071148965507746 1.652805616147816 1.1435672156512739 0.99507618881762017 0.70747115463018417 1.8323397897183895 0.94385731825605013 0.86911458149552345
leaf_count=12076 52 112 38 37 16 29 30 23 36 34 40 33 35 44 65 21 27 40 37 67 19 42 19 27 24 21 21 30 35 11
internal_value=-6.39651e-11 -0.00664646 -0.0214094 0.00860263 -0.0854327 0.0138362 0.0349673 0.0195033 0.0521347 -0.00349165 -0.0204538 -0.0409754 0.0243419 0.0485024 -0.00966012 -0.0207877 -0.0622641 -0.0320345 -0.0435497 0.000492252 0.0174806 0.03576 0.0158453 0.0443019 -0.0155608 -0.041283 -0.0360488 -0.0336182 0.00929996 -0.0155023
internal_weight=698.514 48.1662 24.4732 23.693 3.79482 22.0636 9.94084 7.78683 4.82372 12.1228 7.53242 5.12221 4.59036 3.27866 20.6784 13.6092 1.6294 9.90623 7.5206 650.348 12.1526 7.62995 5.81705 3.80993 3.87957 2.13864 1.3117 2.96311 3.70294 1.81297
internal_count=13141 891 420 471 54 392 156 126 73 236 107 73 129 79 366 254 79 187 147 12250 174 107 88 69 82 45 50 53 67 46
is_linear=0
shrinkage=0.1


Tree=72
num_leaves=31
num_cat=0
split_feature=11 7 10 5 9 9 9 1 13 5 4 1 5 5 0 4 9 9 0 4 4 5 5 2 6 8 5 4 8 5
split_gain=0.271632 0.209733 0.273263 0.39536 0.263947 0.921055 1.61907 1.19735 0.594535 0.573819 1.21767 1.08344 0.816446 0.699757 1.55232 2.04427 0.778673 0.661721 0.634425 1.30937 0.610101 0.70015 0.910064 0.779546 0.864735 0.639238 0.596424 0.767281 0.572595 0.557051
threshold=0.26980000000000004 0.75000000000000011 0.82200000000000017 2.8582500000000004 0.71335000000000015 0.63840000000000008 0.64810000000000012 0.35000000000000003 1.0000000180025095e-35 2.5702500000000001 0.015900000000000004 0.97500000000000009 27.839050000000004 1.5081500000000003 0.45000000000000007 0.069900000000000018 0.082800000000000026 0.18600000000000003 0.12500000000000003 0.068300000000000013 0.015300000000000003 1.3653500000000001 1.2818000000000003 0.55000000000000016 0.75000000000000011 0.99550000000000016 0.91985000000000017 0.0069500000000000004 0.99150000000000016 0.6180000000000001
decision_type=2 2 2 2 2 2 2 2 2 2 2 2 2 2 2 2 2 2 2 2 2 2 2 2 2 2 2 2 2 2
left_child=1 4 -3 -4 5 9 -7 8 -8 13 -11 12 17 18 15 -15 -16 -12 19 -1 21 22 23 24 29 -25 27 -27 -9 -20
right_child=-2 2 3 -5 -6 6 7 28 -10 10 11 -13 -14 14 16 -17 -18 -19 20 -21 -22 -23 -24 25 -26 26 -28 -29 -30 -31
leaf_value=-0.055967203829225869 -0.051059080994264705 0.00084282089585199023 0.021164565530008242 -0.014610587688428765 0.0017353196551452563 -0.11472253421508138 0.078000271955924586 -0.096095461858478295 -0.0115189794641881 -0.12183050921743166 0.050915440073959262 0.067034348586174949 -0.087130123765730899 0.072739005356033268 -0.093617216465539166 -0.069709278212024051 0.0010851636114145608 -0.019043976042730056 0.022044980369034531 0.045268915266529833 -0.0065596274834689829 -0.082148982589524855 0.077716828175684954 -0.023252520816532334 -0.057617912177634394 0.0621218512708724 0.076215852561184322 -0.033923964294374276 -0.019544982320862755 -0.013208354469407475
leaf_weight=5.1457424613181493 1.0403644293546666 436.05389415204991 14.181850329041483 3.9493271596729747 96.969963376177475 1.7390969032421733 1.9019319298677173 1.0221487162634755 1.2163793304935098 1.0528418868780161 1.5183681529015292 1.6105027627199895 1.5856162114068872 6.8465192345902306 1.0161652145907272 1.1812719339504836 5.9637263086624444 12.340574427042155 9.990718777757154 1.699552077334374 44.985229071811773 0.77835601847618718 2.0831523183733216 1.548868821002541 2.4025797653011969 1.7886527609080078 3.5745623763650656 1.5547474138438699 22.184798473026603 8.1294229775667173
leaf_count=194 20 7517 273 40 1598 54 27 40 28 34 33 33 37 112 24 39 135 270 269 41 1228 23 24 67 55 79 57 78 460 252
internal_value=-3.89902e-11 7.63201e-05 0.00134299 0.013372 -0.00230262 -0.00500561 -0.0212725 -0.015099 0.0430809 -0.00109695 -0.0174603 -0.0110173 -0.0191563 0.00190546 0.0217891 0.0517781 -0.0127021 -0.0113793 -0.00166053 -0.0308323 0.000938361 0.0115282 0.0138748 0.0092872 -0.00124558 0.0348176 0.0478189 0.0174586 -0.0229166 0.00622892
internal_weight=697.057 696.017 454.185 18.1312 241.831 144.862 28.0644 26.3253 3.11831 116.797 18.1079 17.0551 15.4446 98.6893 15.0077 8.02779 6.97989 13.8589 83.6816 6.84529 76.8363 31.8511 31.0727 28.9896 20.5227 8.46683 6.91796 3.3434 23.2069 18.1201
internal_count=13141 13121 7830 313 5291 3693 609 555 55 3084 407 373 340 2677 310 151 159 303 2367 235 2132 904 881 857 576 281 214 157 500 521
is_linear=0
shrinkage=0.1


Tree=73
num_leaves=31
num_cat=0
split_feature=7 9 12 9 4 2 12 4 5 1 4 10 5 0 2 12 12 5 4 4 12 10 4 12 4 5 8 4 5 4
split_gain=0.225007 0.292846 0.598275 0.569277 0.53357 0.773669 0.70921 0.628864 0.444473 1.05251 0.396288 0.364583 0.354931 0.90116 0.650063 0.430274 0.612863 0.480224 0.34094 0.556428 0.448224 0.499235 0.467169 0.375976 0.408434 0.379443 0.67644 1.01277 0.459311 0.325345
threshold=0.75000000000000011 0.18600000000000003 0.036700000000000003 0.27450000000000002 0.049900000000000007 0.65000000000000002 0.53050000000000008 0.11020000000000001 0.93950000000000011 0.45000000000000007 0.013350000000000002 0.89300000000000013 1.9419500000000001 0.45000000000000007 0.075000000000000025 0.018200000000000004 0.0079000000000000025 1.1669000000000003 0.19860000000000003 0.20450000000000004 0.035100000000000013 0.9890000000000001 0.13700000000000004 0.046500000000000007 0.017900000000000003 6.5801000000000007 0.99950000000000017 0.074100000000000013 4.6904500000000011 0.039900000000000012
decision_type=2 2 2 2 2 2 2 2 2 2 2 2 2 2 2 2 2 2 2 2 2 2 2 2 2 2 2 2 2 2
left_child=1 2 12 4 6 7 -3 -6 9 -4 -10 -11 14 -14 -1 16 -16 -18 20 -20 -5 22 23 24 -22 28 -27 -28 -25 -12
right_child=-2 3 8 18 5 -7 -8 -9 10 11 29 -13 13 -15 15 -17 17 -19 19 -21 21 -23 -24 25 -26 26 27 -29 -30 -31
leaf_value=0.030469447397077132 0.0013061757654698929 -0.069791481697434626 0.060492679619883562 0.01111232118966194 0.054783443912810009 -0.05948380470557784 0.022200440407220041 -0.024061893089751252 0.079175983420380014 -0.093812524368896449 -0.0062273650061931453 -0.010705429213576721 0.075142811044315638 -0.036914216444315633 -0.066410161105459373 -0.065466369705117641 0.029040109606584021 -0.046870054992356323 0.071725135487273481 0.0046671868986406058 -0.083184151425736444 -0.055791356371764494 -0.047102872143202919 -0.0036191966664464552 -0.008891133663644862 0.014802297662730399 0.013317563968502817 -0.13091039728069881 0.043961843537741206 0.043263748454243967
leaf_weight=2.3906201031059044 454.86555766442325 3.909084805287419 1.4851660933345541 17.444722483400255 2.208121838979423 1.8384503177367149 1.0667606040369717 1.866825023666024 1.8242374975234268 0.98465571133419882 2.0558964880183339 1.1378492414951324 1.5844558048993342 1.3118706312961874 1.6021540123037992 2.2997040566988289 2.8368609040044248 1.1800428507849572 1.2974315211176897 26.740956999361515 1.2470085080713027 1.9708670550025988 2.6096171019598833 145.41674506699201 1.8200005404651163 1.5016665514558547 0.80710245762020383 1.2270717360079286 2.0575020601972929 3.7530760122463107
leaf_count=40 7850 138 21 437 45 39 34 58 23 55 53 26 27 31 79 88 118 30 9 454 58 53 61 3057 52 17 23 34 48 83
internal_value=-1.00087e-10 -0.00248097 0.00789021 -0.00366006 -0.0259382 -0.00563278 -0.0500695 0.0186626 0.0248461 -0.00407812 0.0385166 -0.0492598 -0.00654292 0.0243874 -0.0152325 -0.0290296 -0.0141172 0.00674004 -0.00247171 0.00777019 -0.00410239 -0.00577527 -0.00514615 -0.00443553 -0.0390978 -0.00373154 -0.0361045 -0.0736848 -0.00295536 0.025748
internal_weight=694.342 239.477 24.4466 215.03 10.8892 5.9134 4.97585 4.07495 11.2409 3.60767 7.63321 2.1225 13.2057 2.89633 10.3094 7.91876 5.61906 4.0169 204.141 28.0384 176.102 158.658 156.687 154.077 3.06701 151.01 3.53584 2.03417 147.474 5.80897
internal_count=13141 5291 674 4617 314 142 172 103 261 102 159 81 413 58 355 315 227 148 4303 463 3840 3403 3350 3289 110 3179 74 57 3105 136
is_linear=0
shrinkage=0.1


Tree=74
num_leaves=31
num_cat=0
split_feature=7 3 5 4 4 5 5 0 5 5 9 9 9 5 1 2 4 12 5 5 0 4 0 7 4 1 4 4 5 12
split_gain=0.218245 0.282812 1.18395 0.820923 0.667089 0.719401 0.604643 0.769427 1.04557 0.919649 0.662763 1.23802 1.21011 0.868002 0.656744 0.648291 0.797821 0.616746 0.602334 0.555691 0.535174 2.09197 1.17822 1.10121 0.698779 0.644029 0.53222 1.15106 0.524981 0.719846
threshold=0.75000000000000011 0.75000000000000011 0.81130000000000013 0.0095500000000000012 0.08660000000000001 1.0349000000000002 0.83980000000000021 0.77500000000000002 1.0146500000000003 1.0609500000000003 0.88890000000000013 0.97720000000000018 0.71490000000000009 2.7670000000000008 0.77500000000000002 0.65000000000000002 0.015900000000000004 0.50280000000000002 0.89705000000000013 1.4730500000000002 0.45000000000000007 0.030900000000000004 0.77500000000000002 1.0000000180025095e-35 0.19150000000000003 0.55000000000000016 0.0058500000000000002 0.0078500000000000011 1.1283500000000002 0.014200000000000003
decision_type=2 2 2 2 2 2 2 2 2 2 2 2 2 2 2 2 2 2 2 2 2 2 2 2 2 2 2 2 2 2
left_child=1 6 3 -3 5 26 20 9 17 -8 12 -12 15 14 19 28 -17 -9 -6 -14 21 -1 23 25 -24 -22 -4 -28 -11 -30
right_child=-2 2 4 -5 18 -7 7 8 -10 10 11 -13 13 -15 -16 16 -18 -19 -20 -21 22 -23 24 -25 -26 -27 27 -29 29 -31
leaf_value=-0.010407719303612209 0.0012837147006459443 -0.0074783699773875445 -0.043428087283790578 -0.047830415108669394 -0.049586161836306313 -0.013699601396033441 -0.015492542628972547 0.024262957794006116 -0.043128561850387812 0.062913739960931692 -0.11188916254846351 0.011175994239143552 0.082027359730712859 0.096684201122432201 -0.025209353378246348 0.039499566648226986 -0.031687131577235954 -0.02639314681625627 0.018918278951644239 0.0056440446101047289 -0.039407487695699898 0.10727107445063887 0.010804080015464179 -0.12456947803163286 0.063420404322093768 0.012199229633893874 0.07893053310696968 0.0042033735563583923 0.088385536636912815 0.0030353374479968904
leaf_weight=3.7565313135273746 454.72877836518455 9.8905626363120991 1.9265458993613744 10.283620635513214 1.373863299377265 44.347694033291191 21.003912817686796 5.5291775045916456 10.565716041019185 2.115808296948674 1.2224509790539735 2.4672887194901705 2.2152608968317495 2.5693086348474026 1.7081434894353149 1.9999063066206888 7.3991903425194323 4.25165762193501 19.516820477321744 1.6707764589227734 4.699606181471605 2.5267180576920509 27.498551473021511 0.97081660106778223 2.7791490070521823 4.9814137243665755 2.273179583251479 22.115140259731561 1.069137219339608 13.047874911688266
leaf_count=165 7850 421 54 471 33 840 374 116 484 29 31 33 36 20 34 35 129 96 325 30 178 42 373 15 30 183 41 384 26 263
internal_value=6.00297e-11 -0.00245501 -0.00611815 -0.0280475 -0.00128592 -0.00592719 0.000791946 -0.00456786 -0.0213178 0.00125894 0.0106452 -0.0295968 0.0150388 0.048569 0.0264705 0.00435983 -0.0165403 0.00224312 0.0144131 0.0491869 0.00974172 0.0369151 0.00557023 -0.0230349 0.0156337 -0.012853 0.00717143 0.0111685 0.0164614 0.00949925
internal_weight=692.505 237.776 111.727 20.1742 91.5532 70.6626 126.048 78.8356 20.3466 58.4891 37.4851 3.68974 33.7954 8.16349 5.59418 25.6319 9.3991 9.78084 20.8907 3.88604 47.2128 6.28325 40.9295 10.6518 30.2777 9.68102 26.3149 24.3883 16.2328 14.117
internal_count=13141 5291 2569 892 1677 1319 2722 1736 696 1040 666 64 602 120 100 482 164 212 358 66 986 207 779 376 403 361 479 425 318 289
is_linear=0
shrinkage=0.1


Tree=75
num_leaves=31
num_cat=0
split_feature=7 9 9 9 4 0 8 2 4 1 12 4 0 5 5 4 2 5 9 12 12 5 3 0 9 12 9 4 5 1
split_gain=0.229969 0.273555 1.21256 0.819334 0.85779 0.903374 1.06136 0.59406 0.571709 0.623162 0.643176 0.479646 1.09764 1.32649 1.36174 1.05426 0.846512 0.734614 0.853289 0.722188 1.1635 0.691665 1.4836 1.33555 1.24204 1.09858 1.08601 1.001 0.973301 1.47225
threshold=0.75000000000000011 0.70435000000000014 0.72065000000000012 0.66800000000000004 0.10505000000000002 0.25000000000000006 0.99750000000000016 0.75000000000000011 0.0041500000000000009 0.77500000000000002 0.25150000000000006 0.0078500000000000011 0.87500000000000011 1.4605000000000004 1.5935500000000002 0.0057500000000000008 0.075000000000000025 0.77800000000000014 0.37285000000000007 0.39210000000000006 0.16460000000000005 1.0503500000000001 0.75000000000000011 0.25000000000000006 0.61725000000000008 0.56390000000000007 0.50900000000000012 0.064600000000000005 1.5935500000000002 0.87500000000000011
decision_type=2 2 2 2 2 2 2 2 2 2 2 2 2 2 2 2 2 2 2 2 2 2 2 2 2 2 2 2 2 2
left_child=-1 3 -3 11 5 6 -5 8 -7 -10 -11 12 13 15 -15 -2 -13 -14 -19 20 -18 23 25 -21 27 26 -23 28 29 -24
right_child=1 2 -4 4 -6 7 -8 -9 9 10 -12 16 17 14 -16 -17 19 18 -20 21 -22 22 24 -25 -26 -27 -28 -29 -30 -31
leaf_value=-0.0025325439107519716 -0.0076483836597845412 -0.055453701979567317 -0.00033505656544886527 0.02549443904974636 -0.053876936999287021 0.090199308504377601 -0.081481371934208513 0.082104768799730943 0.0064045471830819671 0.094928311858877942 0.023903649140037578 -0.024436690568169283 0.055392118935608574 0.088763858730145778 -0.010799723029306407 -0.041498019602233843 0.0056480085338425643 -0.094664491474878099 0.021705300727185212 -0.029312028479156732 -0.026728780739598213 0.10246322118699316 0.0348092517830745 0.029288253518045856 0.050485826160926409 -0.020860090802270179 -0.0090139686407044155 -0.031339267526818017 0.035363650357825745 -0.034106702700932433
leaf_weight=235.98489953530952 35.56664119521156 4.0746240741573265 194.99397766322363 2.2772058900445762 1.4297876656055439 1.3671543700620592 1.5647315643727782 2.358083718456327 9.0766203259117884 1.9643887411802996 3.6330929910764098 9.6004056746605766 4.4976782184094182 2.5601376881822935 2.9642413202673197 12.412181372288613 42.129487209953368 0.82422301918268237 2.6754845464602113 4.4253761614672831 15.069570896215735 1.5274500958621531 5.552338914945727 32.099328165873885 8.8125040959566814 23.467661070171744 2.0424576075747609 5.365177370607852 12.993708021938799 7.017971383407712
leaf_count=5291 795 107 3098 36 32 17 32 29 163 21 46 306 52 30 44 289 837 17 63 145 271 20 62 533 99 347 27 83 147 102
internal_value=-2.77315e-10 0.0013154 -0.00146325 0.00348224 0.0212033 0.0260299 -0.0180743 0.0352392 0.0283499 0.0225875 0.0488292 0.00167106 -0.00589734 -0.0110624 0.0353406 -0.0164053 0.0044074 0.0286573 -0.00570118 0.00613269 -0.00288193 0.0111241 0.00507258 0.0221882 0.0173667 -0.0129982 0.0386836 0.00793028 0.0161719 -0.00366635
internal_weight=690.329 454.344 199.069 255.275 23.6711 22.2413 3.84194 18.3993 16.0413 14.6741 5.59748 231.604 61.5006 53.5032 5.52438 47.9788 170.103 7.99739 3.49971 160.503 57.1991 103.304 66.7793 36.5247 39.7417 27.0376 3.56991 30.9292 25.564 12.5703
internal_count=13141 7850 3205 4645 376 344 68 276 247 230 67 4269 1290 1158 74 1084 2979 132 80 2673 1108 1565 887 678 493 394 47 394 311 164
is_linear=0
shrinkage=0.1


Tree=76
num_leaves=31
num_cat=0
split_feature=7 9 9 9 4 4 4 9 4 5 5 1 8 0 1 8 3 4 8 5 5 5 5 1 2 0 1 2 5 2
split_gain=0.217333 0.270744 1.47144 0.42788 0.657855 1.51107 0.742598 0.770533 0.703733 0.597097 0.499291 0.439936 0.390787 0.606826 0.375449 0.592502 0.372085 0.362406 0.473011 0.580126 0.542216 0.359473 0.336178 0.369809 0.33018 0.322554 0.416959 0.301718 0.660712 0.298444
threshold=0.75000000000000011 0.82245000000000013 0.8176500000000001 0.99890000000000012 0.0026500000000000004 0.0038500000000000006 0.0069500000000000004 0.87535000000000018 0.0076500000000000014 1.1379500000000002 0.74175000000000013 0.65000000000000002 0.99750000000000016 0.35000000000000003 0.77500000000000002 0.99850000000000005 0.75000000000000011 0.011500000000000002 0.99750000000000016 1.0001500000000003 1.8275000000000003 0.76680000000000004 0.87765000000000015 0.45000000000000007 0.55000000000000016 0.25000000000000006 0.77500000000000002 0.75000000000000011 2.8998000000000004 0.75000000000000011
decision_type=2 2 2 2 2 2 2 2 2 2 2 2 2 2 2 2 2 2 2 2 2 2 2 2 2 2 2 2 2 2
left_child=1 2 29 4 10 -6 11 8 -8 14 -3 -7 16 -14 15 22 -10 24 19 -19 -20 -16 23 -9 -5 -11 27 28 -27 -1
right_child=-2 3 -4 17 5 6 7 9 12 25 -12 -13 13 -15 21 -17 -18 18 20 -21 -22 -23 -24 -25 -26 26 -28 -29 -30 -31
leaf_value=-0.001673095842749613 0.0012823008896402695 0.0011370067166797217 -0.12802234994190417 0.040646177205399453 0.11699690013221842 2.5954844584830518e-05 0.12290050297277617 0.027050366928753164 0.037863531395718804 0.015614889304800567 -0.053572397486225345 -0.082503136600607388 0.1204220425473756 0.022616975330083722 0.081362174705408311 -0.036514410247525608 -0.026694068003236444 -0.049079348800765359 -0.09534566927460851 0.020893391644258349 -0.015009771373040274 0.023315305972873249 0.053755324183129866 -0.043188758548757387 -0.022422209327786449 0.044771724577144248 -0.071941445545816607 -0.049484007620347714 -0.064534097835098378 -0.012012652352307883
leaf_weight=148.15627545618918 452.54959024314303 4.6691928291693321 0.95579181984066863 2.0170416291803117 1.3868949031457294 1.2986376229673653 0.95915622729808347 2.1301288753747962 2.0350952763110399 2.1913827154785386 2.5953532233834267 1.2850926257669923 1.0241800956428053 1.6667240932583807 1.3791310805827377 2.5267565660178661 1.5905580073595049 1.8664644067175666 1.5906754001043739 3.2444960037246346 1.7805908061563966 4.7117926124483347 2.0734412483870983 1.156574784312397 1.4106228090822694 1.6810312161687764 1.6435540262609718 1.3750430950894954 0.82410134328529228 34.39778432273306
leaf_count=3403 7850 69 31 39 18 35 9 23 38 34 60 29 31 53 32 56 40 37 44 57 37 67 29 34 22 34 33 17 34 846
internal_value=-1.14009e-10 -0.00246285 -0.00426926 0.00389813 0.00882993 0.0148372 0.0103468 0.0149284 0.0430897 0.00548322 -0.0184086 -0.0410223 0.0309706 0.0598424 0.017809 0.00340631 0.0095424 -0.01275 -0.0238389 -0.00465985 -0.0529149 0.0364585 0.0222248 0.00233357 0.014691 -0.016848 -0.0297267 -0.0118455 0.00881392 -0.00362133
internal_weight=688.173 235.624 183.51 52.1137 40.2038 32.9393 31.5524 28.9687 7.27571 21.6929 7.26455 2.58373 6.31656 2.6909 13.9778 7.8869 3.62565 11.9099 8.48223 5.11096 3.37127 6.09092 5.36014 3.2867 3.42766 7.71511 5.52373 3.88018 2.50513 182.554
internal_count=13141 5291 4280 1011 775 646 628 564 171 393 129 64 162 84 241 142 78 236 175 94 81 99 86 57 61 152 118 85 68 4249
is_linear=0
shrinkage=0.1


Tree=77
num_leaves=31
num_cat=0
split_feature=4 0 5 6 1 7 4 4 1 4 9 1 9 1 12 2 5 0 12 7 13 8 8 5 1 9 5 12 4 12
split_gain=0.267975 0.466458 0.251404 0.217585 0.374163 0.213386 0.424389 0.299637 0.726246 0.697018 0.455217 0.374719 0.363298 0.725198 0.494221 0.47091 0.708765 0.387911 0.338421 0.273437 0.575239 0.277442 0.988516 0.432823 0.401146 0.336053 0.786259 0.839507 0.414191 0.402995
threshold=0.75180000000000013 0.45000000000000007 6.5801000000000007 1.0000000180025095e-35 0.77500000000000002 0.75000000000000011 0.47100000000000003 0.18990000000000004 0.35000000000000003 0.14150000000000004 0.35680000000000006 0.77500000000000002 0.67125000000000012 0.77500000000000002 0.1198 0.45000000000000007 0.87135000000000007 0.45000000000000007 0.76660000000000006 1.0000000180025095e-35 1.0000000180025095e-35 0.98850000000000005 0.99050000000000005 0.29990000000000006 0.35000000000000003 0.18600000000000003 1.9419500000000001 0.12220000000000002 0.013350000000000002 0.016300000000000005
decision_type=2 2 2 2 2 2 2 2 2 2 2 2 2 2 2 2 2 2 2 2 2 2 2 2 2 2 2 2 2 2
left_child=3 -2 -3 4 -1 6 7 9 18 19 11 -10 13 14 -12 -14 17 -17 -9 21 -21 23 -23 24 -5 26 27 29 -29 -24
right_child=1 2 -4 5 -6 -7 -8 8 10 -11 12 -13 15 -15 -16 16 -18 -19 -20 20 -22 22 25 -25 -26 -27 -28 28 -30 -31
leaf_value=-0.0047496574056776165 0.060358730047922332 -0.031815910092687354 0.030293259614207931 -0.12705645548860156 -0.056394720746422183 0.0013051717822232765 -0.04080506520026575 0.097801532602475497 -0.079331124940983225 -0.063277295517918775 0.044024579285351938 0.0085569996580266774 0.021254662305593103 0.072285672499159639 -0.033817531031876229 -0.023538564539362941 0.0039041737093742021 -0.10025619446283991 0.026403473211622969 0.029675177885495577 -0.062297843213354888 -0.078998393516891877 0.0084357672411432046 0.0052908693313216517 -0.016988507019758733 -0.0050354424405763196 0.089366877977566039 0.078103572220474232 0.013251098250068583 -0.046982897321014294
leaf_weight=6.0870827457401893 2.0010332493111482 1.4399965582415464 1.1905348552390931 0.44787478353828092 1.8229371630586682 445.52841657830868 2.8492885986343017 1.1762973419390645 1.1726667815819412 1.9136323495768 1.4091928014531758 0.82740034162998188 5.2936702258884889 2.2609351016581059 1.9363918788731098 1.4060886409133673 5.2813437171280384 1.2405986469238997 1.5239471066743135 1.0113298739306622 2.0758536113426089 1.7612899455707509 2.3368608690798265 54.812997904838994 1.270138310967013 128.17894870089367 1.2080268263816822 1.5501350183039901 2.7002946939319372 2.9924388146027923
leaf_count=54 43 27 23 9 35 7786 92 16 34 45 27 29 67 36 21 38 58 21 33 36 61 75 88 933 72 3186 26 19 57 94
internal_value=-1.68397e-10 0.0239725 -0.00370633 -0.000162783 -0.0166517 3.06827e-05 -0.00245282 -0.00196884 0.00871198 -0.00321132 0.00238612 -0.042973 0.00720449 0.0285361 -0.00102968 -0.00184095 -0.0172623 -0.0594989 0.0575063 -0.00263759 -0.0321684 -0.00217542 -0.00455237 0.00374176 -0.0456825 -0.00360883 0.013342 0.00375509 0.0369028 -0.0226822
internal_weight=686.708 4.63156 2.63053 682.076 7.91002 674.166 228.638 225.788 23.5285 202.26 20.8283 2.00007 18.8282 5.60652 3.34558 13.2217 7.92803 2.64669 2.70024 200.346 3.08718 197.259 140.728 56.531 1.71801 138.967 10.7878 9.57973 4.25043 5.3293
internal_count=13141 93 50 13048 89 12959 5173 5081 380 4701 331 63 268 84 48 184 117 59 49 4656 97 4559 3545 1014 81 3470 284 258 76 182
is_linear=0
shrinkage=0.1


Tree=78
num_leaves=31
num_cat=0
split_feature=12 2 5 9 9 12 5 5 12 5 4 5 5 7 12 5 1 4 12 0 5 12 5 0 5 5 13 12 5 9
split_gain=0.244031 0.753711 0.990882 0.909123 0.794621 0.767172 1.16219 0.725856 0.64688 0.48081 0.465441 0.824984 0.437149 0.418635 0.637485 0.54751 0.391332 0.379487 0.370492 0.398628 0.762224 0.646792 0.514231 0.330191 0.32644 0.310987 0.309256 0.303636 0.290844 0.61829
threshold=0.062500000000000014 0.075000000000000025 0.36365000000000008 0.62635000000000007 0.78825000000000012 0.046500000000000007 0.52770000000000017 0.85435000000000005 0.015200000000000002 0.14625000000000002 0.0021000000000000007 0.36365000000000008 0.35220000000000007 0.75000000000000011 0.9991000000000001 0.076550000000000021 0.77500000000000002 0.019900000000000004 0.0050000000000000001 0.12500000000000003 27.839050000000004 0.011300000000000003 1.1717500000000001 0.77500000000000002 18.060200000000005 0.40345000000000003 1.0000000180025095e-35 0.067000000000000018 0.63200000000000012 0.45165000000000005
decision_type=2 2 2 2 2 2 2 2 2 2 2 2 2 2 2 2 2 2 2 2 2 2 2 2 2 2 2 2 2 2
left_child=1 2 -1 5 10 6 -4 17 -9 13 16 12 -12 -2 -15 23 -3 -8 -13 21 25 -20 -23 -16 27 -21 -10 -11 29 -27
right_child=9 4 3 -5 -6 -7 7 8 26 24 11 18 -14 14 15 -17 -18 -19 19 20 -22 22 -24 -25 -26 28 -28 -29 -30 -31
leaf_value=0.083246360257560936 -0.069057003246898341 0.0076570361230768021 -0.13660263639692163 0.092535419853748788 -0.067386210533934995 0.067132178567167175 -0.0014559944125909843 -0.08384425175695831 -0.024620390237488438 0.026421615378601455 -0.047568428591278945 0.043915133477438778 -0.16343415754620544 0.0031748247114924094 -0.085804133036289337 -0.13577869459674877 0.099344046058022828 0.071190303943076447 -0.072806736296066862 0.049668863739741838 -0.091534500362866922 -0.010799866904999574 0.049724467074640295 0.020279582753776986 0.030477211048588228 0.0010803621642263121 0.068119570576455277 0.00069598792450424412 -0.0070126618776641964 -0.06950570433277227
leaf_weight=1.996852247044443 1.5491470381384687 1.293115274049341 0.74928316287696173 1.058869364671408 2.2202520845457903 1.2155099092051385 1.5835598520934584 1.5503731612116101 1.065271916799247 4.6246942561119786 1.6590589615516358 1.4465001998469222 0.40514441672712553 6.1978874164633453 0.49699519295245387 0.67044108547270287 0.72735112346708763 1.3171722348779438 0.73129983153194089 0.91426694951951404 1.1180444872006763 2.2577034384012222 3.7114529544487596 0.71624789386987686 3.7556522715603924 2.6285466477274886 0.54278017114847887 577.95826612669043 55.401472383877262 2.3507505594752729
leaf_count=21 99 36 9 22 48 28 26 55 48 101 100 31 17 96 49 22 27 21 29 30 20 97 67 12 79 107 14 10366 1377 87
internal_value=6.36444e-11 -0.00491733 0.0194663 0.0054443 -0.0084321 -0.00604856 -0.0191135 -0.00458465 -0.037754 0.000725629 -0.00667855 -0.00799565 -0.0703096 -0.0214369 -0.0123087 -0.063254 0.0406636 0.0315314 -0.00617268 -0.00722099 -0.00970937 0.0159577 0.0268325 -0.0231768 0.00108965 -0.00821685 0.00668296 0.000900205 -0.00909334 -0.0322437
internal_weight=683.914 87.9446 11.0797 9.08282 76.865 8.02395 6.80844 6.05916 3.15843 595.969 74.6447 72.6242 2.0642 9.63072 8.08157 1.88368 2.02047 2.90073 70.56 69.1135 62.4131 6.70046 5.96916 1.21324 586.339 61.295 1.60805 582.583 60.3808 4.9793
internal_count=13141 2317 244 223 2073 201 173 164 117 10824 2025 1962 117 278 179 83 63 47 1845 1814 1621 193 164 61 10546 1601 62 10467 1571 194
is_linear=0
shrinkage=0.1


Tree=79
num_leaves=31
num_cat=0
split_feature=6 1 2 4 0 12 12 5 4 2 5 1 0 0 9 5 4 8 9 9 3 5 4 2 5 4 5 5 5 9
split_gain=0.193659 0.418121 0.189287 0.187448 0.454129 0.168258 0.59986 0.226763 0.301272 0.197527 0.167164 3.3118 1.5013 1.3703 1.06438 1.01212 0.967959 1.27145 0.867863 1.24619 0.86674 0.861078 0.755642 0.744033 2.12949 1.49536 1.26221 1.00647 0.995343 0.824265
threshold=1.0000000180025095e-35 0.77500000000000002 0.65000000000000002 0.75180000000000013 0.45000000000000007 0.013700000000000002 0.014200000000000003 0.061350000000000009 0.0033500000000000001 0.55000000000000016 1.1776000000000002 0.35000000000000003 0.12500000000000003 0.25000000000000006 0.73815000000000008 18.060200000000005 0.0049500000000000004 0.99950000000000017 0.90175000000000016 0.54665000000000019 0.75000000000000011 0.85815000000000008 0.21470000000000003 0.55000000000000016 1.2107500000000002 0.079700000000000007 1.7346000000000001 2.3034500000000002 2.5702500000000001 0.7924500000000001
decision_type=2 2 2 2 2 2 2 2 2 2 2 2 2 2 2 2 2 2 2 2 2 2 2 2 2 2 2 2 2 2
left_child=1 2 -1 5 -5 -2 9 8 -8 -7 13 15 18 14 22 -12 17 -14 19 -13 -19 -16 -9 24 25 -18 -25 -28 -29 -30
right_child=3 -3 -4 4 -6 6 7 10 -10 -11 11 12 16 -15 21 -17 23 20 -20 -21 -22 -23 -24 26 -26 -27 27 28 29 -31
leaf_value=0.012761449851371457 -0.0084896097770789207 -0.055659065921937159 -0.02297767474890719 0.056272866789250336 -0.0077074443717064546 0.024859876810260046 -0.1000569310414245 -0.030157447770518681 -0.0070239840117992201 0.08382006312437941 -0.076508130343918665 0.042961407442248176 -0.088955451758187712 0.0038801989250695432 -0.028623205128811648 0.096295373656996586 -0.072915581372983568 -0.05122371572324283 0.067207688717806177 -0.0064491094346677312 0.061558894595632296 0.0099595385589211684 0.040148506355113266 0.0028788839383465641 0.007127858568871665 0.055748640320636901 -0.042814076987278071 0.049258254684559126 -0.0055080558022933511 -0.052200069665409243
leaf_weight=3.4755987187381816 22.318326668813825 1.9554457659833131 2.5835420712828636 1.9856158373877395 2.5140244951471686 1.2641253024339669 0.51978613040409882 27.414319929666821 1.0537441251799462 1.0321454200893638 6.9608277967199674 9.1861263224855119 2.9387327814474693 348.29669230524451 7.6894789130892631 0.35629323031753291 5.4586952254176131 1.3461941108107567 3.8515191636979571 11.487691381946204 1.3798366487026215 23.347199368290603 1.6190172610804427 43.843630312010646 108.49280702392571 1.0824116207659242 14.436165222898124 2.5853408942930427 16.065060556866232 4.9444081569090477
leaf_count=31 660 35 23 43 50 28 49 932 50 20 418 167 50 6541 311 8 95 24 48 188 19 272 33 584 1860 22 219 37 255 69
internal_value=-1.89659e-10 -0.0154529 -0.00247727 0.000183896 0.020526 4.70703e-05 0.000341702 0.000159884 -0.0377557 0.0513618 0.000252701 -0.00187579 0.00025776 0.00147452 -0.012474 -0.0680938 -0.00257131 -0.0433261 0.0236252 0.0155058 0.00586353 0.000400487 -0.0262369 -0.00139885 0.00378706 -0.0516244 -0.00868507 -0.0220165 -0.00929172 -0.0164966
internal_weight=681.485 8.01459 6.05914 673.47 4.49964 668.971 646.652 644.356 1.57353 2.29627 642.782 234.416 227.099 408.367 60.07 7.31712 202.573 5.66476 24.5253 20.6738 2.72603 31.0367 29.0333 196.909 115.034 6.54111 81.8746 38.031 23.5948 21.0095
internal_count=13141 89 54 13052 93 12959 12299 12251 99 48 12152 4063 3637 8089 1548 426 3234 93 403 355 43 583 965 3141 1977 117 1164 580 361 324
is_linear=0
shrinkage=0.1


Tree=80
num_leaves=31
num_cat=0
split_feature=4 4 1 4 1 9 9 0 9 9 9 2 9 5 0 3 12 12 1 9 0 12 7 3 4 2 4 1 5 12
split_gain=0.191001 0.482952 0.680025 0.40201 0.660004 0.619001 0.374963 0.69062 0.610454 0.509019 0.404607 0.445947 0.402171 0.907462 1.17167 0.577633 0.534796 0.393609 0.605606 0.907983 0.373783 0.659305 0.4372 0.460088 0.325014 0.374891 0.293674 0.394163 0.424521 0.29344
threshold=0.080100000000000018 0.099400000000000016 0.45000000000000007 0.079700000000000007 0.87500000000000011 0.59400000000000019 0.35680000000000006 0.12500000000000003 0.29175000000000006 0.25910000000000005 0.53915000000000013 0.075000000000000025 0.62085000000000012 1.3321000000000003 0.25000000000000006 0.75000000000000011 0.16840000000000002 0.07010000000000001 0.55000000000000016 0.48565000000000008 0.25000000000000006 0.19410000000000002 0.75000000000000011 0.75000000000000011 0.1489 0.55000000000000016 0.11020000000000001 0.77500000000000002 3.3661500000000006 0.036100000000000007
decision_type=2 2 2 2 2 2 2 2 2 2 2 2 2 2 2 2 2 2 2 2 2 2 2 2 2 2 2 2 2 2
left_child=3 2 -2 -1 5 -5 7 -3 9 26 11 -8 13 15 -15 -12 -14 -13 19 -19 -20 -22 -23 -24 -16 -26 -9 28 29 -28
right_child=1 6 -4 4 -6 -7 10 8 -10 -11 12 17 16 14 24 -17 -18 18 20 -21 21 22 23 -25 25 -27 27 -29 -30 -31
leaf_value=-0.0003777683598375634 -0.044221583761049239 0.054618422231479495 0.027448822727163164 -0.068931527500997042 -0.080437595675183868 0.018732492979568385 -0.045293258728203584 0.01104397538383607 -0.086567575171857786 0.054589583992416903 0.042700422998403056 -0.025233890141184351 0.064747319626182548 -0.13088419501578935 -0.069831263184178136 -0.027681353940967657 0.0019582237448172407 0.013193165830954513 0.062355256181575669 0.11651897343979525 0.055179816070401511 -0.064437171676719099 0.049117931714479118 -0.031512812270248068 -0.035843644622552122 0.046480147966603214 0.008587644183582278 -0.072740249204698612 0.03456696675364742 -0.058337539100836069
leaf_weight=588.96933729352895 1.4646150423213828 1.2470120457001019 13.77642352087423 1.1104804435744871 1.6474096123129127 2.9325387314893305 0.97963862586766381 1.9234775621443967 1.3608420901000489 0.94862622581422318 2.6215956471860391 1.3900199043564487 1.4120330559089769 1.31225467659533 0.87388698616996441 2.1003095284104347 34.491963765351102 1.6582306185737237 1.3671253975480793 1.7459157966077326 1.7922024307772515 1.3386394307017324 1.2878672499209642 1.5708932811394334 1.1990282114129516 1.0269333161413667 0.96709100948646698 1.8165560252964494 1.1566558880731461 2.0311114813666791
leaf_count=11366 49 32 186 30 27 41 31 48 52 20 42 39 25 20 25 31 649 31 36 16 35 26 18 27 37 17 28 55 35 67
internal_value=-3.58211e-10 0.00443809 0.0205615 -0.000633339 -0.0270853 -0.00534584 0.000908386 -0.0156319 -0.0242168 -0.0146222 0.0041646 0.0196108 -0.000338634 -0.0190737 -0.0516814 0.0113945 0.00442759 0.0248435 0.0313122 0.0661868 0.0151748 0.00440586 -0.0172736 0.00481121 -0.0181526 0.00213592 -0.0229385 -0.0338847 -0.0168966 -0.0367504
internal_weight=679.521 84.8609 15.241 594.66 5.69043 4.04302 69.6199 11.4514 10.2044 8.84352 58.1685 13.1305 45.038 9.13401 4.4121 4.72191 35.904 12.1509 10.7609 3.40415 7.35673 5.9896 4.1974 2.85876 3.09985 2.22596 7.89489 5.97141 4.15486 2.9982
internal_count=13141 1677 235 11464 98 71 1442 337 305 253 1105 259 846 172 99 73 674 228 189 47 142 106 71 45 79 54 233 185 130 95
is_linear=0
shrinkage=0.1


Tree=81
num_leaves=31
num_cat=0
split_feature=6 1 9 0 5 8 5 1 5 4 4 4 8 5 5 5 5 8 2 5 5 4 5 5 9 9 9 4 4 9
split_gain=0.149393 0.470796 0.158412 0.487405 0.954988 0.908688 0.52766 0.422927 0.600147 0.801201 0.569803 1.21837 0.669302 0.558118 0.462353 0.422708 0.614513 0.321334 0.296515 1.04784 0.414542 0.372359 0.270189 0.242971 0.210618 0.511032 0.309292 1.09787 1.71033 1.36198
threshold=1.0000000180025095e-35 0.77500000000000002 0.99890000000000012 0.45000000000000007 1.8275000000000003 0.99450000000000005 0.56390000000000018 0.87500000000000011 1.0049000000000003 0.0056500000000000014 0.030500000000000003 0.013250000000000001 0.99850000000000005 1.8275000000000003 0.82010000000000016 1.2249500000000002 1.0822000000000003 0.99950000000000017 0.75000000000000011 1.1060500000000002 0.99620000000000009 0.0058500000000000002 1.0001500000000003 0.73470000000000013 0.85250000000000015 0.84655000000000014 0.88700000000000012 0.0058500000000000002 0.013050000000000001 0.88340000000000007
decision_type=2 2 2 2 2 2 2 2 2 2 2 2 2 2 2 2 2 2 2 2 2 2 2 2 2 2 2 2 2 2
left_child=1 -1 24 6 18 -6 17 10 9 23 11 12 22 15 -11 16 -10 -4 20 21 -5 -20 -8 -9 25 -2 27 -26 29 -29
right_child=2 -3 3 4 5 -7 7 8 13 14 -12 -13 -14 -15 -16 -17 -18 -19 19 -21 -22 -23 -24 -25 26 -27 -28 28 -30 -31
leaf_value=0.00041833337958987766 -0.00013945407336362581 -0.05608709513841667 -0.082771853206208307 -0.0028289245162583174 0.0034071844825647292 -0.10608837357107162 0.090969459208263048 0.0050098250797615844 -0.058984495662576408 0.014621975838396721 0.071481101631996877 -0.054125199139633012 -0.0073834097762508462 0.014611249401651353 0.091963092671364238 -0.077702533730677731 0.034935356444593661 0.01759301148219293 -0.082355000038683235 0.10125684650811161 -0.03756303949994215 0.01018790416484849 0.035673633868605552 -0.093383216878079489 0.041554743698414762 -0.052610353487222983 0.0013908293492496746 -0.018159989385573328 0.015031217738698012 -0.13791469190398231
leaf_weight=5.9014343507587901 497.96146016404964 1.9656661432236431 1.0516716169659073 12.223112863022843 1.1978125246241682 2.0637686662375927 1.717068400233986 0.44707718002609709 1.5573871005326512 1.5994931897148492 2.0174011085182428 2.0606879880651832 2.2358480906113982 2.800600802525878 1.4957931553944943 1.931853463873267 1.2605037242174146 0.4578943415544926 0.67622294416651074 1.0615534447133539 4.7796177715063086 1.2177587589249013 1.8205850571393964 0.57216507382690907 9.3500695535913128 1.8630852289497841 92.939180918270722 3.1549174925312427 17.01981233432889 1.3586958786472676
leaf_count=54 10343 35 52 194 18 36 28 29 23 35 32 40 37 39 41 28 23 27 21 11 110 30 19 18 131 30 1311 84 244 18
internal_value=-2.15483e-10 -0.0137001 0.000160891 -0.00548619 -0.0157094 -0.0658762 0.0048231 0.00883277 -0.00405152 0.0266749 0.0240885 0.0118844 0.0354446 -0.0207958 0.051997 -0.0416729 -0.0169721 -0.0523283 -0.00751115 0.0217239 -0.012593 -0.0228534 0.0625125 -0.0502244 0.000579644 -0.000335038 0.00427186 0.0129419 0.000517851 -0.0542088
internal_weight=677.76 7.8671 669.893 46.2459 23.2198 3.26158 23.026 21.5165 11.6649 4.11453 9.85159 7.83419 5.7735 7.55035 3.09529 4.74974 2.81789 1.50957 19.9583 2.95554 17.0027 1.89398 3.53765 1.01924 623.647 499.825 123.823 30.8835 21.5334 4.51361
internal_count=13141 89 13052 891 420 54 471 392 236 123 156 124 84 113 76 74 46 79 366 62 304 51 47 47 12161 10373 1788 477 346 102
is_linear=0
shrinkage=0.1


Tree=82
num_leaves=31
num_cat=0
split_feature=6 1 2 4 1 12 2 9 5 5 8 3 12 0 4 5 5 6 0 5 0 5 5 6 5 5 10 9 9 1
split_gain=0.350239 0.930118 0.159037 0.138033 1.24299 0.44428 0.440709 0.889567 0.439534 0.57484 0.426161 0.388272 0.713463 0.36081 0.184978 0.541219 0.533281 0.592887 0.861309 0.679387 0.54874 2.8362 0.800445 1.50889 0.733338 0.722337 0.5647 0.559829 0.986971 0.573066
threshold=1.0000000180025095e-35 0.77500000000000002 0.65000000000000002 0.00175 0.35000000000000003 0.48300000000000004 0.55000000000000016 0.74150000000000016 0.39900000000000008 0.32015000000000005 0.99350000000000016 0.75000000000000011 0.43750000000000006 0.87500000000000011 0.011950000000000002 2.8582500000000004 0.52770000000000017 0.75000000000000011 0.77500000000000002 0.51045000000000018 0.77500000000000002 0.89705000000000013 0.70790000000000008 0.75000000000000011 1.4730500000000002 0.68780000000000008 0.93800000000000006 0.94545000000000012 0.7924500000000001 0.55000000000000016
decision_type=2 2 2 2 2 2 2 2 2 2 2 2 2 2 2 2 2 2 2 2 2 2 2 2 2 2 2 2 2 2
left_child=1 2 -1 4 5 -2 7 8 9 13 -8 -12 -13 -6 15 -5 17 18 19 -16 25 22 -22 -24 26 27 -23 28 29 -18
right_child=3 -3 -4 14 6 -7 10 -9 -10 -11 11 12 -14 -15 16 -17 20 -19 -20 -21 21 24 23 -25 -26 -27 -28 -29 -30 -31
leaf_value=0.014992741411921681 0.057856645468754769 -0.072659535666199551 -0.018201566160103631 0.0021146232638489374 -0.057709264421255041 -0.0018519761523717695 -0.073463535145911349 -0.09509853241860515 0.052857364121411468 -0.12455179921103771 -0.035484842313014658 -0.026727942577301017 0.10416965222072234 0.038359357798799079 -0.056583726804431522 0.056858384206928729 -0.090351230980083963 -0.068198313516403902 0.013832017921490969 0.049188162140858083 0.044138815597141529 -0.027310922262692827 -0.017916986853425562 0.051663780386798377 -0.057912452831907615 0.002024309631669028 0.024093612410524472 0.068272862384119254 -0.11554172132347691 -0.0064076475487189121
leaf_weight=3.4178142198361439 2.6702388934791079 2.4159735620487481 2.4984422065317631 265.25004483805969 0.71954118902794906 2.3367188312113285 0.70548530481755767 2.429537592921406 0.75096287764608849 0.54632637742906798 0.99689719825983059 0.77782761235721409 0.89612212055362761 0.85606662929058075 4.3541846750304085 1.8183209197595704 0.95753860659897139 2.1838164825458071 6.1686955466866493 0.70568174682557572 7.2688402701169279 18.286512880353264 10.109994863159953 4.5054832939058533 7.4371128826169288 317.35797440307215 2.4198448699899009 0.56191908847540606 1.2724551009014247 5.3974153674207628
leaf_count=31 22 35 23 4777 50 19 29 72 17 14 36 43 39 13 252 28 36 87 78 42 107 651 173 69 484 5552 55 19 43 245
internal_value=-1.66759e-10 -0.0203759 0.000974745 0.000253496 -0.00968624 0.029991 -0.0325768 -0.0505586 -0.0128922 -0.0361613 -0.00433701 0.0139223 0.043346 -0.00551281 0.000460845 0.00248734 -0.000930495 -0.0205237 -0.0112516 -0.0418321 -0.00023079 -0.0099815 0.0170198 0.00353253 -0.0309777 0.00126763 -0.0213035 -0.0280557 -0.0351523 -0.0190559
internal_weight=678.074 8.33223 5.91626 669.742 13.6857 5.00696 8.67877 5.30243 2.8729 2.12193 3.37633 2.67085 1.67395 1.57561 656.056 267.068 388.987 13.4124 11.2286 5.05987 375.575 50.0278 21.8843 14.6155 28.1435 325.547 20.7064 8.18933 7.62741 6.35495
internal_count=13141 89 54 13052 354 41 313 166 94 77 147 118 82 63 12698 4805 7893 459 372 294 7434 1539 349 242 1190 5895 706 343 324 281
is_linear=0
shrinkage=0.1


Tree=83
num_leaves=31
num_cat=0
split_feature=6 1 12 12 12 5 4 0 4 12 2 9 12 5 13 4 4 0 12 5 12 2 2 4 0 5 5 9 4 0
split_gain=0.271952 0.81526 0.149699 0.19301 0.700847 0.213772 0.264086 0.211697 0.578696 0.562756 0.635655 0.66822 0.638085 0.337315 0.241813 0.287373 0.332249 0.232018 0.231161 0.460914 0.40568 0.202364 0.159622 0.147444 0.949925 1.77923 1.69889 0.860249 0.739931 0.676484
threshold=1.0000000180025095e-35 0.77500000000000002 0.0050000000000000001 0.013700000000000002 0.014200000000000003 0.061350000000000009 0.0033500000000000001 0.35000000000000003 0.090250000000000011 0.011900000000000003 0.55000000000000016 0.40670000000000006 0.010400000000000001 0.72840000000000005 1.0000000180025095e-35 0.0078500000000000011 0.017050000000000006 0.60000000000000009 0.0092000000000000016 1.0609500000000003 0.011900000000000003 0.55000000000000016 0.65000000000000002 0.0068500000000000011 0.77500000000000002 0.8640000000000001 0.92360000000000009 0.26450000000000007 0.0062500000000000012 0.60000000000000009
decision_type=2 2 2 2 2 2 2 2 2 2 2 2 2 2 2 2 2 2 2 2 2 2 2 2 2 2 2 2 2 2
left_child=1 -1 -2 7 21 6 -6 8 9 10 12 -12 -4 -11 15 -9 -17 -16 19 -18 -20 -5 -22 24 25 29 27 -26 -27 -7
right_child=2 -3 3 4 5 23 -8 14 -10 13 11 -13 -14 -15 17 16 18 -19 20 -21 22 -23 -24 -25 26 28 -28 -29 -30 -31
leaf_value=0.0010351850020441642 0.029719464792730452 -0.069979100427640648 -0.024039123048914295 0.02702352972124164 -0.09891320150208871 -0.012779655070661582 -0.008965539920682138 -0.042505213455041616 -0.083491179684872435 -0.022595268774394179 -0.032660198371104149 0.10379984954213931 -0.14611183564293426 0.067620512060810253 0.054709760476057571 0.048847999106215012 -0.0074452660920223505 -0.0051672620304816881 0.03697181388761616 -0.091687714771437459 0.00061644009428724761 0.085333856743028541 -0.058968967486697756 -0.00059418043576439791 0.091449617719921605 0.0045975783126335282 -0.024057140784675166 0.021639422366050917 0.049124772725565397 -0.046967635961366265
leaf_weight=6.0056681600399298 1.7161631505005051 2.2120466642081738 1.024686375632885 1.2623312743380659 0.47654139855876465 35.022240564692765 1.0360962648410348 2.0624009009916326 1.3183181406930087 0.64162457361817349 1.1093800691887734 0.5304182176478206 0.73557754978537548 1.1705500027164815 1.3089242996647947 1.159373277798293 2.8553251074627046 1.2799767558462916 2.194706060923636 0.84068962233141054 0.97006522212177493 1.1261257436126468 0.83793246187269688 465.98637441138271 1.8640494979917992 85.087934453971684 8.681644161231814 33.276677477173507 3.9031886644661418 6.9336104651447377
leaf_count=54 45 35 58 28 49 1263 50 66 32 33 53 13 12 39 35 35 82 40 41 33 27 20 16 9003 21 1046 247 393 72 200
internal_value=-2.85339e-10 -0.0180805 0.000222955 0.000146798 0.000447242 0.000246171 -0.0373027 -0.00951803 -0.0243007 -0.00932975 -0.0333183 0.0114799 -0.0750508 0.0356784 -0.00237199 -0.00888614 -0.00105872 0.025106 -0.00857433 -0.0266069 0.0080766 0.0545161 -0.0269989 0.000334813 0.00281178 -0.00145315 0.015556 0.0253425 0.00655056 -0.0184295
internal_weight=674.631 8.21771 666.413 664.697 644.657 642.268 1.51264 20.0399 6.53055 5.21224 3.40006 1.6398 1.76026 1.81217 13.5094 10.9205 8.85809 2.5889 7.69872 3.69601 4.0027 2.38846 1.808 640.756 174.769 130.947 43.8224 35.1407 88.9911 41.9559
internal_count=13141 89 13052 13007 12392 12344 99 615 240 208 136 66 70 72 375 300 234 75 199 115 84 48 43 12245 3242 2581 661 414 1118 1463
is_linear=0
shrinkage=0.1


Tree=84
num_leaves=31
num_cat=0
split_feature=6 1 12 4 7 5 4 4 12 1 2 5 0 4 4 8 12 9 4 1 2 6 5 0 5 4 4 4 5 4
split_gain=0.315388 0.823131 0.178381 0.351879 0.193328 0.287748 1.12714 0.89475 0.752325 0.696454 0.673879 0.462792 0.503001 1.19498 0.692867 0.837484 0.585561 0.460197 0.440434 0.434859 0.912662 1.16404 0.729694 0.668942 0.467481 0.398172 0.527046 0.684914 0.57481 0.505929
threshold=1.0000000180025095e-35 0.77500000000000002 0.0050000000000000001 0.090250000000000011 0.75000000000000011 2.1368500000000004 0.0073500000000000015 0.043250000000000004 0.47000000000000003 0.97500000000000009 0.65000000000000002 1.9957500000000004 0.12500000000000003 0.067650000000000016 0.11020000000000001 0.99950000000000017 0.39880000000000004 0.50995000000000013 0.011950000000000002 0.77500000000000002 0.75000000000000011 0.75000000000000011 4.9350000000000014 0.25000000000000006 3.2671000000000006 0.034700000000000002 0.12820000000000001 0.13100000000000003 1.6281500000000002 0.033650000000000006
decision_type=2 2 2 2 2 2 2 2 2 2 2 2 2 2 2 2 2 2 2 2 2 2 2 2 2 2 2 2 2 2
left_child=1 -1 3 -2 5 11 -7 8 19 10 -9 12 13 16 -15 -16 -4 -12 -18 20 21 22 24 -21 -8 29 28 -28 -27 -14
right_child=2 -3 4 -5 -6 6 7 9 -10 -11 17 -13 25 14 15 -17 18 -19 -20 23 -22 -23 -24 -25 -26 26 27 -29 -30 -31
leaf_value=0.00050304164433225592 -0.0080825689424771415 -0.068927478690159236 -0.060786902307300064 0.080416854167097832 0.0013818466007237335 0.10407814430127101 0.008685238667151365 0.0076236155842733661 -0.073523251610282517 0.067271086926470311 -0.071745111413663673 0.027851692724925256 0.0032329662879383384 0.071059374964825769 -0.078779510750714848 0.039182079584575216 0.0096992367412702916 -0.0088316375442213692 -0.041378290342401286 -0.0047007797835104071 -0.090832049960808417 0.088136344821658746 0.067826227952493989 -0.089618967410273365 -0.092606961895485701 -0.0095331514687865618 0.059771552501151105 0.001043363189974493 -0.065521559026502682 0.073098321026935711
leaf_weight=5.9936334118247014 1.0036686407402147 2.3877871627919376 5.0593151457142103 0.81336559541523445 437.57476615125779 0.82418955583125608 0.74933009548112961 11.118724751751868 3.5958633311092845 1.4225357221439487 2.1417309483513245 5.474545814562588 100.6229136910988 1.9206883078441013 1.0153298494406044 1.4779435228556395 3.3826621291227639 2.543382556643337 3.370124256471172 1.9465331695973875 0.90958742145448912 1.5561833688989279 0.67819623765535642 1.7722575152292845 1.162468377035111 46.1415046073962 2.1966074332594898 20.69550297409296 1.9095891229808319 1.0472799949347962
leaf_count=54 27 35 198 18 7782 9 28 249 138 30 38 108 2441 38 22 28 61 34 88 40 20 24 21 40 43 1044 19 395 42 27
internal_value=6.54429e-11 -0.0192771 0.000243281 0.0315327 0.000157439 -0.00222657 -0.0112701 -0.0144822 -0.0350001 0.000251907 -0.00578063 -0.000810758 -0.0016417 -0.018475 0.0259188 -0.00885514 -0.0350641 -0.0375916 -0.0157921 -0.0192131 -0.000120345 0.01978 -0.0212916 -0.0451701 -0.0529054 -5.93277e-05 -0.00580895 0.00667861 -0.0117582 0.00395263
internal_weight=672.508 8.38142 664.127 1.81703 662.31 224.735 30.421 29.5968 12.3704 17.2264 15.8038 194.314 188.839 16.2261 4.41396 2.49327 11.8121 4.68511 6.75279 8.77456 5.05577 4.14618 2.58999 3.71879 1.9118 172.613 70.9432 22.8921 48.0511 101.67
internal_count=13141 89 13052 45 13007 5225 714 705 354 351 321 4511 4403 435 88 50 347 72 149 216 136 116 92 80 71 3968 1500 414 1086 2468
is_linear=0
shrinkage=0.1


Tree=85
num_leaves=31
num_cat=0
split_feature=6 1 8 9 9 3 9 5 1 8 8 12 12 2 3 2 7 1 4 4 13 7 1 9 4 1 6 12 4 5
split_gain=0.502747 1.3116 0.175782 0.911281 0.820904 0.764655 0.442627 0.591117 0.590991 0.422222 0.475486 0.40811 0.602052 0.468487 0.402453 0.378546 0.845854 0.61283 0.518369 0.454429 0.36222 0.295755 0.282189 0.241091 0.398193 0.378251 0.715145 0.879419 0.69789 0.686096
threshold=1.0000000180025095e-35 0.87500000000000011 0.93400000000000016 0.50400000000000011 0.54310000000000014 0.75000000000000011 0.42140000000000005 0.86935000000000007 0.65000000000000002 0.94850000000000001 0.95150000000000012 0.49090000000000006 0.013100000000000002 0.075000000000000025 0.75000000000000011 0.75000000000000011 0.75000000000000011 0.92500000000000016 0.030500000000000003 0.06020000000000001 1.0000000180025095e-35 0.75000000000000011 0.87500000000000011 0.24710000000000004 0.12100000000000001 0.65000000000000002 0.75000000000000011 0.29930000000000007 0.08660000000000001 1.2818000000000003
decision_type=2 2 2 2 2 2 2 2 2 2 2 2 2 2 2 2 2 2 2 2 2 2 2 2 2 2 2 2 2 2
left_child=1 -1 3 6 -5 -6 7 11 -8 20 -11 12 13 -2 21 17 19 23 -19 -17 -4 -14 -16 24 25 28 27 -27 -9 -28
right_child=2 -3 9 4 5 -7 8 15 -10 10 -12 -13 14 -15 22 16 -18 18 -20 -21 -22 -23 -24 -25 -26 26 29 -29 -30 -31
leaf_value=-0.002803944843802331 0.047394145585173929 -0.095463903816689455 -0.061700614191820782 0.10112866586040413 -0.041642849448307845 0.056227736762864647 -0.08255954123306733 -0.027123865274459036 0.013380197889012341 0.039227167903749055 -8.2642463471517904e-05 -0.02403846588536683 0.032966132520523196 -0.043672682166796442 -0.022056114063509227 -0.071531870084462337 0.056225970980489093 -0.11703621139657459 -0.017306095369979627 0.023750223380598592 -0.0056154815272462921 0.084019608746194643 0.051257089441824624 -0.029246780450416128 -0.043654848163538484 -0.056987020572313779 0.02588847472569393 0.060291990034516942 0.044826815063531311 0.13269515811157193
leaf_weight=6.7096533756703121 0.88077630475163315 1.9779539916198698 2.0385821028612545 1.774108514189719 1.3352418951690197 1.9851215472444892 1.4067156277596944 5.0441170609556227 1.1812225678004322 3.0925494022667399 614.20163287047762 1.5474380957894016 1.9231968908570705 1.5752008212730286 1.1775889778509738 1.1148018636740737 2.7821858562529087 0.94082440994679872 1.168454250320792 0.90843106806278218 2.6464235568419099 2.7676234031096101 0.94742150977253903 3.2329145912080994 1.7397765521891404 1.5566212739795449 1.6359559278935196 1.0850547496229408 1.839781454298645 0.95108606666326512
leaf_count=66 11 23 74 26 27 30 23 127 24 69 11817 46 53 89 37 31 52 17 33 26 82 32 48 65 58 37 45 20 35 18
internal_value=-1.61771e-11 -0.0239003 0.00031248 0.00653449 0.0462126 0.0168703 0.00113074 0.00409631 -0.0387694 -0.000112688 0.000114294 0.0235022 0.0314366 -0.0110138 0.046733 -0.00465191 0.0204483 -0.0109358 -0.0617898 -0.0287502 -0.0300198 0.0630881 0.0106301 -0.0046576 0.00108109 0.00750667 0.0277831 -0.00881527 -0.00789442 0.0651543
internal_weight=673.168 8.68761 664.481 42.5017 5.09447 3.32036 37.4072 34.8193 2.58794 621.979 617.294 10.8192 9.27181 2.45598 6.81583 24 4.80542 19.1946 2.10928 2.02323 4.68501 4.69082 2.12501 17.0853 13.8524 12.1126 5.22872 2.64168 6.8839 2.58704
internal_count=13141 89 13052 1010 83 57 927 880 47 12042 11886 316 270 100 170 564 109 455 50 57 156 85 85 405 340 282 120 57 162 63
is_linear=0
shrinkage=0.1


Tree=86
num_leaves=31
num_cat=0
split_feature=6 1 7 9 4 4 9 9 9 9 5 4 2 2 4 1 1 9 13 1 4 2 9 0 2 5 1 9 1 4
split_gain=0.4526 1.06494 0.149747 0.44331 0.421729 0.80414 0.3347 1.00946 0.578629 1.15671 0.626607 0.946309 1.05527 0.678692 0.439579 0.795769 0.893555 1.03568 0.774659 0.946867 0.595392 0.579391 0.484194 0.434313 0.408676 0.622641 0.517585 1.25489 0.568967 0.400066
threshold=1.0000000180025095e-35 0.87500000000000011 0.75000000000000011 0.99890000000000012 0.0074500000000000009 0.0062500000000000012 0.71335000000000015 0.71490000000000009 0.64215000000000011 0.64810000000000012 1.2818000000000003 0.066500000000000017 0.75000000000000011 0.55000000000000016 0.0078500000000000011 0.97500000000000009 0.87500000000000011 0.49870000000000009 1.0000000180025095e-35 0.35000000000000003 0.0030500000000000002 0.65000000000000002 0.38930000000000003 0.35000000000000003 0.75000000000000011 0.94760000000000011 0.77500000000000002 0.69255000000000011 0.35000000000000003 0.0023500000000000001
decision_type=2 2 2 2 2 2 2 2 2 2 2 2 2 2 2 2 2 2 2 2 2 2 2 2 2 2 2 2 2 2
left_child=1 -1 3 6 5 -5 8 -8 14 -10 24 12 23 -13 15 16 18 22 19 20 -2 -21 -18 -12 26 -26 28 -28 -11 -9
right_child=2 -3 -4 4 -6 -7 7 29 9 10 11 13 -14 -15 -16 -17 17 -19 -20 21 -22 -23 -24 -25 25 -27 27 -29 -30 -31
leaf_value=-0.0041124141760707058 0.092897124469912731 -0.089535122070061771 0.0013722160405459129 -0.037509246250114363 -0.029448205406666528 0.090512781896777 0.058532038448409013 -0.021066079042234457 -0.11117192405716154 0.032450681166538091 -0.13650545805771627 0.089119959538766821 0.027532740002234237 -0.043301352482421639 -0.0034646838464103382 -0.058590880821691754 0.049590075131925988 0.11269052448461325 0.055427230080699733 -0.035901215226877607 -0.0061317475244078903 0.019151685085565574 -0.08002722382916154 -0.060901795218211922 0.014665552488615631 -0.069160159192765733 -0.026222968164956995 0.078867265672616857 -0.020321869046470424 0.004320434763416035
leaf_weight=6.6230050832964462 1.4475102694705193 1.8718888196162877 437.53829240228515 1.068709008861332 9.6430392179172468 0.90707168634980906 3.3003858691081396 6.8213603775948277 1.2429703846573854 2.6318422099575498 1.4273739843629298 0.78621577378362395 0.88924964237958182 0.76231757644563913 88.892559269908816 1.4184845522977401 0.66873742081224852 1.9398887320421634 2.8318112478591493 6.0235604802146536 1.0457392320968208 2.8004148518666625 0.50646798452362418 1.6247124660294501 1.5134657761082047 2.1376464804634452 2.0831052726134649 2.499855580739677 9.1314828468020988 68.994361445773393
leaf_count=66 21 23 7809 29 193 14 23 144 48 42 29 25 20 17 2511 57 31 46 77 197 31 95 18 45 67 21 80 39 170 1153
internal_value=-7.87696e-11 -0.0229357 0.000294058 -0.00180217 -0.0208244 0.0212651 -0.000766585 0.0043931 -0.00380603 -0.0169737 -0.0123798 -0.0423053 -0.0683293 0.0239311 -0.000534138 0.0134095 0.0193253 0.0678113 0.00865051 -0.00305403 0.0513616 -0.0184294 -0.00626996 -0.0962595 -0.00416436 -0.0344126 0.00259189 0.0311003 -0.00851492 0.00203634
internal_weight=671.074 8.49489 662.579 225.04 11.6188 1.97578 213.422 79.1161 134.305 26.7302 25.4873 5.48987 3.94134 1.54853 107.575 18.6826 17.2641 3.11509 14.149 11.3172 2.49325 8.82398 1.17521 3.05209 19.9974 3.65111 16.3463 4.58296 11.7633 75.8157
internal_count=13141 89 13052 5243 236 43 5007 1320 3687 603 555 136 94 42 3084 573 516 95 421 344 52 292 49 74 419 88 331 119 212 1297
is_linear=0
shrinkage=0.1


Tree=87
num_leaves=31
num_cat=0
split_feature=9 9 4 4 9 5 4 4 2 5 2 0 9 2 9 4 4 5 8 0 8 4 5 5 5 9 1 4 4 9
split_gain=0.136904 0.574948 0.754811 0.750563 1.06124 0.878312 0.613372 0.580678 0.416453 0.399554 0.362991 0.348652 0.334504 0.588301 0.795231 1.15291 1.42026 0.821355 0.687521 0.602512 0.58242 0.553398 1.76691 1.34609 1.15502 0.715634 0.805943 1.10352 0.92294 0.830664
threshold=0.85250000000000015 0.88700000000000012 0.0058500000000000002 0.013050000000000001 0.88340000000000007 1.4730500000000002 0.0037500000000000003 0.011500000000000002 0.45000000000000007 1.8121000000000003 0.65000000000000002 0.35000000000000003 0.69255000000000011 0.75000000000000011 0.80150000000000021 0.019750000000000004 0.027200000000000005 1.0315000000000001 0.99950000000000017 0.45000000000000007 0.99550000000000016 0.028050000000000002 1.5081500000000003 1.4242500000000002 2.7670000000000008 0.74680000000000002 0.65000000000000002 0.0043000000000000009 0.015900000000000004 0.70435000000000014
decision_type=2 2 2 2 2 2 2 2 2 2 2 2 2 2 2 2 2 2 2 2 2 2 2 2 2 2 2 2 2 2
left_child=12 2 6 4 7 -5 8 -4 -2 -7 11 -8 -1 21 15 17 -17 18 -15 -19 -18 22 23 25 -24 26 27 -14 29 -28
right_child=1 -3 3 5 -6 9 10 -9 -10 -11 -12 -13 13 14 -16 16 20 19 -20 -21 -22 -23 24 -25 -26 -27 28 -29 -30 -31
leaf_value=0.00071892853063205129 0.039769670167895371 -0.00034482225937015258 0.011430837986487252 -0.00050802209715319663 -0.11589843847015664 0.071653922934007006 0.012665806252211566 -0.074286185154504358 -0.033634441396414472 0.017341869266528049 0.094072569133303294 0.069538077682025121 0.035118910199513458 -0.0035166572839798755 0.0022532510725731206 0.081972814431020974 0.034880815981321721 -0.05479106424172564 -0.083600003276803295 -0.14186233358096081 -0.050946143287404988 0.010439714236780473 -0.064999640408513304 0.05926859968182302 0.014913011223071551 -0.010382925494341064 0.054431415167722111 -0.032016504095921702 0.10229806015260423 -0.010358007968224718
leaf_weight=366.70254494983237 1.5142051316797753 138.14954046485946 3.8893698668107417 11.202714464627208 1.0712679252028463 3.1395784495398393 2.1618761252611876 0.99186226306483138 1.5787592418491838 2.3823160417377949 1.8403446339070795 2.1498830281198025 3.8951029763557035 2.8799454378895479 9.7689752960577589 1.5080159679055212 1.0366019145585594 1.5494397580623627 1.7076740404590962 1.6315762419253588 3.3324543898925185 26.737855141167529 7.5108979656361026 3.5596272703260174 2.3823434729129076 48.43078033439815 3.6320782685652357 6.5917853224091232 1.6023398442193864 4.3475457944441587
leaf_count=8083 22 2202 94 172 18 33 24 25 40 39 18 27 82 74 150 24 16 25 43 20 75 511 155 36 32 741 49 144 24 143
internal_value=-1.03462e-10 0.0024501 0.0145457 0.00472743 -0.0257675 0.015581 0.0386287 -0.00598679 0.0023016 0.048222 0.0568922 0.0410228 -0.000835378 -0.00514989 -0.0195277 -0.0351206 -0.00170184 -0.0604024 -0.0333265 -0.0994508 -0.0305828 -0.00205255 -0.00612827 -0.000687624 -0.0457563 -0.00380329 0.0120749 -0.00708067 0.0330395 0.0191321
internal_weight=668.879 170.072 31.9222 22.6771 5.9525 16.7246 9.24507 4.88123 3.09296 5.52189 6.1521 4.31176 498.808 132.105 23.4147 13.6457 5.87707 7.76864 4.58762 3.18102 4.36906 108.69 81.9525 72.0593 9.89324 68.4996 20.0689 10.4869 9.58196 7.97962
internal_count=13141 2714 512 381 137 244 131 119 62 72 69 51 10427 2344 427 277 115 162 117 45 91 1917 1406 1219 187 1183 442 226 216 192
is_linear=0
shrinkage=0.1


Tree=88
num_leaves=31
num_cat=0
split_feature=4 0 5 5 13 4 12 9 1 0 7 9 9 0 9 12 4 9 4 5 0 12 4 13 12 5 6 1 5 8
split_gain=0.128154 0.984333 0.930126 1.12849 1.52165 0.751681 0.706254 0.803578 0.675515 0.657409 0.758592 0.597511 0.492547 0.502642 0.441021 0.437502 0.475936 0.666809 0.396823 0.460176 1.53643 0.680252 0.759918 0.687882 0.71205 0.586918 1.43656 1.18388 0.702848 1.00285
threshold=0.004850000000000001 0.77500000000000002 0.91985000000000017 1.2339500000000003 1.0000000180025095e-35 0.0041500000000000009 0.14520000000000002 0.63625000000000009 0.97500000000000009 0.35000000000000003 0.75000000000000011 0.48565000000000008 0.45900000000000002 0.60000000000000009 0.35680000000000006 0.29230000000000006 0.0040500000000000006 0.87535000000000018 0.011950000000000002 1.8121000000000003 0.25000000000000006 0.10630000000000002 0.0080500000000000016 1.0000000180025095e-35 0.059000000000000004 0.96050000000000002 0.75000000000000011 0.35000000000000003 0.91985000000000017 0.98650000000000004
decision_type=2 2 2 2 2 2 2 2 2 2 2 2 2 2 2 2 2 2 2 2 2 2 2 2 2 2 2 2 2 2
left_child=1 2 6 4 9 -3 7 14 12 -4 -11 -6 -8 15 -1 -14 -17 -18 19 21 -21 22 23 24 -2 28 27 -27 -23 -30
right_child=18 5 3 -5 11 -7 8 -9 -10 10 -12 -13 13 -15 -16 16 17 -19 -20 20 -22 25 -24 -25 -26 26 -28 -29 29 -31
leaf_value=-0.063697669523649289 -0.02391658235987288 0.016527948084361418 0.0085738043195422147 -0.0412630352908121 -0.035417946409183935 -0.040376669878338427 0.01336902493849234 -0.054193186772189296 -0.080301712431824435 0.021405527438518732 0.10219469087245686 0.0021415521294100986 -0.065487758728197273 -0.060708493586693328 0.029624830123584134 -0.022374358039277481 -0.031166313559413395 0.087612410944170452 -0.0010534624825228557 0.10491355326887737 0.0072608707506755426 0.0091423677383953919 0.01937413725938783 0.017202324471772834 -0.084398849924296637 -0.073393708495770746 -0.060958186744990255 0.0055173609988216276 -0.029199356939464689 0.066297288322867715
leaf_weight=0.55358191765844633 7.5356234880164283 29.605561272706836 2.9061406329274169 5.8008956350386134 4.8480002786964169 2.5188364470377556 3.2164178378880086 1.7787201981991527 2.2572285153437397 1.9791299225762484 2.8159258794039488 33.525232801213861 2.0462755872868064 3.9872470528352997 5.9404070354066789 15.560298472875731 0.90714366734027752 0.98673363961279392 389.9248943857383 1.958993038162588 9.0747338244691473 60.45873813633807 4.7006937074474981 2.7054355461150399 2.6244013961404562 1.9689857591874886 3.7664172053337088 55.234765834640712 1.4263497637584794 4.8012221902608871
leaf_count=25 236 398 53 90 97 67 105 69 112 34 35 260 69 108 224 518 31 24 7920 30 148 1117 145 77 67 102 69 808 32 71
internal_value=-5.02274e-11 -0.00294121 -0.00835143 0.000304209 0.00553764 0.0120661 -0.0204107 0.00535824 -0.0277715 0.0461037 0.0688495 -0.00260364 -0.0233312 -0.028357 0.0216695 -0.0217421 -0.0166134 0.0307189 0.000652848 0.00491081 0.0245987 0.00341496 -0.0150352 -0.0276075 -0.0395396 0.0059538 -0.00113752 0.0028012 0.0124373 0.0444249
internal_weight=667.415 121.234 89.1094 51.8753 46.0744 32.1244 37.2341 8.27271 28.9613 7.7012 4.79506 38.3732 26.7041 23.4877 6.49399 19.5005 17.4542 1.89388 546.181 156.256 11.0337 145.223 17.5662 12.8655 10.16 127.656 60.9702 57.2038 66.6863 6.22757
internal_count=13141 2319 1854 569 479 465 1285 318 967 122 69 357 855 750 249 642 573 55 10822 2902 178 2724 525 380 303 2199 979 910 1220 103
is_linear=0
shrinkage=0.1


Tree=89
num_leaves=31
num_cat=0
split_feature=6 1 2 8 7 1 5 9 0 9 4 3 5 1 5 5 5 5 5 9 0 9 4 5 5 4 12 12 5 9
split_gain=0.135227 0.385537 0.159667 0.154959 0.344446 0.644186 1.01304 0.572597 0.797438 0.52122 0.731905 0.388344 0.85636 1.27769 0.842504 0.823536 0.937048 0.686523 0.967832 0.647245 0.937365 0.705526 0.642937 0.639916 0.615469 0.589405 0.58598 0.820696 0.715481 0.660617
threshold=1.0000000180025095e-35 0.77500000000000002 0.65000000000000002 0.99550000000000016 0.75000000000000011 0.35000000000000003 1.0146500000000003 0.082800000000000026 0.35000000000000003 0.082800000000000026 0.023850000000000007 0.75000000000000011 1.0349000000000002 0.35000000000000003 6.1152500000000005 0.81130000000000013 4.6904500000000011 0.82925000000000015 0.86935000000000007 0.90825000000000011 0.45000000000000007 0.88340000000000007 0.0018500000000000003 4.0202500000000008 0.96050000000000002 0.11020000000000001 0.28300000000000008 0.14520000000000002 0.19095000000000004 0.93280000000000018
decision_type=2 2 2 2 2 2 2 2 2 2 2 2 2 2 2 2 2 2 2 2 2 2 2 2 2 2 2 2 2 2
left_child=1 2 -1 -2 5 6 -5 8 -6 10 -7 12 26 -14 19 22 17 -17 -19 21 -21 -15 -13 24 -20 -18 27 -9 -28 -30
right_child=3 -3 -4 4 7 9 -8 11 -10 -11 -12 15 13 14 -16 16 25 18 23 20 -22 -23 -24 -25 -26 -27 28 -29 29 -31
leaf_value=0.014314811902622702 -0.001523186949638066 -0.048853135526408735 -0.018920105733357451 0.031860955881121075 0.025056260238928426 0.074077641381199419 -0.034864474692675888 0.0032458655466004373 -0.088318361843632676 -0.0058571761840388557 -0.029137002300014661 0.043285085425878264 -0.069696591691762372 -0.0082114526034636082 0.061410262272720811 0.072110428874149382 -0.09353479862358681 -0.054236112961922239 0.044053390257530065 0.066526827569057617 -0.0077677206320576498 -0.05466542079954459 -0.020430216272416077 0.071247242395490962 0.010842753190611317 0.00052039534376828933 -0.031922273239578018 -0.052832789054491458 0.0233420928122141 -0.0072480453986987952
leaf_weight=3.4437941787764412 298.69590428564698 2.1747652923222631 2.4912081621587276 10.947167543694375 1.0357278315350407 1.8903597388416522 2.8723384623881421 13.002623940352352 1.5470724944025276 117.03241983242333 1.0792684229090808 1.800161525607108 3.236320845084264 37.435631369240582 1.8472998039796937 2.0109348446130744 1.3136535193771117 2.0886169280856839 6.0304949125275007 2.7214667983353129 4.5166806522756815 3.582248085178434 13.172579208388923 1.9533130098134268 74.736481016501784 1.3519660439342258 3.1690223608165971 3.2649743342772117 35.520853668451309 8.8108562598936242
leaf_count=31 5420 35 23 207 27 27 172 244 50 3112 39 61 196 593 33 42 20 52 134 29 74 50 483 25 1082 30 52 52 573 173
internal_value=-1.83154e-10 -0.012834 0.000364506 0.000158498 0.00156172 -0.00245288 0.0179923 0.00395852 -0.042854 -0.00480736 0.0365658 0.00450422 0.000550237 -0.00879978 -0.00486628 0.00893702 0.012569 0.0143621 0.0129928 -0.00740342 0.0201662 -0.0122685 -0.0127698 0.0146902 0.0133224 -0.0458313 0.00837115 -0.00800935 0.013981 0.0172624
internal_weight=664.776 8.10977 5.935 656.666 357.971 133.822 13.8195 224.149 2.5828 120.002 2.96963 221.566 117.108 53.3396 50.1033 104.458 89.4855 86.8198 84.8089 48.256 7.23815 41.0179 14.9727 82.7203 80.767 2.66562 63.7683 16.2676 47.5007 44.3317
internal_count=13141 89 54 13052 7632 3557 379 4075 77 3178 66 3998 2069 975 779 1929 1385 1335 1293 746 103 643 544 1241 1216 50 1094 296 798 746
is_linear=0
shrinkage=0.1


Tree=90
num_leaves=31
num_cat=0
split_feature=5 1 2 2 12 6 5 5 12 4 12 2 4 5 0 12 1 7 5 5 1 4 1 5 4 9 2 9 4 2
split_gain=0.142881 1.19139 0.864037 0.912625 0.838034 0.804914 0.670798 0.579037 0.381392 0.665949 0.252549 0.205404 0.199338 0.175422 0.179823 0.13928 0.286547 0.138878 0.353921 0.956865 0.947296 0.812242 2.05976 0.754278 0.653564 0.630902 0.666907 0.606206 0.720647 0.596571
threshold=0.37105000000000005 0.45000000000000007 0.55000000000000016 0.75000000000000011 0.7955000000000001 0.75000000000000011 0.32015000000000005 0.093350000000000016 0.10800000000000001 0.0037500000000000003 0.10800000000000001 0.075000000000000025 0.00055000000000000003 0.23380000000000004 0.45000000000000007 0.036100000000000007 0.77500000000000002 0.75000000000000011 0.92360000000000009 1.0910000000000002 0.45000000000000007 0.057200000000000008 0.55000000000000016 3.4139000000000004 0.0028500000000000005 0.99890000000000012 0.75000000000000011 0.75395000000000012 0.12990000000000004 0.55000000000000016
decision_type=2 2 2 2 2 2 2 2 2 2 2 2 2 2 2 2 2 2 2 2 2 2 2 2 2 2 2 2 2 2
left_child=1 5 12 4 7 6 8 -4 -1 -10 -5 -8 -3 -12 -15 16 -14 18 -2 -20 -21 24 23 -23 -22 26 27 28 -24 -26
right_child=17 2 3 10 -6 -7 11 -9 9 -11 13 -13 15 14 -16 -17 -18 -19 19 20 21 22 25 -25 29 -27 -28 -29 -30 -31
leaf_value=0.074088094634541135 0.0033248444177035479 -0.1315883781010552 0.13961135158823235 -0.10434820123142879 -0.056439075422396456 -0.041350719162655772 -0.034196784123542039 0.029451620256324251 4.8906060809977316e-05 0.062866484144339749 -0.058625993337213411 0.0096441337627486273 -0.078099369747085312 -0.053727937766180782 0.030539636622655592 -0.06291948675136981 0.02814096491995809 0.0013554235469112907 -0.017836313669692624 -0.033841479567056652 0.065302217218049616 0.10415803673169398 0.020963294953325724 0.017414841153196022 0.004745503942556243 0.069462131036831465 0.025104075444754171 -0.037342869255806099 -0.026694421232861754 -0.017929315803278341
leaf_weight=2.0541270375251788 82.647197833750397 0.36126682208850791 0.60398066788911897 0.63288895331788841 0.93402403104118992 2.4672307465225449 2.096383858472108 2.272382682422176 4.2298095151782036 2.8079811092466116 1.2308462348300966 2.1799840852618217 0.47775947395712115 0.42126939166337229 0.63487611315213144 4.1276025451952592 0.54175023944117129 422.85128328448627 40.28677833545953 7.266463180538266 1.3031349852681149 3.232612549327313 8.3552176859229892 1.4530363269150255 23.387655521743 1.4765614494681347 8.7709051137790066 5.1960052107460788 5.1155196763575068 23.027614744380116
leaf_count=31 1926 14 31 51 61 36 23 98 42 38 71 25 33 34 31 275 32 7389 877 413 14 43 147 23 516 18 149 70 138 492
internal_value=-2.83427e-10 -0.00698121 -0.0304139 -0.00637612 0.0258589 0.011129 0.0208146 0.052583 0.0361773 0.0251123 -0.0484422 -0.0118478 -0.0597839 -0.0329711 -0.00307254 -0.0547441 -0.0216451 0.000308955 -0.00178306 -0.00505884 0.000752132 0.00384336 0.0157537 0.0772587 -0.00454302 0.00578656 0.00235985 -0.00832693 0.00286525 -0.00650396
internal_weight=662.444 28.0742 12.2386 6.73027 3.81039 15.8355 13.3683 2.87636 9.09192 7.03779 2.91988 4.27637 5.50838 2.28699 1.05615 5.14711 1.01951 634.37 211.519 128.872 88.5847 81.3183 33.5999 4.68565 47.7184 28.9142 27.4376 18.6667 13.4707 46.4153
internal_count=13141 926 731 377 190 195 159 129 111 80 187 48 354 136 65 340 65 12215 4826 2900 2023 1610 588 66 1022 522 504 355 285 1008
is_linear=0
shrinkage=0.1


Tree=91
num_leaves=31
num_cat=0
split_feature=7 5 5 2 9 9 1 4 5 4 0 12 0 4 2 9 9 4 12 4 9 12 5 3 1 0 2 12 9 0
split_gain=0.196869 0.321509 0.791416 0.57556 0.815744 0.672351 0.638485 1.1075 0.609355 0.453399 0.530377 1.21001 0.557543 1.24965 0.726059 0.777753 0.497905 0.653201 0.639293 0.623672 0.587422 0.504607 0.451226 0.570927 0.74818 0.457312 0.436833 0.424899 0.639622 0.830086
threshold=0.75000000000000011 0.94280000000000019 0.97925000000000006 0.75000000000000011 0.97615000000000018 0.99685000000000012 0.77500000000000002 0.0090500000000000008 0.81130000000000013 0.08660000000000001 0.77500000000000002 0.17580000000000004 0.60000000000000009 0.12990000000000004 0.45000000000000007 0.52720000000000011 0.50750000000000017 0.079700000000000007 0.020600000000000004 0.0077500000000000008 0.71335000000000015 0.19900000000000004 1.0859000000000003 0.75000000000000011 0.55000000000000016 0.25000000000000006 0.55000000000000016 0.059000000000000004 0.61665000000000014 0.35000000000000003
decision_type=2 2 2 2 2 2 2 2 2 2 2 2 2 2 2 2 2 2 2 2 2 2 2 2 2 2 2 2 2 2
left_child=1 3 -3 4 -1 -6 7 -7 -5 16 12 -12 14 -14 15 -11 17 19 26 -4 27 -21 23 24 -22 -25 -18 -20 -29 -30
right_child=-2 2 9 8 5 6 -8 -9 -10 10 11 -13 13 -15 -16 -17 18 -19 20 21 22 -23 -24 25 -26 -27 -28 28 29 -31
leaf_value=0.0020239542458609767 0.0012338785420373585 -0.044604568615531887 -0.05044982685421473 -0.037572670515790746 0.073965679245294458 0.10805466227780497 -0.039768796050605813 -0.024947917322925173 0.002915619758608348 0.018829463451147967 0.03470343899572817 -0.068950526479644891 -0.036687456197809436 0.083525420371981407 0.012363719803680305 -0.084052173117143469 -0.004455503222285123 -0.072235032695328619 -0.060795957818080282 -0.000679606969489804 -0.0090133116935767962 0.028415702168363716 0.00060434413980834604 -0.046619575412040634 -0.11320408287506108 0.020599749979563948 0.076014984502864896 -0.0045417634980504966 -0.07163138765971834 -0.01574789189565114
leaf_weight=78.725701490184292 437.25817066256423 5.0523203634656957 1.8388151889666975 7.0958200552267936 2.9501278698444358 1.2651379555463793 1.5291088498197494 1.2394190286286173 7.8067384823225439 1.277152101509283 1.9479638086631883 2.669623950496316 1.2598856650292862 2.7571278624236584 19.846390510443598 1.7303062938153742 1.4056846678722643 1.1153061101213086 3.238310161978009 16.509868471184749 1.3114172173664003 9.3290797541849297 22.855934606399387 1.6515363696962593 1.4526081280782817 2.6140639167279005 1.2970568565651772 10.678162013879048 4.5436129225417954 6.4048042022623122
leaf_count=1908 7850 141 48 368 30 18 28 25 142 32 54 97 21 42 363 38 30 28 101 421 45 225 458 30 22 46 20 324 78 108
internal_value=-1.42138e-10 -0.00241507 -0.0058491 0.00177583 0.00492965 0.0376845 0.0111492 0.0422363 -0.0163628 -0.004186 0.00608428 -0.0252233 0.0114643 0.0458222 0.00542523 -0.0403623 -0.00793567 0.0027972 -0.0133145 0.00582071 -0.0156582 0.00982517 -0.00621014 -0.0283666 -0.0637698 -0.00542593 0.0341626 -0.027014 -0.0219556 -0.0389396
internal_weight=660.657 223.399 122.787 100.612 85.7095 6.98379 4.03367 2.50456 14.9026 117.735 31.4885 4.61759 26.8709 4.01701 22.8538 3.00746 86.2463 28.7931 57.4532 27.6778 54.7504 25.8389 29.8856 7.02963 2.76403 4.2656 2.70274 24.8649 21.6266 10.9484
internal_count=13141 5291 2772 2519 2009 101 71 43 510 2631 647 151 496 63 433 70 1984 722 1262 694 1212 646 601 143 67 76 50 611 510 186
is_linear=0
shrinkage=0.1


Tree=92
num_leaves=31
num_cat=0
split_feature=7 8 3 9 5 5 5 5 12 9 0 9 9 12 9 9 12 4 4 5 4 1 9 9 5 1 12 12 9 1
split_gain=0.239594 0.242944 0.453518 0.885321 0.829217 0.925173 0.77059 1.23312 1.29065 0.873149 0.735997 0.517113 0.510418 0.494324 0.519908 0.671134 0.45112 0.485187 1.03736 0.437925 1.03841 0.912285 0.664403 0.745102 0.516155 0.558784 0.492006 0.480655 0.468753 0.423081
threshold=0.75000000000000011 0.99550000000000016 0.75000000000000011 0.082800000000000026 0.87765000000000015 4.6904500000000011 1.5182000000000004 1.6281500000000002 0.75860000000000005 0.25910000000000005 0.77500000000000002 0.23340000000000002 0.20795000000000002 0.074500000000000011 0.5757500000000001 0.40210000000000007 0.08320000000000001 0.016150000000000001 0.011950000000000002 2.4931500000000004 0.015900000000000004 0.87500000000000011 0.39715000000000006 0.36430000000000007 0.99835000000000018 0.92500000000000016 0.25650000000000006 0.72330000000000017 0.5757500000000001 0.92500000000000016
decision_type=2 2 2 2 2 2 2 2 2 2 2 2 2 2 2 2 2 2 2 2 2 2 2 2 2 2 2 2 2 2
left_child=-1 -2 3 -3 16 19 11 8 -8 -9 13 12 -5 -11 15 -15 -4 18 -18 22 -21 26 23 -6 25 -24 -22 -25 -23 -19
right_child=1 2 4 6 5 -7 7 9 -10 10 -12 -13 -14 14 -16 -17 17 29 -20 20 21 28 24 27 -26 -27 -28 -29 -30 -31
leaf_value=-0.0026770737421518728 -0.0010986806727846358 -0.087424092447031032 -0.046240461117281945 0.016961119350207905 0.0043130899439454444 -0.045132314468661443 0.017710921443863326 -0.063613683229936352 -0.096587824707923819 0.044906449262818615 -0.058895153936180701 0.002179509475374672 0.083893809562575611 0.0039137404437476651 0.019406796645372093 -0.069112307941043352 -0.0047578992844123855 0.050657224298544516 -0.10939486421483452 0.090578540477051328 0.086838457031700358 0.0064773662957199434 0.060116309753174425 -0.021481629577375018 0.013337500544800821 -0.00017117015560844841 0.014748398222800758 -0.10457215219987402 -0.071572266781364066 -0.019307070307883312
leaf_weight=221.79698476637714 209.57258636923507 1.1614896128885437 2.983212877064946 5.9889959488064042 13.793256123550238 2.694029150530695 1.4193149013444806 2.2203195751644698 3.2504005283117294 3.2059251721948394 1.7263177559943876 89.345416497439146 1.4069903232157228 3.5408132523298246 6.7386469468474388 1.9524582419544456 11.046776359202338 2.5548493852838869 1.0363393602892745 2.4582450129091722 1.7697163689881565 1.9731676578521731 5.0687393713742486 2.0254655759781595 50.405877909623086 2.206739641726017 2.0357412230223417 1.0608206130564211 1.2614085711538789 1.3062024116516111
leaf_count=5291 3734 42 120 119 222 50 22 46 60 46 134 1469 24 30 105 35 386 71 32 23 21 32 96 30 703 68 25 31 20 54
internal_value=-1.16103e-10 0.00135808 0.00361988 -0.000535107 0.00841479 0.0125523 0.000300359 -0.0157172 -0.0618478 -0.00460437 0.00302895 0.00428304 0.0296942 0.00995354 0.000792556 -0.0220417 -0.0105494 -0.00387145 -0.0137324 0.014401 0.0346238 0.0150855 0.0118249 -0.00562521 0.0169314 0.0418304 0.0482737 -0.0500416 -0.0239602 0.0269881
internal_weight=659.007 437.21 227.638 121.957 105.681 86.7532 120.796 24.0542 4.66972 19.3845 17.1642 96.7414 7.39599 15.4378 12.2319 5.49327 18.9274 15.9442 12.0831 84.0592 9.49828 7.04003 74.5609 16.8795 57.6814 7.27548 3.80546 3.08629 3.23458 3.86105
internal_count=13141 7850 4116 2132 1984 1321 2090 478 82 396 350 1612 143 216 170 65 663 543 418 1271 121 98 1150 283 867 164 46 61 52 125
is_linear=0
shrinkage=0.1


Tree=93
num_leaves=31
num_cat=0
split_feature=7 9 8 5 1 13 0 5 5 1 8 5 9 9 1 8 4 8 5 4 8 0 5 5 5 5 5 3 3 9
split_gain=0.216105 0.234747 0.233874 0.379724 3.15566 0.547107 0.437385 1.12499 0.513993 0.538486 0.497828 0.955489 0.476925 2.46875 0.698517 0.882459 0.674059 0.694566 0.619481 0.754462 0.470558 0.630233 0.933152 0.823868 0.803147 0.561863 0.541194 0.462937 0.456773 0.889679
threshold=0.75000000000000011 0.99890000000000012 0.99550000000000016 0.49955000000000005 0.45000000000000007 1.0000000180025095e-35 0.77500000000000002 1.0425000000000002 0.59685000000000021 0.87500000000000011 0.97550000000000014 0.92360000000000009 0.82555000000000012 0.84195000000000009 0.87500000000000011 0.97650000000000003 0.0038500000000000006 0.98850000000000005 1.4730500000000002 0.018900000000000004 0.99350000000000016 0.35000000000000003 1.0349000000000002 1.6493000000000002 1.3034500000000002 0.95010000000000006 1.6493000000000002 0.75000000000000011 0.75000000000000011 0.61445000000000005
decision_type=2 2 2 2 2 2 2 2 2 2 2 2 2 2 2 2 2 2 2 2 2 2 2 2 2 2 2 2 2 2
left_child=1 -1 3 4 5 -2 8 10 9 -5 11 -8 16 -14 15 -15 17 27 -16 -20 28 22 -22 24 -24 -23 -27 -10 -18 -30
right_child=2 -3 -4 6 -6 -7 7 -9 12 -11 -12 -13 13 14 18 -17 20 -19 19 -21 21 25 23 -25 -26 26 -28 -29 29 -31
leaf_value=-0.0017971738662401358 0.034677034472431076 -0.016732655279496696 0.003518092062780101 -0.012945974032476996 -0.038454566737675638 0.099731926282582359 0.043013146157956927 -0.054361304911385189 0.024397209420513627 -0.091956279084084866 -0.012974374811060965 -0.054957045277533034 -0.0855171403063682 -0.070412220125376457 0.0048862258405851953 -0.0053675994247218885 0.019389307034586505 -0.09673603777045453 0.087076943403528714 0.0021510400219066066 -0.040855106509494983 0.031600143677509206 0.012173821184321207 -0.022244261212991608 0.097110966771455934 -0.041881452083662001 0.016697767815403285 -0.041641733266531394 -0.007860431869329651 0.020473308430347375
leaf_weight=210.29796179151163 2.2664865497499687 11.077878053532912 226.62857522943523 3.2579735047183922 5.114123844075948 3.0089969094842672 4.5179483424872222 5.4876118083484462 2.0096839051693669 1.1732222740538416 15.35063451528549 1.2768306853249667 3.6927510807290664 2.2073235735297194 16.12515580421314 37.884856057353318 32.208172141574323 1.1957181822508571 2.2711655721068373 1.9392466861754654 2.293038918636741 1.6930892672389735 2.1137367747724056 1.8638074360787866 2.3520500063896179 8.2057606354355794 1.9523613154888142 2.2498786589130759 26.833667092956603 18.879227039404213
leaf_count=5055 32 236 4116 112 280 38 65 323 49 62 262 35 79 57 179 356 488 33 20 32 73 42 32 29 31 105 25 72 534 289
internal_value=-2.57165e-10 -0.00254456 0.00129182 -0.00111733 0.0175201 0.0717826 -0.0020902 -0.0140171 -0.000247703 -0.0338651 -0.00354708 0.0214262 0.000639149 -0.00614216 -0.00129154 -0.00894871 0.00482615 -0.0293894 0.0138048 0.0479615 0.00672315 -0.00676798 0.013801 0.0336014 0.0569087 -0.0217334 -0.0306227 -0.0104842 0.010268 0.00384128
internal_weight=657.429 221.376 436.053 209.425 10.3896 5.27548 199.035 26.633 172.402 4.4312 21.1454 5.79478 167.971 64.1205 60.4277 40.0922 103.85 5.45528 20.3356 4.21041 98.3949 20.4738 8.62263 6.32959 4.46579 11.8512 10.1581 4.25956 77.9211 45.7129
internal_count=13141 5291 7850 3734 350 70 3384 685 2699 174 362 100 2525 723 644 413 1802 154 231 52 1648 337 165 92 63 172 130 121 1311 823
is_linear=0
shrinkage=0.1


Tree=94
num_leaves=31
num_cat=0
split_feature=7 10 9 9 5 4 6 1 9 12 8 4 9 5 0 5 1 8 2 1 5 9 4 12 0 12 0 3 12 4
split_gain=0.201793 0.29201 0.293377 1.04005 0.724576 0.793821 1.2382 0.806905 0.759912 0.785086 0.66753 0.848063 0.5653 0.639296 0.867149 0.834312 0.737385 0.63033 1.40352 0.983997 1.4326 0.982748 0.97369 1.37799 0.840215 0.749193 0.691264 0.914343 0.593955 0.476514
threshold=0.75000000000000011 0.87700000000000011 0.74995000000000012 0.74150000000000016 3.5948000000000007 0.041100000000000005 0.75000000000000011 0.35000000000000003 0.76635000000000009 0.57940000000000014 0.98650000000000004 0.047500000000000007 0.60590000000000011 1.4242500000000002 0.12500000000000003 1.4889500000000002 0.97500000000000009 0.99850000000000005 0.65000000000000002 0.35000000000000003 0.76680000000000004 0.67380000000000007 0.0099500000000000022 0.10940000000000001 0.60000000000000009 0.29930000000000007 0.60000000000000009 0.75000000000000011 0.7955000000000001 0.082000000000000003
decision_type=2 2 2 2 2 2 2 2 2 2 2 2 2 2 2 2 2 2 2 2 2 2 2 2 2 2 2 2 2 2
left_child=-1 2 3 12 5 8 7 -7 9 -4 -9 -12 -2 14 -14 -15 -17 19 21 20 -16 22 23 -19 -23 -21 27 -25 -20 -22
right_child=1 -3 4 -5 -6 6 -8 10 -10 -11 11 -13 13 15 17 16 -18 18 28 25 29 24 -24 26 -26 -27 -28 -29 -30 -31
leaf_value=-0.0024571046104839289 -0.0011004243244824826 0.014449098584678525 -0.0021998938737792027 0.071865184826813519 -0.047938634686312306 -0.056422216312497046 -0.063653691701476792 -0.034476445457527705 -0.0027087395017086164 -0.096245429688736242 0.093194311284134634 0.029040978486969016 -0.03869326419860511 0.093013080361869171 0.11754846627473031 0.011759526903232766 0.082861009408511099 -0.03958455889632119 0.029590677036853127 0.019522439552303514 -0.057279325560920406 0.070753185713236036 -0.048227419805217088 -0.07268029040297283 -0.012547749803694662 -0.01486198500555784 0.073832152664135176 0.055031656938387831 0.086790035968859938 0.060714795981505025
leaf_weight=221.24111645389348 166.5058669380378 16.148637932259589 1.7631403096020213 2.1665592525387174 3.4438655343838027 1.0025009280070634 1.5782546927221126 1.1898588892072428 141.58788855257444 1.787619941867888 2.7001464907079926 8.6994630894623679 4.3623838061466804 1.6669932361692215 1.629737434908747 14.805586655624211 1.618004675954581 3.4531509168446117 3.8471410991623989 8.5115358172915858 1.0090312100946901 3.4042457025498143 4.4115107180550686 0.9769159508869053 1.8792955121025441 24.801173112820834 2.9457974880933762 1.3154388442635536 3.4374729888513684 0.51794310845434655
leaf_count=5291 3291 314 30 42 74 34 36 40 2166 50 43 171 133 18 23 204 19 67 55 134 45 60 75 18 50 529 39 33 42 15
internal_value=-2.77062e-10 0.00125497 0.000744042 0.0028768 -0.00255456 -0.00157959 0.0201864 0.0299216 -0.00385462 -0.0495468 0.0367972 0.0442365 0.00228155 0.00893831 0.00440423 0.025606 0.0187642 0.00742976 0.0194342 -0.00102018 0.0523403 0.00471632 -0.00996461 0.00945674 0.041124 -0.00607662 0.0417863 0.000605597 0.056582 -0.0172562
internal_weight=654.408 433.167 417.019 253.266 163.753 160.309 15.1702 13.592 145.139 3.55076 12.5895 11.3996 251.099 84.5934 66.5028 18.0906 16.4236 62.1404 25.671 36.4694 3.15671 18.3864 13.1028 8.6913 5.28354 33.3127 5.23815 2.29235 7.28461 1.52697
internal_count=13141 7850 7536 4892 2644 2570 324 288 2246 80 254 214 4850 1559 1318 241 223 1185 439 746 83 342 232 157 110 663 90 51 97 60
is_linear=0
shrinkage=0.1


Tree=95
num_leaves=31
num_cat=0
split_feature=9 0 5 5 8 4 4 8 8 7 5 4 1 4 5 4 2 8 8 12 4 5 4 9 9 4 4 3 5 9
split_gain=0.205282 0.273744 0.974609 0.464121 0.682928 0.458606 0.949615 1.6224 0.950656 0.747742 0.70268 0.547375 0.397677 0.317746 0.259889 0.264386 0.222295 0.217175 0.389949 0.696745 0.54153 0.413453 0.505724 0.41225 0.410019 0.479575 0.371228 0.43991 0.361961 0.353225
threshold=0.99890000000000012 0.45000000000000007 0.57460000000000011 1.8275000000000003 0.99450000000000005 0.0039500000000000013 0.0092500000000000013 0.99850000000000005 0.99150000000000016 1.0000000180025095e-35 1.2249500000000002 0.061800000000000008 0.87500000000000011 0.0074500000000000009 0.60720000000000007 0.0034500000000000004 0.55000000000000016 0.99450000000000005 0.99150000000000016 0.65480000000000016 0.0111 0.49955000000000005 0.0078500000000000011 0.83460000000000012 0.81860000000000011 0.013950000000000002 0.49930000000000008 0.75000000000000011 0.23380000000000004 0.7924500000000001
decision_type=2 2 2 2 2 2 2 2 2 2 2 2 2 2 2 2 2 2 2 2 2 2 2 2 2 2 2 2 2 2
left_child=17 2 13 14 -5 16 7 -7 10 11 -8 -10 -9 -2 -3 -16 -4 18 26 20 -20 -21 -23 -22 29 -26 28 -28 -1 -24
right_child=1 3 5 4 -6 6 8 12 9 -11 -12 -13 -14 -15 15 -17 -18 -19 19 21 23 22 24 -25 25 -27 27 -29 -30 -31
leaf_value=-0.033878696178177722 -0.013175122762227365 0.0080082230295868539 -0.06747936748471467 0.0080478531138172445 -0.093305017080273112 0.09923509173625536 0.010228957390718933 0.028269841037135025 -0.042295188578846427 0.054023108527389001 -0.064942266369427501 0.033376073148677542 -0.048593083954910153 -0.082363015151663471 -0.064653688556105163 -0.012826245194707925 0.0067801718345643471 0.0020061112012635203 -0.024427336470275132 0.045922185171119068 0.045012735540787455 -0.065858459850518344 -0.016183917333143772 -0.017075521791200123 0.0090352606397248337 -0.05860406073193717 -0.013730041064915398 0.079155116122455932 -0.00023807900577763421 0.029834941811192575
leaf_weight=3.2490075431996948 1.1070913299918204 6.0027569199446651 1.104532887693497 1.1048135990276926 1.6693369834683833 2.9194328133016851 2.0770192425698024 1.4138349108397963 2.1954103857278828 3.5729606011882424 3.0987851824611425 1.6931567676365373 1.2848375141620634 1.6576364710927007 1.0790920867584635 11.202292801812289 0.63478332036174823 367.37637239333708 2.7767262593843061 0.85842231987044471 4.2638612445443869 2.6314601069316295 10.506166155915709 1.4274076828733084 1.4020969681441773 4.1533644441515207 0.8596024150028817 1.2532874532043934 205.37631946895272 1.9827062394469965
leaf_count=161 51 106 38 18 36 47 40 17 52 73 35 28 25 37 24 236 28 7727 75 33 77 61 180 31 16 96 23 26 3696 48
internal_value=-1.53198e-10 -0.00661061 0.000992258 -0.0148277 -0.0529409 0.00868714 0.0133619 0.0475685 -0.00184519 0.0209981 -0.0347765 -0.00934647 -0.00832459 -0.0546578 -0.00904495 -0.01738 -0.0403775 0.000476326 -0.00185817 -0.0125247 0.0117768 -0.022081 -0.0249043 0.0294406 -0.0189319 -0.0415331 -0.000339598 0.041366 -0.000761978 -0.00887806
internal_weight=651.935 43.8178 22.7595 21.0583 2.77415 19.9948 18.2554 5.61811 12.6373 7.46153 5.1758 3.88857 2.69867 2.76473 18.2841 12.2814 1.73932 608.117 240.74 30.0022 8.468 21.5342 20.6758 5.69127 18.0443 5.55546 210.738 2.11289 208.625 12.4889
internal_count=13141 891 471 420 54 383 317 89 228 153 75 80 42 88 366 260 66 12250 4523 617 183 434 401 108 340 112 3906 49 3857 228
is_linear=0
shrinkage=0.1


Tree=96
num_leaves=31
num_cat=0
split_feature=10 12 5 2 3 11 2 5 9 5 4 5 1 8 0 7 4 1 5 4 0 9 4 5 8 0 7 5 0 0
split_gain=0.166763 0.259247 0.25409 0.319457 0.36299 0.24128 0.255381 0.317696 0.226868 0.203923 0.177269 0.316063 0.468123 0.402088 0.382518 0.243873 0.2284 0.252105 0.164383 0.153634 0.386571 0.187626 0.170735 0.401185 0.67288 0.410154 0.453367 0.350001 1.25836 0.741907
threshold=1.0000000180025095e-35 0.084800000000000014 1.4531000000000003 0.55000000000000016 0.75000000000000011 0.23220000000000005 0.075000000000000025 0.63705000000000012 0.91675000000000006 1.0933500000000003 0.015900000000000004 2.8582500000000004 0.87500000000000011 0.99550000000000016 0.25000000000000006 0.75000000000000011 0.0054500000000000009 0.77500000000000002 1.0349000000000002 0.75180000000000013 0.45000000000000007 0.66945000000000021 0.0117 0.52770000000000017 0.99350000000000016 0.45000000000000007 0.75000000000000011 0.71925000000000006 0.35000000000000003 0.77500000000000002
decision_type=2 2 2 2 2 2 2 2 2 2 2 2 2 2 2 2 2 2 2 2 2 2 2 2 2 2 2 2 2 2
left_child=19 2 3 18 -5 6 -3 8 -8 -6 16 12 13 -12 -14 -15 17 -9 -2 22 21 -21 -1 24 25 -24 -27 28 -25 -29
right_child=1 5 -4 4 9 -7 7 10 -10 -11 11 -13 14 15 -16 -17 -18 -19 -20 20 -22 -23 23 27 -26 26 -28 29 -30 -31
leaf_value=0.0014776523078397408 0.037031825770696733 -0.019291900892054164 -0.053283315346628141 -0.081332257478235179 -0.029428684467219607 -0.025349810626103732 0.023873399038929183 0.040971049600701748 0.088932877509441857 0.041793598734074941 -0.02063268769203639 -0.0045493245091773318 0.032185784238404923 0.0050816600317710302 0.10969711171870329 0.061158343687377492 -0.04323905190819461 -0.018880438016765245 -0.0059521276024620878 0.086342577790004732 -0.0083358387348486176 0.023493579748690152 -0.045942549671934833 -0.034710281680398296 -0.046537510705192874 -0.016994769088269291 0.042729802401788586 -0.00036932336634029866 0.024332526092054482 -0.015457672713958743
leaf_weight=261.15940479352139 2.0415579164400728 1.7998896446079076 1.083082601893693 0.84872400015592586 1.0100032687187193 1.4855019748210896 1.0753069194033771 1.4296426922082899 1.0686514191329477 0.66781462449580442 1.9430825673043708 3.2439644085243344 1.3965240633115172 1.3561825724318624 1.1701623173430562 1.8113535102456808 1.0447873622179029 1.3861113041639326 1.5769064147025345 0.86762458924204011 2.3917617332190275 1.0496762301772831 1.426478041568769 4.6358274761587408 5.2837700601667166 2.394112876849249 2.7093338472768664 288.59300548094325 16.308103036135435 36.737088283756748
leaf_count=5035 52 33 34 20 32 36 29 22 23 23 34 30 31 38 18 35 38 23 44 21 50 22 118 231 207 60 61 5081 351 1309
internal_value=-4.11531e-10 0.0076298 -0.00862398 -0.000752589 -0.0280389 0.0134426 0.01652 0.0203282 0.0563022 -0.00108039 0.0151106 0.0216215 0.0326797 0.0151802 0.0675235 0.0371491 -0.00330836 0.011508 0.0182997 -0.000335745 0.0184811 0.0519343 -0.000466683 -0.00188472 -0.0200062 0.00146186 0.014712 -0.00126648 0.0112637 -0.00207314
internal_weight=650.995 27.4392 7.22809 6.14501 2.52654 20.2112 18.7257 16.9258 2.14396 1.67782 14.7818 10.9213 7.67731 5.11062 2.56669 3.16754 3.86054 2.81575 3.61846 623.556 4.30906 1.9173 619.247 358.088 11.8137 6.52992 5.10345 346.274 20.9439 325.33
internal_count=13141 595 205 171 75 390 354 321 52 55 269 186 156 107 49 73 83 45 96 12546 93 43 12453 7418 446 239 121 6972 582 6390
is_linear=0
shrinkage=0.1


Tree=97
num_leaves=31
num_cat=0
split_feature=7 5 5 9 4 0 1 5 4 4 9 9 9 2 9 0 4 12 4 2 2 4 1 9 8 4 0 5 5 12
split_gain=0.166411 0.281586 0.756086 0.810728 0.782049 0.801581 0.67768 0.60334 0.505493 0.456574 1.0974 0.433313 0.568613 0.371663 0.377637 0.928275 0.349759 0.315079 0.289043 0.272326 0.345815 0.243128 0.511107 0.384556 0.5425 0.323027 0.829649 0.954533 0.554461 0.749361
threshold=0.75000000000000011 0.66530000000000011 0.62645000000000006 0.85250000000000015 0.0095500000000000012 0.77500000000000002 0.35000000000000003 0.56905000000000017 0.011950000000000002 0.0058500000000000002 0.89970000000000006 0.44205000000000005 0.19765000000000002 0.55000000000000016 0.92140000000000011 0.25000000000000006 0.013950000000000002 0.016300000000000005 0.0010500000000000004 0.65000000000000002 0.75000000000000011 0.011500000000000002 0.77500000000000002 0.84325000000000017 0.99950000000000017 0.024700000000000003 0.12500000000000003 1.5081500000000003 2.0340500000000001 0.47000000000000003
decision_type=2 2 2 2 2 2 2 2 2 2 2 2 2 2 2 2 2 2 2 2 2 2 2 2 2 2 2 2 2 2
left_child=1 2 4 6 13 8 -4 16 -6 10 -3 12 -8 -1 15 -15 -7 -10 -17 -19 -21 22 23 -11 -25 26 27 -23 -28 -30
right_child=-2 9 3 -5 5 7 11 -9 17 21 -12 -13 -14 14 -16 18 -18 19 -20 20 -22 25 -24 24 -26 -27 28 -29 29 -31
leaf_value=0.0035577672470947785 0.0011497823680194786 -0.013704480914580772 0.087590912569804794 0.1225987434628581 -0.10578580026579061 0.018708308545645137 -0.039748540543574108 0.05923880602308617 0.032775394679664449 -0.011752030638294258 -0.12685356273143905 -0.049966695462951127 0.078583370320193441 -0.081160008601602218 0.083960848630463256 -0.037740708304187257 -0.034894368259830576 -0.066771864020344837 0.051028693544630625 0.063278513458839863 -0.046409468878508081 -0.1033149677078066 0.020227444305384767 0.070779898657310089 -0.019053168487983815 -0.0015113728484715118 0.00035357519383336929 0.0048446273664966705 -0.014592712445330891 -0.094232525138784218
leaf_weight=14.091490283608442 428.43058770080097 13.624083024915304 1.1245493125170463 0.99787296913564194 1.2271617827936987 2.0289527792483568 0.69977476680651329 1.4736151807010172 0.62577403383329544 15.118418285157537 0.91471195314079601 1.1955951582640407 0.96755776135250926 0.74656340549699862 1.1907179402187464 0.41299356659874353 3.0429613878950477 2.0801620210986589 3.2797891604714096 0.44305322295986094 0.8182675646385178 2.024789053946733 13.550801771227269 1.4521866953000417 1.2516618641093373 106.6178752433043 21.843965032603595 1.3666906449943779 5.3230676248203954 1.5185427046380935
leaf_count=391 7850 354 15 16 68 34 33 18 44 220 21 43 41 57 16 36 41 143 140 25 61 49 176 29 30 2460 522 28 129 51
internal_value=-1.58843e-10 -0.00222843 0.00580406 0.0419865 7.06444e-05 -0.0203639 0.0218131 0.00291363 -0.0496961 -0.00381428 -0.0208233 -0.00402421 0.0289198 0.012235 0.0339533 0.0205403 -0.0134513 -0.0323463 0.0411009 -0.0445419 -0.00788032 -0.00236021 0.00558962 -0.00553996 0.0291945 -0.00415848 -0.0129569 -0.0597291 -0.0074271 -0.0322693
internal_weight=649.484 221.054 36.4469 4.98535 31.4615 11.7399 3.98748 6.54553 5.19442 184.607 14.5388 2.86293 1.66733 19.7216 5.63006 4.43935 5.07191 3.96726 3.69278 3.34148 1.26132 170.068 31.3731 17.8223 2.70385 138.695 32.0771 3.39148 28.6856 6.84161
internal_count=13141 5291 1222 148 1074 434 132 93 341 4069 375 117 74 640 249 233 75 273 176 229 86 3694 455 279 59 3239 779 77 702 180
is_linear=0
shrinkage=0.1


Tree=98
num_leaves=31
num_cat=0
split_feature=8 5 5 3 4 5 1 1 12 8 4 5 8 4 2 1 8 12 12 5 12 9 5 0 2 9 9 9 7 5
split_gain=0.144295 0.489911 1.17191 0.806498 0.901379 0.619784 0.650172 0.540616 0.700731 0.480036 0.464231 0.56484 0.442989 1.08574 0.624585 0.585452 0.738126 0.545642 0.866784 0.583553 0.544291 0.466297 0.57006 0.424967 0.424881 0.60001 0.470464 0.411542 0.400499 0.396806
threshold=0.98150000000000015 1.4142000000000001 1.9075000000000004 0.75000000000000011 0.023850000000000007 1.296 0.77500000000000002 0.77500000000000002 0.80080000000000007 0.89750000000000008 0.04265 2.2767000000000004 0.97850000000000004 0.0092500000000000013 0.55000000000000016 0.35000000000000003 0.97350000000000014 0.13030000000000003 0.098300000000000012 0.56390000000000018 0.9991000000000001 0.34090000000000004 0.55750000000000011 0.87500000000000011 0.45000000000000007 0.95115000000000005 0.95115000000000005 0.18600000000000003 0.75000000000000011 0.53545000000000009
decision_type=2 2 2 2 2 2 2 2 2 2 2 2 2 2 2 2 2 2 2 2 2 2 2 2 2 2 2 2 2 2
left_child=1 5 3 -3 -5 12 -7 8 -4 28 11 -11 15 14 -14 16 27 18 23 21 -15 -19 -23 -17 26 -26 -22 -1 -9 -29
right_child=-2 2 7 4 -6 6 -8 9 -10 10 -12 -13 13 20 -16 17 -18 19 -20 -21 24 22 -24 -25 25 -27 -28 29 -30 -31
leaf_value=-0.03295170730515689 0.00071204406499190325 0.0040179588620813944 -0.0091643340088171429 0.077583490899414992 0.0055137119917436327 -0.002779593249058901 -0.11045600097138766 0.019926939567653908 -0.071328179429470173 0.049840676289522101 0.072912269677962549 -0.045547878378062449 0.037993543655062849 -0.087469147931322655 -0.031072690073340205 -0.0082065702001721808 0.088526507661433759 -0.10999743213553458 0.066981278633837293 -0.0063617520874518583 -0.019203754236773091 -0.018297204168768986 -0.11951209995864874 0.030958047959947374 -0.060590552822319066 0.020461961468228367 -0.09512935187306662 0.064705330544823345 -0.061237633491179971 0.0039805796503959859
leaf_weight=1.7170077757909874 527.99730760266539 7.0230254204943794 6.0335734980180842 4.7416055351495743 2.7372142197564244 1.0807149307802313 1.1655849516391752 1.1052530491724601 2.5924604278989136 1.2935950942337515 1.6156427012756465 1.1935236686840651 3.6653694706037632 2.0569042051210982 2.0370463337749243 11.694278991082685 1.4246972138062117 0.79050209652632375 2.2940429374575606 40.668198592960835 1.6818245118483903 5.5593629428185523 0.61835027299821366 3.6307369228452435 1.3955460498109458 2.6431629350408912 1.5854680445045231 1.604687502607703 1.3511657286435366 3.2666931664571166
leaf_count=41 10619 106 136 52 41 29 21 28 61 17 26 27 71 53 42 448 26 44 41 687 34 194 18 66 42 36 20 21 29 65
internal_value=-2.8573e-10 -0.00312602 0.00802252 0.0283537 0.0512063 -0.00677988 -0.0586519 -0.0113937 -0.027847 0.0102442 0.0311769 0.00406542 -0.00546079 -0.021078 0.0133213 -0.00224962 0.0232595 -0.00538203 0.00965367 -0.0109432 -0.0420286 -0.0376817 -0.0284282 0.00107214 -0.0292355 -0.00754514 -0.056047 0.00914591 -0.024718 0.023984
internal_weight=648.265 120.267 29.6871 14.5018 7.47882 90.5802 2.2463 15.1852 8.62603 6.55918 4.10276 2.48712 88.3339 15.0653 5.70242 73.2686 8.01309 65.2555 17.6191 47.6364 9.36291 6.96822 6.17771 15.325 7.306 4.03871 3.26729 6.58839 2.45642 4.87138
internal_count=13141 2522 523 199 93 1999 50 324 197 127 70 44 1949 298 113 1651 153 1498 555 943 185 256 212 514 132 78 54 127 57 86
is_linear=0
shrinkage=0.1


Tree=99
num_leaves=31
num_cat=0
split_feature=9 9 11 3 4 4 4 8 5 4 1 4 4 5 1 1 5 8 1 5 5 8 5 4 4 2 0 12 12 4
split_gain=0.15776 0.443693 0.258562 0.33195 0.394962 0.324528 0.22461 0.600417 0.539037 0.444363 0.551644 0.548863 0.427319 0.389605 0.501532 0.397409 0.3479 0.323808 0.366129 0.646703 0.364 0.332253 0.260969 0.253265 0.222966 0.496908 0.210944 0.17619 0.604293 0.748431
threshold=0.99890000000000012 0.99685000000000012 0.097300000000000011 0.75000000000000011 0.021850000000000005 0.021850000000000005 0.0098500000000000029 0.98950000000000016 1.2249500000000002 0.0058500000000000002 0.35000000000000003 0.0044500000000000008 0.0039500000000000013 0.67495000000000005 0.77500000000000002 0.77500000000000002 0.3867000000000001 0.99450000000000005 0.65000000000000002 2.3034500000000002 1.6606000000000003 0.99850000000000005 0.98995000000000011 0.025850000000000001 0.074100000000000013 0.55000000000000016 0.35000000000000003 0.51650000000000007 0.56390000000000007 0.0058500000000000002
decision_type=2 2 2 2 2 2 2 2 2 2 2 2 2 2 2 2 2 2 2 2 2 2 2 2 2 2 2 2 2 2
left_child=1 27 6 4 -4 -5 9 8 26 10 -2 12 16 14 -11 -15 -12 -9 20 21 23 24 -18 -19 25 -20 -8 -1 29 -29
right_child=2 -3 3 5 -6 -7 7 17 -10 13 11 -13 -14 15 -16 -17 22 18 19 -21 -22 -23 -24 -25 -26 -27 -28 28 -30 -31
leaf_value=-0.0019013360561926963 0.029717436373381402 0.049247525176462935 0.017628046710198002 0.0060064048172355517 -0.058647739687312329 0.068416638414679543 -0.059546343148462515 0.031038736976367207 -0.093352826277015563 0.022611559596891134 0.035230345919603404 -0.083399681482393281 0.031678494128694938 0.005267416186985046 -0.061153923549555712 0.061658700647858493 -0.065216094483843079 0.025906004988447747 0.015717423441890099 0.059431635361168522 -0.073878606721311399 -0.065215995395355233 -0.0058550255815842164 -0.029277562565468093 0.038892834907066617 -0.067469550734599662 -0.0038111258350067984 -0.01387700598899406 0.00083429923386317887 0.037868589170935642
leaf_weight=231.38740384567063 2.0390832228586095 1.8549133697524656 1.7408175868913525 1.8407914564013483 1.1128300800919531 1.5221355613321064 1.0223037630785285 1.987518093548714 1.6604654835537074 1.7141221095807844 0.64748392952606115 1.4823857778683303 1.4520471226423977 2.4911431684158742 1.2260062205605207 2.5077987369149923 2.1695404611527924 1.0830529714003185 1.9787147622555497 1.5923930685967205 1.4468869897536931 1.0003627259284256 1.124447029083967 3.583288487046957 1.046901114284992 1.1270820763893423 2.0224893966224045 3.9780723194126031 357.73750534234568 9.3998677735216898
leaf_count=5701 27 18 30 31 21 22 30 52 37 31 20 37 22 44 19 37 98 21 39 25 36 33 25 70 16 26 42 95 6275 161
internal_value=-2.43198e-10 0.000414689 -0.00588007 0.0129683 -0.012117 0.0342547 -0.0090986 -0.0163914 -0.0475195 -0.000638639 -0.0159616 -0.0295079 -0.0146959 0.0165679 -0.0123179 0.033557 -0.0317804 -0.00652584 -0.0123321 0.00373176 -0.0300572 -0.0134806 -0.0449524 -0.0164695 -0.00101777 -0.0144708 -0.0225245 0.000264349 0.00161464 0.0224815
internal_weight=646.98 604.358 42.6221 6.21657 2.85365 3.36293 36.4055 19.5515 4.70526 16.8541 8.91499 6.8759 5.39352 7.93907 2.94013 4.99894 3.94147 14.8462 12.8587 6.74545 6.11323 5.15306 3.29399 4.66634 4.1527 3.1058 3.04479 602.503 371.115 13.3779
internal_count=13141 12250 891 104 51 53 787 427 109 360 229 202 165 131 50 81 143 318 266 139 127 114 123 91 81 65 72 12232 6531 256
is_linear=0
shrinkage=0.1


end of trees

feature_importances:
price_median_ratio=685
price_norm=540
seller_feedback_norm=437
description_len_norm=330
price_sens=281
qual_pref=177
seller_rating_norm=164
brand_loyalty=133
cond_norm=93
brand_match=49
cond_aff=39
product_rating_norm=32
free_ship=31
product_review_norm=9

parameters:
[boosting: gbdt]
[objective: lambdarank]
[metric: ndcg]
[tree_learner: serial]
[device_type: cpu]
[data_sample_strategy: bagging]
[data: ]
[valid: ]
[num_iterations: 100]
[learning_rate: 0.1]
[num_leaves: 31]
[num_threads: 14]
[seed: 42]
[deterministic: 0]
[force_col_wise: 0]
[force_row_wise: 0]
[histogram_pool_size: -1]
[max_depth: -1]
[min_data_in_leaf: 20]
[min_sum_hessian_in_leaf: 0.001]
[bagging_fraction: 1]
[pos_bagging_fraction: 1]
[neg_bagging_fraction: 1]
[bagging_freq: 0]
[bagging_seed: 400]
[bagging_by_query: 0]
[feature_fraction: 1]
[feature_fraction_bynode: 1]
[feature_fraction_seed: 30056]
[extra_trees: 0]
[extra_seed: 12879]
[early_stopping_round: 0]
[early_stopping_min_delta: 0]
[first_metric_only: 0]
[max_delta_step: 0]
[lambda_l1: 0]
[lambda_l2: 0]
[linear_lambda: 0]
[min_gain_to_split: 0]
[drop_rate: 0.1]
[max_drop: 50]
[skip_drop: 0.5]
[xgboost_dart_mode: 0]
[uniform_drop: 0]
[drop_seed: 17869]
[top_rate: 0.2]
[other_rate: 0.1]
[min_data_per_group: 100]
[max_cat_threshold: 32]
[cat_l2: 10]
[cat_smooth: 10]
[max_cat_to_onehot: 4]
[top_k: 20]
[monotone_constraints: ]
[monotone_constraints_method: basic]
[monotone_penalty: 0]
[feature_contri: ]
[forcedsplits_filename: ]
[refit_decay_rate: 0.9]
[cegb_tradeoff: 1]
[cegb_penalty_split: 0]
[cegb_penalty_feature_lazy: ]
[cegb_penalty_feature_coupled: ]
[path_smooth: 0]
[interaction_constraints: ]
[verbosity: -1]
[saved_feature_importance_type: 0]
[use_quantized_grad: 0]
[num_grad_quant_bins: 4]
[quant_train_renew_leaf: 0]
[stochastic_rounding: 1]
[linear_tree: 0]
[max_bin: 255]
[max_bin_by_feature: ]
[min_data_in_bin: 3]
[bin_construct_sample_cnt: 200000]
[data_random_seed: 175]
[is_enable_sparse: 1]
[enable_bundle: 1]
[use_missing: 1]
[zero_as_missing: 0]
[feature_pre_filter: 1]
[pre_partition: 0]
[two_round: 0]
[header: 0]
[label_column: ]
[weight_column: ]
[group_column: ]
[ignore_column: ]
[categorical_feature: ]
[forcedbins_filename: ]
[precise_float_parser: 0]
[parser_config_file: ]
[objective_seed: 16083]
[num_class: 1]
[is_unbalance: 0]
[scale_pos_weight: 1]
[sigmoid: 1]
[boost_from_average: 1]
[reg_sqrt: 0]
[alpha: 0.9]
[fair_c: 1]
[poisson_max_delta_step: 0.7]
[tweedie_variance_power: 1.5]
[lambdarank_truncation_level: 30]
[lambdarank_norm: 1]
[label_gain: 0,1,2,3,4,5,6,7,8,9,10,11,12,13,14,15,16,17,18,19,20]
[lambdarank_position_bias_regularization: 0]
[eval_at: 5,10]
[multi_error_top_k: 1]
[auc_mu_weights: ]
[num_machines: 1]
[local_listen_port: 12400]
[time_out: 120]
[machine_list_filename: ]
[machines: ]
[gpu_platform_id: -1]
[gpu_device_id: -1]
[gpu_use_dp: 0]
[num_gpu: 1]

end of parameters

pandas_categorical:[]
